version,group,family,stage,size_label,profile,target,experiment_purpose,config,training_status,probe_complete,initial_psnr_db,peak_psnr_db,peak_progress,final_psnr_db,gain_from_initial_db,drop_from_peak_db,needs_attention,attention_reason,validation_basis,trajectory,scope_count,data_source,metrics_or_log_path,rmdsrn_final_total_loss,rmdsrn_final_member_loss,rmdsrn_final_variance_kl,rmdsrn_final_lambda,rmdsrn_final_lr,result_summary
exploration,exploration / APMGSRN / 网格/解码器分配,APMGSRN,reconstruction,Size163,balanced,GT,比较 decoder-heavy、balanced、grid-heavy 三种网格/解码器参数分配。,configs_exploration/APMGSRN/Size163/balanced/ionization__GT.yaml,ok,true,22.282858,27.979951,50,27.979951,5.697092999999999,0,false,,按 v3 阈值回溯计算（回落>1dB 或增益<0.1dB）,"5:22.282858,10:24.079034,15:24.791528,20:25.349005,25:25.854171,30:26.373101,35:26.855429,40:27.330914,45:27.682014,50:27.979951",100,batch exploration_summary.tsv,runs/exploration/explore-apmgsrn-size163-balanced-GT/20260803_170107_127681/metrics/exploration_psnr.tsv,,,,,,通过：最终 PSNR=27.980 dB，首探针增益=+5.697 dB，较峰值回落=0.000 dB。
exploration,exploration / APMGSRN / 网格/解码器分配,APMGSRN,reconstruction,Size163,balanced,H_plus,比较 decoder-heavy、balanced、grid-heavy 三种网格/解码器参数分配。,configs_exploration/APMGSRN/Size163/balanced/ionization__H_plus.yaml,ok,true,16.157851,22.630593,50,22.630593,6.472742,0,false,,按 v3 阈值回溯计算（回落>1dB 或增益<0.1dB）,"5:16.157851,10:18.336817,15:19.224189,20:19.926069,25:20.538063,30:21.009524,35:21.450952,40:21.871872,45:22.297803,50:22.630593",100,batch exploration_summary.tsv,runs/exploration/explore-apmgsrn-size163-balanced-H_plus/20260803_170107_202265/metrics/exploration_psnr.tsv,,,,,,通过：最终 PSNR=22.631 dB，首探针增益=+6.473 dB，较峰值回落=0.000 dB。
exploration,exploration / APMGSRN / 网格/解码器分配,APMGSRN,reconstruction,Size163,balanced,H2,比较 decoder-heavy、balanced、grid-heavy 三种网格/解码器参数分配。,configs_exploration/APMGSRN/Size163/balanced/ionization__H2.yaml,ok,true,31.38961,32.757927,50,32.757927,1.3683170000000011,0,false,,按 v3 阈值回溯计算（回落>1dB 或增益<0.1dB）,"5:31.38961,10:31.482911,15:31.5818,20:31.712642,25:31.864005,30:32.01915,35:32.191697,40:32.395379,45:32.592499,50:32.757927",100,batch exploration_summary.tsv,runs/exploration/explore-apmgsrn-size163-balanced-H2/20260803_170107_204826/metrics/exploration_psnr.tsv,,,,,,通过：最终 PSNR=32.758 dB，首探针增益=+1.368 dB，较峰值回落=0.000 dB。
exploration,exploration / APMGSRN / 网格/解码器分配,APMGSRN,reconstruction,Size163,balanced,He,比较 decoder-heavy、balanced、grid-heavy 三种网格/解码器参数分配。,configs_exploration/APMGSRN/Size163/balanced/ionization__He.yaml,ok,true,16.480092,21.82451,50,21.82451,5.344418000000001,0,false,,按 v3 阈值回溯计算（回落>1dB 或增益<0.1dB）,"5:16.480092,10:17.825577,15:18.534721,20:19.205978,25:19.69162,30:20.218581,35:20.692065,40:21.133024,45:21.50558,50:21.82451",100,batch exploration_summary.tsv,runs/exploration/explore-apmgsrn-size163-balanced-He/20260803_170107_056066/metrics/exploration_psnr.tsv,,,,,,通过：最终 PSNR=21.825 dB，首探针增益=+5.344 dB，较峰值回落=0.000 dB。
exploration,exploration / APMGSRN / 网格/解码器分配,APMGSRN,reconstruction,Size163,balanced,PD,比较 decoder-heavy、balanced、grid-heavy 三种网格/解码器参数分配。,configs_exploration/APMGSRN/Size163/balanced/ionization__PD.yaml,ok,true,25.889306,30.589014,50,30.589014,4.6997079999999976,0,false,,按 v3 阈值回溯计算（回落>1dB 或增益<0.1dB）,"5:25.889306,10:27.276571,15:28.14852,20:28.846786,25:29.311749,30:29.709372,35:29.95367,40:30.179511,45:30.396925,50:30.589014",100,batch exploration_summary.tsv,runs/exploration/explore-apmgsrn-size163-balanced-PD/20260803_170107_173654/metrics/exploration_psnr.tsv,,,,,,通过：最终 PSNR=30.589 dB，首探针增益=+4.700 dB，较峰值回落=0.000 dB。
exploration,exploration / APMGSRN / 网格/解码器分配,APMGSRN,reconstruction,Size163,decoder_heavy,GT,比较 decoder-heavy、balanced、grid-heavy 三种网格/解码器参数分配。,configs_exploration/APMGSRN/Size163/decoder_heavy/ionization__GT.yaml,ok,true,21.07697,24.198927,50,24.198927,3.121957000000002,0,false,,按 v3 阈值回溯计算（回落>1dB 或增益<0.1dB）,"5:21.07697,10:22.392942,15:22.849673,20:23.199739,25:23.427641,30:23.598565,35:23.771531,40:23.991097,45:24.089646,50:24.198927",100,batch exploration_summary.tsv,runs/exploration/explore-apmgsrn-size163-decoder_heavy-GT/20260803_170958_599172/metrics/exploration_psnr.tsv,,,,,,通过：最终 PSNR=24.199 dB，首探针增益=+3.122 dB，较峰值回落=0.000 dB。
exploration,exploration / APMGSRN / 网格/解码器分配,APMGSRN,reconstruction,Size163,decoder_heavy,H_plus,比较 decoder-heavy、balanced、grid-heavy 三种网格/解码器参数分配。,configs_exploration/APMGSRN/Size163/decoder_heavy/ionization__H_plus.yaml,ok,true,14.861587,18.94446,50,18.94446,4.082872999999999,0,false,,按 v3 阈值回溯计算（回落>1dB 或增益<0.1dB）,"5:14.861587,10:16.203072,15:16.943379,20:17.487344,25:17.841303,30:18.098798,35:18.300272,40:18.679615,45:18.833761,50:18.94446",100,batch exploration_summary.tsv,runs/exploration/explore-apmgsrn-size163-decoder_heavy-H_plus/20260803_170958_299546/metrics/exploration_psnr.tsv,,,,,,通过：最终 PSNR=18.944 dB，首探针增益=+4.083 dB，较峰值回落=0.000 dB。
exploration,exploration / APMGSRN / 网格/解码器分配,APMGSRN,reconstruction,Size163,decoder_heavy,H2,比较 decoder-heavy、balanced、grid-heavy 三种网格/解码器参数分配。,configs_exploration/APMGSRN/Size163/decoder_heavy/ionization__H2.yaml,ok,true,31.078053,31.430479,30,31.366054,0.28800099999999773,0.06442499999999995,false,,按 v3 阈值回溯计算（回落>1dB 或增益<0.1dB）,"5:31.078053,10:31.29154,15:31.361801,20:31.365484,25:31.379,30:31.430479,35:31.364314,40:31.135061,45:31.280028,50:31.366054",100,batch exploration_summary.tsv,runs/exploration/explore-apmgsrn-size163-decoder_heavy-H2/20260803_170958_268283/metrics/exploration_psnr.tsv,,,,,,通过：最终 PSNR=31.366 dB，首探针增益=+0.288 dB，较峰值回落=0.064 dB。
exploration,exploration / APMGSRN / 网格/解码器分配,APMGSRN,reconstruction,Size163,decoder_heavy,He,比较 decoder-heavy、balanced、grid-heavy 三种网格/解码器参数分配。,configs_exploration/APMGSRN/Size163/decoder_heavy/ionization__He.yaml,ok,true,14.925145,18.966118,50,18.966118,4.040973000000001,0,false,,按 v3 阈值回溯计算（回落>1dB 或增益<0.1dB）,"5:14.925145,10:15.870917,15:16.464963,20:17.072879,25:17.571345,30:17.903056,35:18.255728,40:18.656947,45:18.821219,50:18.966118",100,batch exploration_summary.tsv,runs/exploration/explore-apmgsrn-size163-decoder_heavy-He/20260803_170958_418323/metrics/exploration_psnr.tsv,,,,,,通过：最终 PSNR=18.966 dB，首探针增益=+4.041 dB，较峰值回落=0.000 dB。
exploration,exploration / APMGSRN / 网格/解码器分配,APMGSRN,reconstruction,Size163,decoder_heavy,PD,比较 decoder-heavy、balanced、grid-heavy 三种网格/解码器参数分配。,configs_exploration/APMGSRN/Size163/decoder_heavy/ionization__PD.yaml,ok,true,24.351667,26.516125,50,26.516125,2.1644579999999998,0,false,,按 v3 阈值回溯计算（回落>1dB 或增益<0.1dB）,"5:24.351667,10:25.041697,15:25.333148,20:25.441438,25:25.717642,30:25.860315,35:26.042767,40:26.196431,45:26.33667,50:26.516125",100,batch exploration_summary.tsv,runs/exploration/explore-apmgsrn-size163-decoder_heavy-PD/20260803_170957_884716/metrics/exploration_psnr.tsv,,,,,,通过：最终 PSNR=26.516 dB，首探针增益=+2.164 dB，较峰值回落=0.000 dB。
exploration,exploration / APMGSRN / 网格/解码器分配,APMGSRN,reconstruction,Size163,grid_heavy,GT,比较 decoder-heavy、balanced、grid-heavy 三种网格/解码器参数分配。,configs_exploration/APMGSRN/Size163/grid_heavy/ionization__GT.yaml,ok,true,23.58302,26.879888,50,26.879888,3.296868,0,false,,按 v3 阈值回溯计算（回落>1dB 或增益<0.1dB）,"5:23.58302,10:24.975873,15:25.437551,20:25.768372,25:26.0401,30:26.284232,35:26.462484,40:26.503944,45:26.741169,50:26.879888",100,batch exploration_summary.tsv,runs/exploration/explore-apmgsrn-size163-grid_heavy-GT/20260803_171758_316243/metrics/exploration_psnr.tsv,,,,,,通过：最终 PSNR=26.880 dB，首探针增益=+3.297 dB，较峰值回落=0.000 dB。
exploration,exploration / APMGSRN / 网格/解码器分配,APMGSRN,reconstruction,Size163,grid_heavy,H_plus,比较 decoder-heavy、balanced、grid-heavy 三种网格/解码器参数分配。,configs_exploration/APMGSRN/Size163/grid_heavy/ionization__H_plus.yaml,ok,true,16.978035,21.738972,50,21.738972,4.760937000000002,0,false,,按 v3 阈值回溯计算（回落>1dB 或增益<0.1dB）,"5:16.978035,10:18.223605,15:18.968753,20:19.625932,25:20.177631,30:20.632707,35:20.954532,40:21.087299,45:21.466332,50:21.738972",100,batch exploration_summary.tsv,runs/exploration/explore-apmgsrn-size163-grid_heavy-H_plus/20260803_171758_013086/metrics/exploration_psnr.tsv,,,,,,通过：最终 PSNR=21.739 dB，首探针增益=+4.761 dB，较峰值回落=0.000 dB。
exploration,exploration / APMGSRN / 网格/解码器分配,APMGSRN,reconstruction,Size163,grid_heavy,H2,比较 decoder-heavy、balanced、grid-heavy 三种网格/解码器参数分配。,configs_exploration/APMGSRN/Size163/grid_heavy/ionization__H2.yaml,ok,true,30.865089,31.664405,20,31.327567,0.4624779999999973,0.3368380000000002,false,,按 v3 阈值回溯计算（回落>1dB 或增益<0.1dB）,"5:30.865089,10:31.56901,15:31.627876,20:31.664405,25:31.606594,30:31.560436,35:31.489941,40:31.396132,45:31.432934,50:31.327567",100,batch exploration_summary.tsv,runs/exploration/explore-apmgsrn-size163-grid_heavy-H2/20260803_171758_230167/metrics/exploration_psnr.tsv,,,,,,通过：最终 PSNR=31.328 dB，首探针增益=+0.462 dB，较峰值回落=0.337 dB。
exploration,exploration / APMGSRN / 网格/解码器分配,APMGSRN,reconstruction,Size163,grid_heavy,He,比较 decoder-heavy、balanced、grid-heavy 三种网格/解码器参数分配。,configs_exploration/APMGSRN/Size163/grid_heavy/ionization__He.yaml,ok,true,16.731621,21.175314,50,21.175314,4.443693,0,false,,按 v3 阈值回溯计算（回落>1dB 或增益<0.1dB）,"5:16.731621,10:17.889134,15:18.600453,20:19.209428,25:19.735424,30:20.178415,35:20.466684,40:20.493035,45:20.868174,50:21.175314",100,batch exploration_summary.tsv,runs/exploration/explore-apmgsrn-size163-grid_heavy-He/20260803_171757_738083/metrics/exploration_psnr.tsv,,,,,,通过：最终 PSNR=21.175 dB，首探针增益=+4.444 dB，较峰值回落=0.000 dB。
exploration,exploration / APMGSRN / 网格/解码器分配,APMGSRN,reconstruction,Size163,grid_heavy,PD,比较 decoder-heavy、balanced、grid-heavy 三种网格/解码器参数分配。,configs_exploration/APMGSRN/Size163/grid_heavy/ionization__PD.yaml,ok,true,25.380572,27.955064,50,27.955064,2.5744919999999993,0,false,,按 v3 阈值回溯计算（回落>1dB 或增益<0.1dB）,"5:25.380572,10:26.308995,15:26.758478,20:27.102144,25:27.312738,30:27.49585,35:27.54615,40:27.496997,45:27.777103,50:27.955064",100,batch exploration_summary.tsv,runs/exploration/explore-apmgsrn-size163-grid_heavy-PD/20260803_171758_171618/metrics/exploration_psnr.tsv,,,,,,通过：最终 PSNR=27.955 dB，首探针增益=+2.574 dB，较峰值回落=0.000 dB。
exploration,exploration / CoordNet / 残差深度扫描,CoordNet,reconstruction,Size163,res10,GT,在 Size163 单变量预算下比较 5/10/15 个残差块的深度—宽度折中。,configs_exploration/CoordNet/Size163/res10/ionization__GT.yaml,ok,true,33.952976,41.115381,30,39.885024,5.932048000000002,1.230356999999998,true,collapse=1.2304dB,按 v3 阈值回溯计算（回落>1dB 或增益<0.1dB）,"5:33.952976,10:37.70859,15:37.986222,20:39.308912,25:39.784264,30:41.115381,35:39.416315,40:40.57686,45:35.09404,50:39.885024",1,batch exploration_summary.tsv,runs/exploration/explore-coordnet-size163-res10-GT/20260803_055517_037364/metrics/exploration_psnr.tsv,,,,,,需关注：最终 PSNR=39.885 dB，首探针增益=+5.932 dB，较峰值回落=1.230 dB；collapse=1.2304dB。
exploration,exploration / CoordNet / 残差深度扫描,CoordNet,reconstruction,Size163,res10,H_plus,在 Size163 单变量预算下比较 5/10/15 个残差块的深度—宽度折中。,configs_exploration/CoordNet/Size163/res10/ionization__H_plus.yaml,ok,true,28.939275,32.799628,10,30.509018,1.5697430000000026,2.2906099999999974,true,collapse=2.2906dB,按 v3 阈值回溯计算（回落>1dB 或增益<0.1dB）,"5:28.939275,10:32.799628,15:32.645811,20:32.304847,25:23.571353,30:29.337499,35:29.56172,40:30.178073,45:30.140854,50:30.509018",1,batch exploration_summary.tsv,runs/exploration/explore-coordnet-size163-res10-H_plus/20260803_055517_874353/metrics/exploration_psnr.tsv,,,,,,需关注：最终 PSNR=30.509 dB，首探针增益=+1.570 dB，较峰值回落=2.291 dB；collapse=2.2906dB。
exploration,exploration / CoordNet / 残差深度扫描,CoordNet,reconstruction,Size163,res10,H2,在 Size163 单变量预算下比较 5/10/15 个残差块的深度—宽度折中。,configs_exploration/CoordNet/Size163/res10/ionization__H2.yaml,ok,true,36.415775,39.672924,50,39.672924,3.2571490000000054,0,false,,按 v3 阈值回溯计算（回落>1dB 或增益<0.1dB）,"5:36.415775,10:36.998476,15:38.8369,20:38.471743,25:37.112991,30:37.664923,35:38.731426,40:38.483797,45:39.4263,50:39.672924",1,batch exploration_summary.tsv,runs/exploration/explore-coordnet-size163-res10-H2/20260803_055517_547178/metrics/exploration_psnr.tsv,,,,,,通过：最终 PSNR=39.673 dB，首探针增益=+3.257 dB，较峰值回落=0.000 dB。
exploration,exploration / CoordNet / 残差深度扫描,CoordNet,reconstruction,Size163,res10,He,在 Size163 单变量预算下比较 5/10/15 个残差块的深度—宽度折中。,configs_exploration/CoordNet/Size163/res10/ionization__He.yaml,ok,true,28.382395,32.372492,20,29.577606,1.1952110000000005,2.7948860000000018,true,collapse=2.7949dB,按 v3 阈值回溯计算（回落>1dB 或增益<0.1dB）,"5:28.382395,10:30.476148,15:31.631415,20:32.372492,25:31.619337,30:28.721984,35:27.681471,40:27.531748,45:27.897861,50:29.577606",1,batch exploration_summary.tsv,runs/exploration/explore-coordnet-size163-res10-He/20260803_055517_649603/metrics/exploration_psnr.tsv,,,,,,需关注：最终 PSNR=29.578 dB，首探针增益=+1.195 dB，较峰值回落=2.795 dB；collapse=2.7949dB。
exploration,exploration / CoordNet / 残差深度扫描,CoordNet,reconstruction,Size163,res10,PD,在 Size163 单变量预算下比较 5/10/15 个残差块的深度—宽度折中。,configs_exploration/CoordNet/Size163/res10/ionization__PD.yaml,ok,true,35.38147,41.048632,45,39.290192,3.9087219999999974,1.7584400000000002,true,collapse=1.7584dB,按 v3 阈值回溯计算（回落>1dB 或增益<0.1dB）,"5:35.38147,10:37.430968,15:36.271636,20:39.385827,25:39.814938,30:39.869144,35:37.303262,40:38.681049,45:41.048632,50:39.290192",1,batch exploration_summary.tsv,runs/exploration/explore-coordnet-size163-res10-PD/20260803_055517_816117/metrics/exploration_psnr.tsv,,,,,,需关注：最终 PSNR=39.290 dB，首探针增益=+3.909 dB，较峰值回落=1.758 dB；collapse=1.7584dB。
exploration,exploration / CoordNet / 残差深度扫描,CoordNet,reconstruction,Size163,res15,GT,在 Size163 单变量预算下比较 5/10/15 个残差块的深度—宽度折中。,configs_exploration/CoordNet/Size163/res15/ionization__GT.yaml,ok,true,31.678181,40.327236,50,40.327236,8.649055,0,false,,按 v3 阈值回溯计算（回落>1dB 或增益<0.1dB）,"5:31.678181,10:35.736536,15:36.483252,20:38.065035,25:37.913818,30:38.829211,35:37.9129,40:39.785428,45:39.673836,50:40.327236",1,batch exploration_summary.tsv,runs/exploration/explore-coordnet-size163-res15-GT/20260803_064607_213090/metrics/exploration_psnr.tsv,,,,,,通过：最终 PSNR=40.327 dB，首探针增益=+8.649 dB，较峰值回落=0.000 dB。
exploration,exploration / CoordNet / 残差深度扫描,CoordNet,reconstruction,Size163,res15,H_plus,在 Size163 单变量预算下比较 5/10/15 个残差块的深度—宽度折中。,configs_exploration/CoordNet/Size163/res15/ionization__H_plus.yaml,ok,true,28.345952,29.962821,15,27.345802,-1.0001500000000014,2.6170190000000026,true,"collapse=2.6170dB,gain=-1.0002dB",按 v3 阈值回溯计算（回落>1dB 或增益<0.1dB）,"5:28.345952,10:28.511886,15:29.962821,20:29.63483,25:14.576049,30:27.788738,35:28.393861,40:28.261057,45:27.837247,50:27.345802",1,batch exploration_summary.tsv,runs/exploration/explore-coordnet-size163-res15-H_plus/20260803_064607_135126/metrics/exploration_psnr.tsv,,,,,,"需关注：最终 PSNR=27.346 dB，首探针增益=-1.000 dB，较峰值回落=2.617 dB；collapse=2.6170dB,gain=-1.0002dB。"
exploration,exploration / CoordNet / 残差深度扫描,CoordNet,reconstruction,Size163,res15,H2,在 Size163 单变量预算下比较 5/10/15 个残差块的深度—宽度折中。,configs_exploration/CoordNet/Size163/res15/ionization__H2.yaml,ok,true,36.081411,39.000788,40,38.933733,2.852321999999994,0.06705500000000342,false,,按 v3 阈值回溯计算（回落>1dB 或增益<0.1dB）,"5:36.081411,10:37.488172,15:37.818071,20:37.558155,25:37.996074,30:38.491018,35:38.942682,40:39.000788,45:38.720677,50:38.933733",1,batch exploration_summary.tsv,runs/exploration/explore-coordnet-size163-res15-H2/20260803_064607_227193/metrics/exploration_psnr.tsv,,,,,,通过：最终 PSNR=38.934 dB，首探针增益=+2.852 dB，较峰值回落=0.067 dB。
exploration,exploration / CoordNet / 残差深度扫描,CoordNet,reconstruction,Size163,res15,He,在 Size163 单变量预算下比较 5/10/15 个残差块的深度—宽度折中。,configs_exploration/CoordNet/Size163/res15/ionization__He.yaml,ok,true,26.217484,27.547177,45,12.71103,-13.506454,14.836147000000002,true,"collapse=14.8361dB,gain=-13.5065dB",按 v3 阈值回溯计算（回落>1dB 或增益<0.1dB）,"5:26.217484,10:19.46807,15:25.62736,20:26.052674,25:25.995678,30:21.512837,35:19.250856,40:22.561618,45:27.547177,50:12.71103",1,batch exploration_summary.tsv,runs/exploration/explore-coordnet-size163-res15-He/20260803_064606_969953/metrics/exploration_psnr.tsv,,,,,,"需关注：最终 PSNR=12.711 dB，首探针增益=-13.506 dB，较峰值回落=14.836 dB；collapse=14.8361dB,gain=-13.5065dB。"
exploration,exploration / CoordNet / 残差深度扫描,CoordNet,reconstruction,Size163,res15,PD,在 Size163 单变量预算下比较 5/10/15 个残差块的深度—宽度折中。,configs_exploration/CoordNet/Size163/res15/ionization__PD.yaml,ok,true,35.677012,39.782604,30,35.857867,0.1808550000000011,3.9247370000000004,true,collapse=3.9247dB,按 v3 阈值回溯计算（回落>1dB 或增益<0.1dB）,"5:35.677012,10:37.550126,15:37.895032,20:38.746845,25:39.322529,30:39.782604,35:36.19309,40:38.661379,45:38.840644,50:35.857867",1,batch exploration_summary.tsv,runs/exploration/explore-coordnet-size163-res15-PD/20260803_064606_519275/metrics/exploration_psnr.tsv,,,,,,需关注：最终 PSNR=35.858 dB，首探针增益=+0.181 dB，较峰值回落=3.925 dB；collapse=3.9247dB。
exploration,exploration / CoordNet / 残差深度扫描,CoordNet,reconstruction,Size163,res5,GT,在 Size163 单变量预算下比较 5/10/15 个残差块的深度—宽度折中。,configs_exploration/CoordNet/Size163/res5/ionization__GT.yaml,ok,true,36.510037,42.301655,50,42.301655,5.791618,0,false,,按 v3 阈值回溯计算（回落>1dB 或增益<0.1dB）,"5:36.510037,10:39.025201,15:39.14683,20:39.444017,25:40.554383,30:40.880009,35:40.586477,40:41.582399,45:42.266619,50:42.301655",1,batch exploration_summary.tsv,runs/exploration/explore-coordnet-size163-res5-GT/20260803_075138_837368/metrics/exploration_psnr.tsv,,,,,,通过：最终 PSNR=42.302 dB，首探针增益=+5.792 dB，较峰值回落=0.000 dB。
exploration,exploration / CoordNet / 残差深度扫描,CoordNet,reconstruction,Size163,res5,H_plus,在 Size163 单变量预算下比较 5/10/15 个残差块的深度—宽度折中。,configs_exploration/CoordNet/Size163/res5/ionization__H_plus.yaml,ok,true,29.529323,37.35376,45,36.811176,7.281853000000002,0.542583999999998,false,,按 v3 阈值回溯计算（回落>1dB 或增益<0.1dB）,"5:29.529323,10:32.38499,15:31.069928,20:34.869423,25:34.800149,30:35.302182,35:35.080102,40:36.335894,45:37.35376,50:36.811176",1,batch exploration_summary.tsv,runs/exploration/explore-coordnet-size163-res5-H_plus/20260803_075139_221535/metrics/exploration_psnr.tsv,,,,,,通过：最终 PSNR=36.811 dB，首探针增益=+7.282 dB，较峰值回落=0.543 dB。
exploration,exploration / CoordNet / 残差深度扫描,CoordNet,reconstruction,Size163,res5,H2,在 Size163 单变量预算下比较 5/10/15 个残差块的深度—宽度折中。,configs_exploration/CoordNet/Size163/res5/ionization__H2.yaml,ok,true,37.099375,41.928556,50,41.928556,4.829180999999998,0,false,,按 v3 阈值回溯计算（回落>1dB 或增益<0.1dB）,"5:37.099375,10:38.599185,15:39.005193,20:39.105839,25:40.638269,30:40.620094,35:40.841166,40:40.796167,45:41.476988,50:41.928556",1,batch exploration_summary.tsv,runs/exploration/explore-coordnet-size163-res5-H2/20260803_075139_295314/metrics/exploration_psnr.tsv,,,,,,通过：最终 PSNR=41.929 dB，首探针增益=+4.829 dB，较峰值回落=0.000 dB。
exploration,exploration / CoordNet / 残差深度扫描,CoordNet,reconstruction,Size163,res5,He,在 Size163 单变量预算下比较 5/10/15 个残差块的深度—宽度折中。,configs_exploration/CoordNet/Size163/res5/ionization__He.yaml,ok,true,27.334388,34.327847,50,34.327847,6.993458999999998,0,false,,按 v3 阈值回溯计算（回落>1dB 或增益<0.1dB）,"5:27.334388,10:30.260114,15:31.855947,20:32.111729,25:32.190708,30:32.378176,35:33.00985,40:33.26927,45:32.872809,50:34.327847",1,batch exploration_summary.tsv,runs/exploration/explore-coordnet-size163-res5-He/20260803_075138_810008/metrics/exploration_psnr.tsv,,,,,,通过：最终 PSNR=34.328 dB，首探针增益=+6.993 dB，较峰值回落=0.000 dB。
exploration,exploration / CoordNet / 残差深度扫描,CoordNet,reconstruction,Size163,res5,PD,在 Size163 单变量预算下比较 5/10/15 个残差块的深度—宽度折中。,configs_exploration/CoordNet/Size163/res5/ionization__PD.yaml,ok,true,36.713624,43.734297,50,43.734297,7.020672999999995,0,false,,按 v3 阈值回溯计算（回落>1dB 或增益<0.1dB）,"5:36.713624,10:38.368289,15:41.327389,20:42.303501,25:41.046322,30:42.134216,35:42.790105,40:41.663831,45:43.313159,50:43.734297",1,batch exploration_summary.tsv,runs/exploration/explore-coordnet-size163-res5-PD/20260803_075138_834051/metrics/exploration_psnr.tsv,,,,,,通过：最终 PSNR=43.734 dB，首探针增益=+7.021 dB，较峰值回落=0.000 dB。
exploration,exploration / fV-SRN / 网格/解码器分配,fV-SRN,reconstruction,Size163,balanced,GT,比较 decoder-heavy、balanced、grid-heavy 三种网格/解码器参数分配。,configs_exploration/fV-SRN/Size163/balanced/ionization__GT.yaml,ok,true,19.363403,22.549327,25,21.19015,1.8267469999999975,1.3591770000000025,true,collapse=1.3592dB,按 v3 阈值回溯计算（回落>1dB 或增益<0.1dB）,"5:19.363403,10:22.346191,15:20.11213,20:19.579228,25:22.549327,30:12.260489,35:17.523115,40:16.787578,45:20.278213,50:21.19015",1,batch exploration_summary.tsv,runs/exploration/explore-fv_srn-size163-balanced-GT/20260803_182207_720659/metrics/exploration_psnr.tsv,,,,,,需关注：最终 PSNR=21.190 dB，首探针增益=+1.827 dB，较峰值回落=1.359 dB；collapse=1.3592dB。
exploration,exploration / fV-SRN / 网格/解码器分配,fV-SRN,reconstruction,Size163,balanced,H_plus,比较 decoder-heavy、balanced、grid-heavy 三种网格/解码器参数分配。,configs_exploration/fV-SRN/Size163/balanced/ionization__H_plus.yaml,ok,true,19.025582,21.463054,45,4.109718,-14.915864,17.353336,true,"collapse=17.3533dB,gain=-14.9159dB",按 v3 阈值回溯计算（回落>1dB 或增益<0.1dB）,"5:19.025582,10:16.773755,15:18.368558,20:12.80899,25:21.007934,30:12.360435,35:19.061723,40:4.1535881,45:21.463054,50:4.109718",1,batch exploration_summary.tsv,runs/exploration/explore-fv_srn-size163-balanced-H_plus/20260803_182207_721905/metrics/exploration_psnr.tsv,,,,,,"需关注：最终 PSNR=4.110 dB，首探针增益=-14.916 dB，较峰值回落=17.353 dB；collapse=17.3533dB,gain=-14.9159dB。"
exploration,exploration / fV-SRN / 网格/解码器分配,fV-SRN,reconstruction,Size163,balanced,H2,比较 decoder-heavy、balanced、grid-heavy 三种网格/解码器参数分配。,configs_exploration/fV-SRN/Size163/balanced/ionization__H2.yaml,ok,true,29.989237,32.169119,10,26.186952,-3.8022849999999977,5.9821670000000005,true,"collapse=5.9822dB,gain=-3.8023dB",按 v3 阈值回溯计算（回落>1dB 或增益<0.1dB）,"5:29.989237,10:32.169119,15:29.600326,20:-1.7827914,25:32.02363,30:31.008605,35:30.0495,40:29.190736,45:27.59252,50:26.186952",1,batch exploration_summary.tsv,runs/exploration/explore-fv_srn-size163-balanced-H2/20260803_182207_785966/metrics/exploration_psnr.tsv,,,,,,"需关注：最终 PSNR=26.187 dB，首探针增益=-3.802 dB，较峰值回落=5.982 dB；collapse=5.9822dB,gain=-3.8023dB。"
exploration,exploration / fV-SRN / 网格/解码器分配,fV-SRN,reconstruction,Size163,balanced,He,比较 decoder-heavy、balanced、grid-heavy 三种网格/解码器参数分配。,configs_exploration/fV-SRN/Size163/balanced/ionization__He.yaml,ok,true,16.976178,20.111615,10,14.86039,-2.1157880000000002,5.251225,true,"collapse=5.2512dB,gain=-2.1158dB",按 v3 阈值回溯计算（回落>1dB 或增益<0.1dB）,"5:16.976178,10:20.111615,15:2.5728542,20:7.3920132,25:13.506617,30:19.221094,35:13.438677,40:15.689584,45:15.768481,50:14.86039",1,batch exploration_summary.tsv,runs/exploration/explore-fv_srn-size163-balanced-He/20260803_182207_758592/metrics/exploration_psnr.tsv,,,,,,"需关注：最终 PSNR=14.860 dB，首探针增益=-2.116 dB，较峰值回落=5.251 dB；collapse=5.2512dB,gain=-2.1158dB。"
exploration,exploration / fV-SRN / 网格/解码器分配,fV-SRN,reconstruction,Size163,balanced,PD,比较 decoder-heavy、balanced、grid-heavy 三种网格/解码器参数分配。,configs_exploration/fV-SRN/Size163/balanced/ionization__PD.yaml,ok,true,-4.2017306,30.60098,20,28.106336,32.3080666,2.494644000000001,true,collapse=2.4946dB,按 v3 阈值回溯计算（回落>1dB 或增益<0.1dB）,"5:-4.2017306,10:28.441295,15:27.905953,20:30.60098,25:19.796521,30:28.369061,35:26.732731,40:27.683795,45:29.226272,50:28.106336",1,batch exploration_summary.tsv,runs/exploration/explore-fv_srn-size163-balanced-PD/20260803_182207_741787/metrics/exploration_psnr.tsv,,,,,,需关注：最终 PSNR=28.106 dB，首探针增益=+32.308 dB，较峰值回落=2.495 dB；collapse=2.4946dB。
exploration,exploration / fV-SRN / 网格/解码器分配,fV-SRN,reconstruction,Size163,decoder_heavy,GT,比较 decoder-heavy、balanced、grid-heavy 三种网格/解码器参数分配。,configs_exploration/fV-SRN/Size163/decoder_heavy/ionization__GT.yaml,ok,true,21.091864,23.644981,30,22.960336,1.8684720000000006,0.6846449999999997,false,,按 v3 阈值回溯计算（回落>1dB 或增益<0.1dB）,"5:21.091864,10:22.465789,15:22.87346,20:22.149548,25:22.872147,30:23.644981,35:21.891568,40:23.09337,45:23.181151,50:22.960336",1,batch exploration_summary.tsv,runs/exploration/explore-fv_srn-size163-decoder_heavy-GT/20260803_185841_565717/metrics/exploration_psnr.tsv,,,,,,通过：最终 PSNR=22.960 dB，首探针增益=+1.868 dB，较峰值回落=0.685 dB。
exploration,exploration / fV-SRN / 网格/解码器分配,fV-SRN,reconstruction,Size163,decoder_heavy,H_plus,比较 decoder-heavy、balanced、grid-heavy 三种网格/解码器参数分配。,configs_exploration/fV-SRN/Size163/decoder_heavy/ionization__H_plus.yaml,ok,true,14.228921,20.307313,45,19.03812,4.809199,1.2691930000000013,true,collapse=1.2692dB,按 v3 阈值回溯计算（回落>1dB 或增益<0.1dB）,"5:14.228921,10:18.80902,15:16.43957,20:14.225521,25:18.04334,30:18.19635,35:18.462904,40:19.647426,45:20.307313,50:19.03812",1,batch exploration_summary.tsv,runs/exploration/explore-fv_srn-size163-decoder_heavy-H_plus/20260803_185841_434656/metrics/exploration_psnr.tsv,,,,,,需关注：最终 PSNR=19.038 dB，首探针增益=+4.809 dB，较峰值回落=1.269 dB；collapse=1.2692dB。
exploration,exploration / fV-SRN / 网格/解码器分配,fV-SRN,reconstruction,Size163,decoder_heavy,H2,比较 decoder-heavy、balanced、grid-heavy 三种网格/解码器参数分配。,configs_exploration/fV-SRN/Size163/decoder_heavy/ionization__H2.yaml,ok,true,28.989794,30.451024,20,25.035928,-3.9538660000000014,5.415096000000002,true,"collapse=5.4151dB,gain=-3.9539dB",按 v3 阈值回溯计算（回落>1dB 或增益<0.1dB）,"5:28.989794,10:30.371031,15:25.596827,20:30.451024,25:29.342611,30:29.816635,35:26.828933,40:30.00652,45:26.768041,50:25.035928",1,batch exploration_summary.tsv,runs/exploration/explore-fv_srn-size163-decoder_heavy-H2/20260803_185841_480885/metrics/exploration_psnr.tsv,,,,,,"需关注：最终 PSNR=25.036 dB，首探针增益=-3.954 dB，较峰值回落=5.415 dB；collapse=5.4151dB,gain=-3.9539dB。"
exploration,exploration / fV-SRN / 网格/解码器分配,fV-SRN,reconstruction,Size163,decoder_heavy,He,比较 decoder-heavy、balanced、grid-heavy 三种网格/解码器参数分配。,configs_exploration/fV-SRN/Size163/decoder_heavy/ionization__He.yaml,ok,true,14.514385,17.909608,40,17.02632,2.5119349999999976,0.8832880000000003,false,,按 v3 阈值回溯计算（回落>1dB 或增益<0.1dB）,"5:14.514385,10:17.754711,15:17.244767,20:15.710306,25:11.94174,30:15.342417,35:12.643111,40:17.909608,45:15.632601,50:17.02632",1,batch exploration_summary.tsv,runs/exploration/explore-fv_srn-size163-decoder_heavy-He/20260803_185841_434936/metrics/exploration_psnr.tsv,,,,,,通过：最终 PSNR=17.026 dB，首探针增益=+2.512 dB，较峰值回落=0.883 dB。
exploration,exploration / fV-SRN / 网格/解码器分配,fV-SRN,reconstruction,Size163,decoder_heavy,PD,比较 decoder-heavy、balanced、grid-heavy 三种网格/解码器参数分配。,configs_exploration/fV-SRN/Size163/decoder_heavy/ionization__PD.yaml,ok,true,27.502593,28.641573,15,27.886269,0.3836759999999977,0.7553040000000024,false,,按 v3 阈值回溯计算（回落>1dB 或增益<0.1dB）,"5:27.502593,10:28.062927,15:28.641573,20:27.855672,25:28.282832,30:28.055684,35:27.731088,40:27.945165,45:28.279389,50:27.886269",1,batch exploration_summary.tsv,runs/exploration/explore-fv_srn-size163-decoder_heavy-PD/20260803_185841_435196/metrics/exploration_psnr.tsv,,,,,,通过：最终 PSNR=27.886 dB，首探针增益=+0.384 dB，较峰值回落=0.755 dB。
exploration,exploration / fV-SRN / 网格/解码器分配,fV-SRN,reconstruction,Size163,grid_heavy,GT,比较 decoder-heavy、balanced、grid-heavy 三种网格/解码器参数分配。,configs_exploration/fV-SRN/Size163/grid_heavy/ionization__GT.yaml,ok,true,22.248452,25.439955,40,24.956097,2.7076449999999994,0.48385800000000145,false,,按 v3 阈值回溯计算（回落>1dB 或增益<0.1dB）,"5:22.248452,10:23.347808,15:22.301688,20:21.735661,25:23.032072,30:23.879364,35:22.928295,40:25.439955,45:25.270725,50:24.956097",1,batch exploration_summary.tsv,runs/exploration/explore-fv_srn-size163-grid_heavy-GT/20260803_193901_635070/metrics/exploration_psnr.tsv,,,,,,通过：最终 PSNR=24.956 dB，首探针增益=+2.708 dB，较峰值回落=0.484 dB。
exploration,exploration / fV-SRN / 网格/解码器分配,fV-SRN,reconstruction,Size163,grid_heavy,H_plus,比较 decoder-heavy、balanced、grid-heavy 三种网格/解码器参数分配。,configs_exploration/fV-SRN/Size163/grid_heavy/ionization__H_plus.yaml,ok,true,21.828293,24.722153,45,24.312176,2.4838830000000023,0.4099769999999978,false,,按 v3 阈值回溯计算（回落>1dB 或增益<0.1dB）,"5:21.828293,10:22.502969,15:22.211479,20:24.193357,25:23.839497,30:23.404494,35:24.00747,40:24.143124,45:24.722153,50:24.312176",1,batch exploration_summary.tsv,runs/exploration/explore-fv_srn-size163-grid_heavy-H_plus/20260803_193901_150361/metrics/exploration_psnr.tsv,,,,,,通过：最终 PSNR=24.312 dB，首探针增益=+2.484 dB，较峰值回落=0.410 dB。
exploration,exploration / fV-SRN / 网格/解码器分配,fV-SRN,reconstruction,Size163,grid_heavy,H2,比较 decoder-heavy、balanced、grid-heavy 三种网格/解码器参数分配。,configs_exploration/fV-SRN/Size163/grid_heavy/ionization__H2.yaml,ok,true,33.108364,34.140749,40,33.397329,0.2889649999999975,0.7434200000000004,false,,按 v3 阈值回溯计算（回落>1dB 或增益<0.1dB）,"5:33.108364,10:33.932763,15:32.550581,20:33.492982,25:33.487797,30:34.026372,35:33.421471,40:34.140749,45:33.162792,50:33.397329",1,batch exploration_summary.tsv,runs/exploration/explore-fv_srn-size163-grid_heavy-H2/20260803_193901_376525/metrics/exploration_psnr.tsv,,,,,,通过：最终 PSNR=33.397 dB，首探针增益=+0.289 dB，较峰值回落=0.743 dB。
exploration,exploration / fV-SRN / 网格/解码器分配,fV-SRN,reconstruction,Size163,grid_heavy,He,比较 decoder-heavy、balanced、grid-heavy 三种网格/解码器参数分配。,configs_exploration/fV-SRN/Size163/grid_heavy/ionization__He.yaml,ok,true,20.28993,22.523074,35,22.354904,2.064974000000003,0.16816999999999993,false,,按 v3 阈值回溯计算（回落>1dB 或增益<0.1dB）,"5:20.28993,10:20.389833,15:21.487715,20:18.327517,25:21.049473,30:22.332083,35:22.523074,40:22.281936,45:22.385348,50:22.354904",1,batch exploration_summary.tsv,runs/exploration/explore-fv_srn-size163-grid_heavy-He/20260803_193901_387204/metrics/exploration_psnr.tsv,,,,,,通过：最终 PSNR=22.355 dB，首探针增益=+2.065 dB，较峰值回落=0.168 dB。
exploration,exploration / fV-SRN / 网格/解码器分配,fV-SRN,reconstruction,Size163,grid_heavy,PD,比较 decoder-heavy、balanced、grid-heavy 三种网格/解码器参数分配。,configs_exploration/fV-SRN/Size163/grid_heavy/ionization__PD.yaml,ok,true,30.007678,31.454119,50,31.454119,1.446441,0,false,,按 v3 阈值回溯计算（回落>1dB 或增益<0.1dB）,"5:30.007678,10:29.240415,15:30.633463,20:30.89787,25:30.018628,30:31.125563,35:30.157227,40:30.796676,45:30.570587,50:31.454119",1,batch exploration_summary.tsv,runs/exploration/explore-fv_srn-size163-grid_heavy-PD/20260803_193901_271660/metrics/exploration_psnr.tsv,,,,,,通过：最终 PSNR=31.454 dB，首探针增益=+1.446 dB，较峰值回落=0.000 dB。
exploration,exploration / MC-INR / 全局/局部深度扫描,MC-INR,reconstruction,Size163,depth3_4,aggregate,在多变量 Size163 总预算下比较三组全局/局部网络深度。,configs_exploration/MC-INR/Size163/depth3_4/ionization.yaml,failed,false,,,,,,,true,training_failed,按 v3 阈值回溯计算（回落>1dB 或增益<0.1dB）,,0,batch exploration_summary.tsv,runs/exploration/explore-mc_inr-size163-depth3_4/20260803_141955_319592/metrics/exploration_psnr.tsv,,,,,,失败：训练未成功完成，无可用最终 PSNR。
exploration,exploration / MC-INR / 全局/局部深度扫描,MC-INR,reconstruction,Size163,depth5_6,aggregate,在多变量 Size163 总预算下比较三组全局/局部网络深度。,configs_exploration/MC-INR/Size163/depth5_6/ionization.yaml,failed,false,,,,,,,true,training_failed,按 v3 阈值回溯计算（回落>1dB 或增益<0.1dB）,,0,batch exploration_summary.tsv,runs/exploration/explore-mc_inr-size163-depth5_6/20260803_150203_041242/metrics/exploration_psnr.tsv,,,,,,失败：训练未成功完成，无可用最终 PSNR。
exploration,exploration / MC-INR / 全局/局部深度扫描,MC-INR,reconstruction,Size163,depth7_8,aggregate,在多变量 Size163 总预算下比较三组全局/局部网络深度。,configs_exploration/MC-INR/Size163/depth7_8/ionization.yaml,failed,false,,,,,,,true,training_failed,按 v3 阈值回溯计算（回落>1dB 或增益<0.1dB）,,0,batch exploration_summary.tsv,runs/exploration/explore-mc_inr-size163-depth7_8/20260803_155543_621824/metrics/exploration_psnr.tsv,,,,,,失败：训练未成功完成，无可用最终 PSNR。
exploration,exploration / MoE-INR / 专家数扫描,MoE-INR,reconstruction,Size163,experts10,GT,比较 4/7/10 专家配置，观察专家数对单变量重建质量的影响。,configs_exploration/MoE-INR/Size163/experts10/ionization__GT.yaml,ok,true,32.726565,37.749916,50,37.749916,5.023350999999998,0,false,,按 v3 阈值回溯计算（回落>1dB 或增益<0.1dB）,"5:32.726565,10:33.521344,15:34.469369,20:34.585286,25:35.40734,30:35.89342,35:36.339895,40:36.919873,45:36.944433,50:37.749916",1,batch exploration_summary.tsv,runs/exploration/explore-moe_inr-size163-experts10-GT/20260803_083106_638489/metrics/exploration_psnr.tsv,,,,,,通过：最终 PSNR=37.750 dB，首探针增益=+5.023 dB，较峰值回落=0.000 dB。
exploration,exploration / MoE-INR / 专家数扫描,MoE-INR,reconstruction,Size163,experts10,H_plus,比较 4/7/10 专家配置，观察专家数对单变量重建质量的影响。,configs_exploration/MoE-INR/Size163/experts10/ionization__H_plus.yaml,ok,true,28.226425,35.710255,50,35.710255,7.4838299999999975,0,false,,按 v3 阈值回溯计算（回落>1dB 或增益<0.1dB）,"5:28.226425,10:29.986153,15:30.971632,20:32.394832,25:33.273156,30:32.221391,35:34.633115,40:35.015188,45:35.361796,50:35.710255",1,batch exploration_summary.tsv,runs/exploration/explore-moe_inr-size163-experts10-H_plus/20260803_083106_537562/metrics/exploration_psnr.tsv,,,,,,通过：最终 PSNR=35.710 dB，首探针增益=+7.484 dB，较峰值回落=0.000 dB。
exploration,exploration / MoE-INR / 专家数扫描,MoE-INR,reconstruction,Size163,experts10,H2,比较 4/7/10 专家配置，观察专家数对单变量重建质量的影响。,configs_exploration/MoE-INR/Size163/experts10/ionization__H2.yaml,ok,true,34.849495,39.319147,50,39.319147,4.4696520000000035,0,false,,按 v3 阈值回溯计算（回落>1dB 或增益<0.1dB）,"5:34.849495,10:36.140646,15:37.583474,20:37.952104,25:37.710396,30:38.187774,35:38.752631,40:38.879926,45:39.274335,50:39.319147",1,batch exploration_summary.tsv,runs/exploration/explore-moe_inr-size163-experts10-H2/20260803_083106_176825/metrics/exploration_psnr.tsv,,,,,,通过：最终 PSNR=39.319 dB，首探针增益=+4.470 dB，较峰值回落=0.000 dB。
exploration,exploration / MoE-INR / 专家数扫描,MoE-INR,reconstruction,Size163,experts10,He,比较 4/7/10 专家配置，观察专家数对单变量重建质量的影响。,configs_exploration/MoE-INR/Size163/experts10/ionization__He.yaml,ok,true,27.327934,33.620946,45,33.417945,6.090011000000004,0.20300100000000043,false,,按 v3 阈值回溯计算（回落>1dB 或增益<0.1dB）,"5:27.327934,10:29.207436,15:29.465,20:30.371316,25:31.986252,30:32.226179,35:32.717449,40:33.200736,45:33.620946,50:33.417945",1,batch exploration_summary.tsv,runs/exploration/explore-moe_inr-size163-experts10-He/20260803_083106_550436/metrics/exploration_psnr.tsv,,,,,,通过：最终 PSNR=33.418 dB，首探针增益=+6.090 dB，较峰值回落=0.203 dB。
exploration,exploration / MoE-INR / 专家数扫描,MoE-INR,reconstruction,Size163,experts10,PD,比较 4/7/10 专家配置，观察专家数对单变量重建质量的影响。,configs_exploration/MoE-INR/Size163/experts10/ionization__PD.yaml,ok,true,34.182055,39.904894,50,39.904894,5.7228390000000005,0,false,,按 v3 阈值回溯计算（回落>1dB 或增益<0.1dB）,"5:34.182055,10:36.095465,15:36.874622,20:37.433823,25:38.191279,30:38.195363,35:38.342438,40:38.282113,45:39.05274,50:39.904894",1,batch exploration_summary.tsv,runs/exploration/explore-moe_inr-size163-experts10-PD/20260803_083106_439026/metrics/exploration_psnr.tsv,,,,,,通过：最终 PSNR=39.905 dB，首探针增益=+5.723 dB，较峰值回落=0.000 dB。
exploration,exploration / MoE-INR / 专家数扫描,MoE-INR,reconstruction,Size163,experts4,GT,比较 4/7/10 专家配置，观察专家数对单变量重建质量的影响。,configs_exploration/MoE-INR/Size163/experts4/ionization__GT.yaml,ok,true,32.518244,37.743014,50,37.743014,5.2247699999999995,0,false,,按 v3 阈值回溯计算（回落>1dB 或增益<0.1dB）,"5:32.518244,10:33.578677,15:34.130802,20:34.433154,25:35.106561,30:35.578178,35:36.106487,40:36.568645,45:37.146621,50:37.743014",1,batch exploration_summary.tsv,runs/exploration/explore-moe_inr-size163-experts4-GT/20260803_091223_786559/metrics/exploration_psnr.tsv,,,,,,通过：最终 PSNR=37.743 dB，首探针增益=+5.225 dB，较峰值回落=0.000 dB。
exploration,exploration / MoE-INR / 专家数扫描,MoE-INR,reconstruction,Size163,experts4,H_plus,比较 4/7/10 专家配置，观察专家数对单变量重建质量的影响。,configs_exploration/MoE-INR/Size163/experts4/ionization__H_plus.yaml,ok,true,28.05646,35.106291,45,33.610463,5.554003000000002,1.495827999999996,true,collapse=1.4958dB,按 v3 阈值回溯计算（回落>1dB 或增益<0.1dB）,"5:28.05646,10:29.144543,15:31.146975,20:32.166549,25:32.972889,30:33.287588,35:33.366837,40:34.578314,45:35.106291,50:33.610463",1,batch exploration_summary.tsv,runs/exploration/explore-moe_inr-size163-experts4-H_plus/20260803_091224_225634/metrics/exploration_psnr.tsv,,,,,,需关注：最终 PSNR=33.610 dB，首探针增益=+5.554 dB，较峰值回落=1.496 dB；collapse=1.4958dB。
exploration,exploration / MoE-INR / 专家数扫描,MoE-INR,reconstruction,Size163,experts4,H2,比较 4/7/10 专家配置，观察专家数对单变量重建质量的影响。,configs_exploration/MoE-INR/Size163/experts4/ionization__H2.yaml,ok,true,34.714963,39.285609,40,38.373532,3.658569,0.9120770000000036,false,,按 v3 阈值回溯计算（回落>1dB 或增益<0.1dB）,"5:34.714963,10:36.380829,15:36.747416,20:38.193906,25:38.192576,30:38.350972,35:38.579774,40:39.285609,45:38.942437,50:38.373532",1,batch exploration_summary.tsv,runs/exploration/explore-moe_inr-size163-experts4-H2/20260803_091224_161723/metrics/exploration_psnr.tsv,,,,,,通过：最终 PSNR=38.374 dB，首探针增益=+3.659 dB，较峰值回落=0.912 dB。
exploration,exploration / MoE-INR / 专家数扫描,MoE-INR,reconstruction,Size163,experts4,He,比较 4/7/10 专家配置，观察专家数对单变量重建质量的影响。,configs_exploration/MoE-INR/Size163/experts4/ionization__He.yaml,ok,true,27.415573,34.02626,50,34.02626,6.610687000000002,0,false,,按 v3 阈值回溯计算（回落>1dB 或增益<0.1dB）,"5:27.415573,10:28.723349,15:29.644657,20:30.955873,25:31.349755,30:31.868192,35:31.426847,40:32.495313,45:33.518459,50:34.02626",1,batch exploration_summary.tsv,runs/exploration/explore-moe_inr-size163-experts4-He/20260803_091224_011010/metrics/exploration_psnr.tsv,,,,,,通过：最终 PSNR=34.026 dB，首探针增益=+6.611 dB，较峰值回落=0.000 dB。
exploration,exploration / MoE-INR / 专家数扫描,MoE-INR,reconstruction,Size163,experts4,PD,比较 4/7/10 专家配置，观察专家数对单变量重建质量的影响。,configs_exploration/MoE-INR/Size163/experts4/ionization__PD.yaml,ok,true,34.002507,39.780032,50,39.780032,5.777524999999997,0,false,,按 v3 阈值回溯计算（回落>1dB 或增益<0.1dB）,"5:34.002507,10:35.634626,15:36.580359,20:37.011471,25:37.69962,30:38.268717,35:38.004494,40:39.151743,45:39.386642,50:39.780032",1,batch exploration_summary.tsv,runs/exploration/explore-moe_inr-size163-experts4-PD/20260803_091224_294945/metrics/exploration_psnr.tsv,,,,,,通过：最终 PSNR=39.780 dB，首探针增益=+5.778 dB，较峰值回落=0.000 dB。
exploration,exploration / MoE-INR / 专家数扫描,MoE-INR,reconstruction,Size163,experts7,GT,比较 4/7/10 专家配置，观察专家数对单变量重建质量的影响。,configs_exploration/MoE-INR/Size163/experts7/ionization__GT.yaml,ok,true,32.481721,37.836952,50,37.836952,5.355230999999996,0,false,,按 v3 阈值回溯计算（回落>1dB 或增益<0.1dB）,"5:32.481721,10:33.529161,15:34.008773,20:34.753739,25:35.62441,30:36.211639,35:36.480451,40:37.093926,45:37.518786,50:37.836952",1,batch exploration_summary.tsv,runs/exploration/explore-moe_inr-size163-experts7-GT/20260803_094740_295029/metrics/exploration_psnr.tsv,,,,,,通过：最终 PSNR=37.837 dB，首探针增益=+5.355 dB，较峰值回落=0.000 dB。
exploration,exploration / MoE-INR / 专家数扫描,MoE-INR,reconstruction,Size163,experts7,H_plus,比较 4/7/10 专家配置，观察专家数对单变量重建质量的影响。,configs_exploration/MoE-INR/Size163/experts7/ionization__H_plus.yaml,ok,true,28.533716,34.942071,50,34.942071,6.408355,0,false,,按 v3 阈值回溯计算（回落>1dB 或增益<0.1dB）,"5:28.533716,10:29.439152,15:30.64679,20:32.231628,25:32.710399,30:33.090906,35:33.889913,40:33.578308,45:34.751488,50:34.942071",1,batch exploration_summary.tsv,runs/exploration/explore-moe_inr-size163-experts7-H_plus/20260803_094739_811642/metrics/exploration_psnr.tsv,,,,,,通过：最终 PSNR=34.942 dB，首探针增益=+6.408 dB，较峰值回落=0.000 dB。
exploration,exploration / MoE-INR / 专家数扫描,MoE-INR,reconstruction,Size163,experts7,H2,比较 4/7/10 专家配置，观察专家数对单变量重建质量的影响。,configs_exploration/MoE-INR/Size163/experts7/ionization__H2.yaml,ok,true,34.951328,39.774944,50,39.774944,4.823616000000001,0,false,,按 v3 阈值回溯计算（回落>1dB 或增益<0.1dB）,"5:34.951328,10:36.261115,15:37.674317,20:37.724243,25:38.192885,30:37.36751,35:38.478452,40:38.853036,45:39.113237,50:39.774944",1,batch exploration_summary.tsv,runs/exploration/explore-moe_inr-size163-experts7-H2/20260803_094740_557577/metrics/exploration_psnr.tsv,,,,,,通过：最终 PSNR=39.775 dB，首探针增益=+4.824 dB，较峰值回落=0.000 dB。
exploration,exploration / MoE-INR / 专家数扫描,MoE-INR,reconstruction,Size163,experts7,He,比较 4/7/10 专家配置，观察专家数对单变量重建质量的影响。,configs_exploration/MoE-INR/Size163/experts7/ionization__He.yaml,ok,true,27.404175,34.034522,45,32.891114,5.486939000000003,1.1434080000000009,true,collapse=1.1434dB,按 v3 阈值回溯计算（回落>1dB 或增益<0.1dB）,"5:27.404175,10:28.466585,15:29.0628,20:30.871251,25:32.215528,30:32.512859,35:33.113388,40:33.868337,45:34.034522,50:32.891114",1,batch exploration_summary.tsv,runs/exploration/explore-moe_inr-size163-experts7-He/20260803_094740_313512/metrics/exploration_psnr.tsv,,,,,,需关注：最终 PSNR=32.891 dB，首探针增益=+5.487 dB，较峰值回落=1.143 dB；collapse=1.1434dB。
exploration,exploration / MoE-INR / 专家数扫描,MoE-INR,reconstruction,Size163,experts7,PD,比较 4/7/10 专家配置，观察专家数对单变量重建质量的影响。,configs_exploration/MoE-INR/Size163/experts7/ionization__PD.yaml,ok,true,34.549812,39.631151,45,38.865678,4.315866,0.7654730000000001,false,,按 v3 阈值回溯计算（回落>1dB 或增益<0.1dB）,"5:34.549812,10:35.727377,15:36.433094,20:36.735874,25:37.855402,30:38.448119,35:38.325331,40:38.904398,45:39.631151,50:38.865678",1,batch exploration_summary.tsv,runs/exploration/explore-moe_inr-size163-experts7-PD/20260803_094740_915669/metrics/exploration_psnr.tsv,,,,,,通过：最终 PSNR=38.866 dB，首探针增益=+4.316 dB，较峰值回落=0.765 dB。
exploration,exploration / NeuralExpert / 深度与预训练链路,NeuralExpert,manager_pretraining,Size163,depth1,GT,比较 1/2/3 层管理器与解码器，并验证管理器预训练到重建的完整链路。,configs_exploration/NeuralExpert/Size163/depth1/ionization__GT__managerpretrain.yaml,ok,false,,,,,,,false,,管理器预训练阶段不适用重建探针校验,,0,batch exploration_summary.tsv,batch_logs/exploration/20260803_044527/exploration_summary.tsv,,,,,,成功：管理器预训练完成；该阶段不产生重建 PSNR。
exploration,exploration / NeuralExpert / 深度与预训练链路,NeuralExpert,reconstruction,Size163,depth1,GT,比较 1/2/3 层管理器与解码器，并验证管理器预训练到重建的完整链路。,configs_exploration/NeuralExpert/Size163/depth1/ionization__GT.yaml,ok,true,36.105009,39.379671,50,39.379671,3.2746619999999993,0,false,,按 v3 阈值回溯计算（回落>1dB 或增益<0.1dB）,"5:36.105009,10:38.061203,15:38.696233,20:39.018654,25:39.234621,30:39.302266,35:39.348121,40:39.372864,45:39.376069,50:39.379671",1,batch exploration_summary.tsv,runs/exploration/explore-neuralexpert-size163-depth1-GT/20260803_214211/metrics/exploration_psnr.tsv,,,,,,通过：最终 PSNR=39.380 dB，首探针增益=+3.275 dB，较峰值回落=0.000 dB。
exploration,exploration / NeuralExpert / 深度与预训练链路,NeuralExpert,manager_pretraining,Size163,depth1,H_plus,比较 1/2/3 层管理器与解码器，并验证管理器预训练到重建的完整链路。,configs_exploration/NeuralExpert/Size163/depth1/ionization__H_plus__managerpretrain.yaml,ok,false,,,,,,,false,,管理器预训练阶段不适用重建探针校验,,0,batch exploration_summary.tsv,batch_logs/exploration/20260803_044527/exploration_summary.tsv,,,,,,成功：管理器预训练完成；该阶段不产生重建 PSNR。
exploration,exploration / NeuralExpert / 深度与预训练链路,NeuralExpert,reconstruction,Size163,depth1,H_plus,比较 1/2/3 层管理器与解码器，并验证管理器预训练到重建的完整链路。,configs_exploration/NeuralExpert/Size163/depth1/ionization__H_plus.yaml,ok,true,31.586243,36.902547,50,36.902547,5.316303999999999,0,false,,按 v3 阈值回溯计算（回落>1dB 或增益<0.1dB）,"5:31.586243,10:34.22815,15:35.531591,20:36.05554,25:36.580723,30:36.789276,35:36.793712,40:36.880916,45:36.876557,50:36.902547",1,batch exploration_summary.tsv,runs/exploration/explore-neuralexpert-size163-depth1-H_plus/20260803_214211/metrics/exploration_psnr.tsv,,,,,,通过：最终 PSNR=36.903 dB，首探针增益=+5.316 dB，较峰值回落=0.000 dB。
exploration,exploration / NeuralExpert / 深度与预训练链路,NeuralExpert,manager_pretraining,Size163,depth1,H2,比较 1/2/3 层管理器与解码器，并验证管理器预训练到重建的完整链路。,configs_exploration/NeuralExpert/Size163/depth1/ionization__H2__managerpretrain.yaml,ok,false,,,,,,,false,,管理器预训练阶段不适用重建探针校验,,0,batch exploration_summary.tsv,batch_logs/exploration/20260803_044527/exploration_summary.tsv,,,,,,成功：管理器预训练完成；该阶段不产生重建 PSNR。
exploration,exploration / NeuralExpert / 深度与预训练链路,NeuralExpert,reconstruction,Size163,depth1,H2,比较 1/2/3 层管理器与解码器，并验证管理器预训练到重建的完整链路。,configs_exploration/NeuralExpert/Size163/depth1/ionization__H2.yaml,ok,true,36.063599,39.230686,45,39.224989,3.1613899999999973,0.005696999999997843,false,,按 v3 阈值回溯计算（回落>1dB 或增益<0.1dB）,"5:36.063599,10:37.815955,15:38.521243,20:38.84767,25:39.025184,30:39.163685,35:39.190784,40:39.213115,45:39.230686,50:39.224989",1,batch exploration_summary.tsv,runs/exploration/explore-neuralexpert-size163-depth1-H2/20260803_214211/metrics/exploration_psnr.tsv,,,,,,通过：最终 PSNR=39.225 dB，首探针增益=+3.161 dB，较峰值回落=0.006 dB。
exploration,exploration / NeuralExpert / 深度与预训练链路,NeuralExpert,manager_pretraining,Size163,depth1,He,比较 1/2/3 层管理器与解码器，并验证管理器预训练到重建的完整链路。,configs_exploration/NeuralExpert/Size163/depth1/ionization__He__managerpretrain.yaml,ok,false,,,,,,,false,,管理器预训练阶段不适用重建探针校验,,0,batch exploration_summary.tsv,batch_logs/exploration/20260803_044527/exploration_summary.tsv,,,,,,成功：管理器预训练完成；该阶段不产生重建 PSNR。
exploration,exploration / NeuralExpert / 深度与预训练链路,NeuralExpert,reconstruction,Size163,depth1,He,比较 1/2/3 层管理器与解码器，并验证管理器预训练到重建的完整链路。,configs_exploration/NeuralExpert/Size163/depth1/ionization__He.yaml,ok,true,30.340256,35.613991,50,35.613991,5.2737349999999985,0,false,,按 v3 阈值回溯计算（回落>1dB 或增益<0.1dB）,"5:30.340256,10:33.049903,15:34.404745,20:34.794095,25:35.368531,30:35.45774,35:35.57506,40:35.575312,45:35.603584,50:35.613991",1,batch exploration_summary.tsv,runs/exploration/explore-neuralexpert-size163-depth1-He/20260803_214211/metrics/exploration_psnr.tsv,,,,,,通过：最终 PSNR=35.614 dB，首探针增益=+5.274 dB，较峰值回落=0.000 dB。
exploration,exploration / NeuralExpert / 深度与预训练链路,NeuralExpert,manager_pretraining,Size163,depth1,PD,比较 1/2/3 层管理器与解码器，并验证管理器预训练到重建的完整链路。,configs_exploration/NeuralExpert/Size163/depth1/ionization__PD__managerpretrain.yaml,ok,false,,,,,,,false,,管理器预训练阶段不适用重建探针校验,,0,batch exploration_summary.tsv,batch_logs/exploration/20260803_044527/exploration_summary.tsv,,,,,,成功：管理器预训练完成；该阶段不产生重建 PSNR。
exploration,exploration / NeuralExpert / 深度与预训练链路,NeuralExpert,reconstruction,Size163,depth1,PD,比较 1/2/3 层管理器与解码器，并验证管理器预训练到重建的完整链路。,configs_exploration/NeuralExpert/Size163/depth1/ionization__PD.yaml,ok,true,34.528583,38.366657,50,38.366657,3.838073999999999,0,false,,按 v3 阈值回溯计算（回落>1dB 或增益<0.1dB）,"5:34.528583,10:36.297799,15:37.454972,20:37.877449,25:38.168646,30:38.294111,35:38.33006,40:38.354683,45:38.364743,50:38.366657",1,batch exploration_summary.tsv,runs/exploration/explore-neuralexpert-size163-depth1-PD/20260803_214211/metrics/exploration_psnr.tsv,,,,,,通过：最终 PSNR=38.367 dB，首探针增益=+3.838 dB，较峰值回落=0.000 dB。
exploration,exploration / NeuralExpert / 深度与预训练链路,NeuralExpert,manager_pretraining,Size163,depth2,GT,比较 1/2/3 层管理器与解码器，并验证管理器预训练到重建的完整链路。,configs_exploration/NeuralExpert/Size163/depth2/ionization__GT__managerpretrain.yaml,ok,false,,,,,,,false,,管理器预训练阶段不适用重建探针校验,,0,batch exploration_summary.tsv,batch_logs/exploration/20260803_044527/exploration_summary.tsv,,,,,,成功：管理器预训练完成；该阶段不产生重建 PSNR。
exploration,exploration / NeuralExpert / 深度与预训练链路,NeuralExpert,reconstruction,Size163,depth2,GT,比较 1/2/3 层管理器与解码器，并验证管理器预训练到重建的完整链路。,configs_exploration/NeuralExpert/Size163/depth2/ionization__GT.yaml,ok,true,35.182899,38.506493,50,38.506493,3.323594,0,false,,按 v3 阈值回溯计算（回落>1dB 或增益<0.1dB）,"5:35.182899,10:37.155249,15:37.772751,20:38.142005,25:38.372086,30:38.431973,35:38.474949,40:38.498896,45:38.500182,50:38.506493",1,batch exploration_summary.tsv,runs/exploration/explore-neuralexpert-size163-depth2-GT/20260803_232621/metrics/exploration_psnr.tsv,,,,,,通过：最终 PSNR=38.506 dB，首探针增益=+3.324 dB，较峰值回落=0.000 dB。
exploration,exploration / NeuralExpert / 深度与预训练链路,NeuralExpert,manager_pretraining,Size163,depth2,H_plus,比较 1/2/3 层管理器与解码器，并验证管理器预训练到重建的完整链路。,configs_exploration/NeuralExpert/Size163/depth2/ionization__H_plus__managerpretrain.yaml,ok,false,,,,,,,false,,管理器预训练阶段不适用重建探针校验,,0,batch exploration_summary.tsv,batch_logs/exploration/20260803_044527/exploration_summary.tsv,,,,,,成功：管理器预训练完成；该阶段不产生重建 PSNR。
exploration,exploration / NeuralExpert / 深度与预训练链路,NeuralExpert,reconstruction,Size163,depth2,H_plus,比较 1/2/3 层管理器与解码器，并验证管理器预训练到重建的完整链路。,configs_exploration/NeuralExpert/Size163/depth2/ionization__H_plus.yaml,ok,true,31.539979,36.128402,50,36.128402,4.588423000000002,0,false,,按 v3 阈值回溯计算（回落>1dB 或增益<0.1dB）,"5:31.539979,10:34.054685,15:35.004704,20:35.483877,25:35.828585,30:36.009188,35:36.072284,40:36.113008,45:36.117169,50:36.128402",1,batch exploration_summary.tsv,runs/exploration/explore-neuralexpert-size163-depth2-H_plus/20260803_232621/metrics/exploration_psnr.tsv,,,,,,通过：最终 PSNR=36.128 dB，首探针增益=+4.588 dB，较峰值回落=0.000 dB。
exploration,exploration / NeuralExpert / 深度与预训练链路,NeuralExpert,manager_pretraining,Size163,depth2,H2,比较 1/2/3 层管理器与解码器，并验证管理器预训练到重建的完整链路。,configs_exploration/NeuralExpert/Size163/depth2/ionization__H2__managerpretrain.yaml,ok,false,,,,,,,false,,管理器预训练阶段不适用重建探针校验,,0,batch exploration_summary.tsv,batch_logs/exploration/20260803_044527/exploration_summary.tsv,,,,,,成功：管理器预训练完成；该阶段不产生重建 PSNR。
exploration,exploration / NeuralExpert / 深度与预训练链路,NeuralExpert,reconstruction,Size163,depth2,H2,比较 1/2/3 层管理器与解码器，并验证管理器预训练到重建的完整链路。,configs_exploration/NeuralExpert/Size163/depth2/ionization__H2.yaml,ok,true,35.558804,38.747252,45,38.743769,3.1849649999999983,0.0034830000000027894,false,,按 v3 阈值回溯计算（回落>1dB 或增益<0.1dB）,"5:35.558804,10:37.288634,15:38.188673,20:38.361135,25:38.558501,30:38.696568,35:38.712757,40:38.741077,45:38.747252,50:38.743769",1,batch exploration_summary.tsv,runs/exploration/explore-neuralexpert-size163-depth2-H2/20260803_232620/metrics/exploration_psnr.tsv,,,,,,通过：最终 PSNR=38.744 dB，首探针增益=+3.185 dB，较峰值回落=0.003 dB。
exploration,exploration / NeuralExpert / 深度与预训练链路,NeuralExpert,manager_pretraining,Size163,depth2,He,比较 1/2/3 层管理器与解码器，并验证管理器预训练到重建的完整链路。,configs_exploration/NeuralExpert/Size163/depth2/ionization__He__managerpretrain.yaml,ok,false,,,,,,,false,,管理器预训练阶段不适用重建探针校验,,0,batch exploration_summary.tsv,batch_logs/exploration/20260803_044527/exploration_summary.tsv,,,,,,成功：管理器预训练完成；该阶段不产生重建 PSNR。
exploration,exploration / NeuralExpert / 深度与预训练链路,NeuralExpert,reconstruction,Size163,depth2,He,比较 1/2/3 层管理器与解码器，并验证管理器预训练到重建的完整链路。,configs_exploration/NeuralExpert/Size163/depth2/ionization__He.yaml,ok,true,30.461856,35.70841,50,35.70841,5.246554,0,false,,按 v3 阈值回溯计算（回落>1dB 或增益<0.1dB）,"5:30.461856,10:33.272655,15:34.13568,20:34.870883,25:35.338064,30:35.574606,35:35.679841,40:35.666591,45:35.688388,50:35.70841",1,batch exploration_summary.tsv,runs/exploration/explore-neuralexpert-size163-depth2-He/20260803_232621/metrics/exploration_psnr.tsv,,,,,,通过：最终 PSNR=35.708 dB，首探针增益=+5.247 dB，较峰值回落=0.000 dB。
exploration,exploration / NeuralExpert / 深度与预训练链路,NeuralExpert,manager_pretraining,Size163,depth2,PD,比较 1/2/3 层管理器与解码器，并验证管理器预训练到重建的完整链路。,configs_exploration/NeuralExpert/Size163/depth2/ionization__PD__managerpretrain.yaml,ok,false,,,,,,,false,,管理器预训练阶段不适用重建探针校验,,0,batch exploration_summary.tsv,batch_logs/exploration/20260803_044527/exploration_summary.tsv,,,,,,成功：管理器预训练完成；该阶段不产生重建 PSNR。
exploration,exploration / NeuralExpert / 深度与预训练链路,NeuralExpert,reconstruction,Size163,depth2,PD,比较 1/2/3 层管理器与解码器，并验证管理器预训练到重建的完整链路。,configs_exploration/NeuralExpert/Size163/depth2/ionization__PD.yaml,ok,true,34.295345,38.634953,45,38.632568,4.337223000000002,0.0023850000000038563,false,,按 v3 阈值回溯计算（回落>1dB 或增益<0.1dB）,"5:34.295345,10:36.720379,15:37.67814,20:38.202403,25:38.439371,30:38.534236,35:38.587448,40:38.615645,45:38.634953,50:38.632568",1,batch exploration_summary.tsv,runs/exploration/explore-neuralexpert-size163-depth2-PD/20260803_232621/metrics/exploration_psnr.tsv,,,,,,通过：最终 PSNR=38.633 dB，首探针增益=+4.337 dB，较峰值回落=0.002 dB。
exploration,exploration / NeuralExpert / 深度与预训练链路,NeuralExpert,manager_pretraining,Size163,depth3,GT,比较 1/2/3 层管理器与解码器，并验证管理器预训练到重建的完整链路。,configs_exploration/NeuralExpert/Size163/depth3/ionization__GT__managerpretrain.yaml,ok,false,,,,,,,false,,管理器预训练阶段不适用重建探针校验,,0,batch exploration_summary.tsv,batch_logs/exploration/20260803_044527/exploration_summary.tsv,,,,,,成功：管理器预训练完成；该阶段不产生重建 PSNR。
exploration,exploration / NeuralExpert / 深度与预训练链路,NeuralExpert,reconstruction,Size163,depth3,GT,比较 1/2/3 层管理器与解码器，并验证管理器预训练到重建的完整链路。,configs_exploration/NeuralExpert/Size163/depth3/ionization__GT.yaml,ok,true,34.466059,38.199265,50,38.199265,3.7332059999999956,0,false,,按 v3 阈值回溯计算（回落>1dB 或增益<0.1dB）,"5:34.466059,10:36.58153,15:37.39703,20:37.714595,25:38.037773,30:38.093898,35:38.166226,40:38.18816,45:38.18864,50:38.199265",1,batch exploration_summary.tsv,runs/exploration/explore-neuralexpert-size163-depth3-GT/20260804_013907/metrics/exploration_psnr.tsv,,,,,,通过：最终 PSNR=38.199 dB，首探针增益=+3.733 dB，较峰值回落=0.000 dB。
exploration,exploration / NeuralExpert / 深度与预训练链路,NeuralExpert,manager_pretraining,Size163,depth3,H_plus,比较 1/2/3 层管理器与解码器，并验证管理器预训练到重建的完整链路。,configs_exploration/NeuralExpert/Size163/depth3/ionization__H_plus__managerpretrain.yaml,ok,false,,,,,,,false,,管理器预训练阶段不适用重建探针校验,,0,batch exploration_summary.tsv,batch_logs/exploration/20260803_044527/exploration_summary.tsv,,,,,,成功：管理器预训练完成；该阶段不产生重建 PSNR。
exploration,exploration / NeuralExpert / 深度与预训练链路,NeuralExpert,reconstruction,Size163,depth3,H_plus,比较 1/2/3 层管理器与解码器，并验证管理器预训练到重建的完整链路。,configs_exploration/NeuralExpert/Size163/depth3/ionization__H_plus.yaml,ok,true,30.668122,36.133249,50,36.133249,5.465126999999999,0,false,,按 v3 阈值回溯计算（回落>1dB 或增益<0.1dB）,"5:30.668122,10:33.723228,15:34.854759,20:35.534484,25:35.900276,30:36.046794,35:36.079888,40:36.102924,45:36.121521,50:36.133249",1,batch exploration_summary.tsv,runs/exploration/explore-neuralexpert-size163-depth3-H_plus/20260804_013907/metrics/exploration_psnr.tsv,,,,,,通过：最终 PSNR=36.133 dB，首探针增益=+5.465 dB，较峰值回落=0.000 dB。
exploration,exploration / NeuralExpert / 深度与预训练链路,NeuralExpert,manager_pretraining,Size163,depth3,H2,比较 1/2/3 层管理器与解码器，并验证管理器预训练到重建的完整链路。,configs_exploration/NeuralExpert/Size163/depth3/ionization__H2__managerpretrain.yaml,ok,false,,,,,,,false,,管理器预训练阶段不适用重建探针校验,,0,batch exploration_summary.tsv,batch_logs/exploration/20260803_044527/exploration_summary.tsv,,,,,,成功：管理器预训练完成；该阶段不产生重建 PSNR。
exploration,exploration / NeuralExpert / 深度与预训练链路,NeuralExpert,reconstruction,Size163,depth3,H2,比较 1/2/3 层管理器与解码器，并验证管理器预训练到重建的完整链路。,configs_exploration/NeuralExpert/Size163/depth3/ionization__H2.yaml,ok,true,36.740672,40.031483,45,40.021894,3.2812219999999996,0.009588999999998293,false,,按 v3 阈值回溯计算（回落>1dB 或增益<0.1dB）,"5:36.740672,10:38.545994,15:39.248426,20:39.610014,25:39.771802,30:39.955408,35:39.95665,40:40.012707,45:40.031483,50:40.021894",1,batch exploration_summary.tsv,runs/exploration/explore-neuralexpert-size163-depth3-H2/20260804_013908/metrics/exploration_psnr.tsv,,,,,,通过：最终 PSNR=40.022 dB，首探针增益=+3.281 dB，较峰值回落=0.010 dB。
exploration,exploration / NeuralExpert / 深度与预训练链路,NeuralExpert,manager_pretraining,Size163,depth3,He,比较 1/2/3 层管理器与解码器，并验证管理器预训练到重建的完整链路。,configs_exploration/NeuralExpert/Size163/depth3/ionization__He__managerpretrain.yaml,ok,false,,,,,,,false,,管理器预训练阶段不适用重建探针校验,,0,batch exploration_summary.tsv,batch_logs/exploration/20260803_044527/exploration_summary.tsv,,,,,,成功：管理器预训练完成；该阶段不产生重建 PSNR。
exploration,exploration / NeuralExpert / 深度与预训练链路,NeuralExpert,reconstruction,Size163,depth3,He,比较 1/2/3 层管理器与解码器，并验证管理器预训练到重建的完整链路。,configs_exploration/NeuralExpert/Size163/depth3/ionization__He.yaml,ok,true,30.424914,35.214358,50,35.214358,4.789443999999996,0,false,,按 v3 阈值回溯计算（回落>1dB 或增益<0.1dB）,"5:30.424914,10:32.964994,15:33.824317,20:34.57455,25:35.004493,30:35.07518,35:35.165754,40:35.174003,45:35.205371,50:35.214358",1,batch exploration_summary.tsv,runs/exploration/explore-neuralexpert-size163-depth3-He/20260804_013907/metrics/exploration_psnr.tsv,,,,,,通过：最终 PSNR=35.214 dB，首探针增益=+4.789 dB，较峰值回落=0.000 dB。
exploration,exploration / NeuralExpert / 深度与预训练链路,NeuralExpert,manager_pretraining,Size163,depth3,PD,比较 1/2/3 层管理器与解码器，并验证管理器预训练到重建的完整链路。,configs_exploration/NeuralExpert/Size163/depth3/ionization__PD__managerpretrain.yaml,ok,false,,,,,,,false,,管理器预训练阶段不适用重建探针校验,,0,batch exploration_summary.tsv,batch_logs/exploration/20260803_044527/exploration_summary.tsv,,,,,,成功：管理器预训练完成；该阶段不产生重建 PSNR。
exploration,exploration / NeuralExpert / 深度与预训练链路,NeuralExpert,reconstruction,Size163,depth3,PD,比较 1/2/3 层管理器与解码器，并验证管理器预训练到重建的完整链路。,configs_exploration/NeuralExpert/Size163/depth3/ionization__PD.yaml,ok,true,34.810766,37.799494,50,37.799494,2.988728000000002,0,false,,按 v3 阈值回溯计算（回落>1dB 或增益<0.1dB）,"5:34.810766,10:36.457053,15:37.174391,20:37.473986,25:37.679221,30:37.726164,35:37.762988,40:37.789525,45:37.791945,50:37.799494",1,batch exploration_summary.tsv,runs/exploration/explore-neuralexpert-size163-depth3-PD/20260804_013907/metrics/exploration_psnr.tsv,,,,,,通过：最终 PSNR=37.799 dB，首探针增益=+2.989 dB，较峰值回落=0.000 dB。
exploration,exploration / RMDSRN / 网格/解码器分配,RMDSRN,reconstruction,Size163,balanced,GT,比较 decoder-heavy、balanced、grid-heavy 三种网格/多解码器参数分配。,configs_exploration/RMDSRN/Size163/balanced/ionization__GT.yaml,ok,true,30.51709,30.51709,5,26.083877,-4.4332129999999985,4.4332129999999985,true,"collapse=4.4332dB,gain=-4.4332dB",按 v3 阈值回溯计算（回落>1dB 或增益<0.1dB）,"5:30.51709,10:29.589931,15:28.541073,20:26.3011,25:25.851745,30:25.249531,35:25.626859,40:25.8717,45:26.039305,50:26.083877",1,batch exploration_summary.tsv,runs/exploration/explore-rmdsrn-size163-balanced-GT/20260803_195847_018287/metrics/exploration_psnr.tsv,,,,,,"需关注：最终 PSNR=26.084 dB，首探针增益=-4.433 dB，较峰值回落=4.433 dB；collapse=4.4332dB,gain=-4.4332dB。"
exploration,exploration / RMDSRN / 网格/解码器分配,RMDSRN,reconstruction,Size163,balanced,H_plus,比较 decoder-heavy、balanced、grid-heavy 三种网格/多解码器参数分配。,configs_exploration/RMDSRN/Size163/balanced/ionization__H_plus.yaml,ok,true,27.874594,27.874594,5,27.83074,-0.043853999999999616,0.043853999999999616,true,gain=-0.0439dB,按 v3 阈值回溯计算（回落>1dB 或增益<0.1dB）,"5:27.874594,10:26.803834,15:26.748059,20:26.129133,25:25.67842,30:25.966297,35:26.42155,40:27.347531,45:27.771641,50:27.83074",1,batch exploration_summary.tsv,runs/exploration/explore-rmdsrn-size163-balanced-H_plus/20260803_195846_987300/metrics/exploration_psnr.tsv,,,,,,需关注：最终 PSNR=27.831 dB，首探针增益=-0.044 dB，较峰值回落=0.044 dB；gain=-0.0439dB。
exploration,exploration / RMDSRN / 网格/解码器分配,RMDSRN,reconstruction,Size163,balanced,H2,比较 decoder-heavy、balanced、grid-heavy 三种网格/多解码器参数分配。,configs_exploration/RMDSRN/Size163/balanced/ionization__H2.yaml,ok,true,33.856873,33.856873,5,32.809333,-1.047539999999998,1.047539999999998,true,"collapse=1.0475dB,gain=-1.0475dB",按 v3 阈值回溯计算（回落>1dB 或增益<0.1dB）,"5:33.856873,10:32.149464,15:31.856064,20:31.256105,25:30.421147,30:29.961977,35:30.271071,40:31.817557,45:32.650461,50:32.809333",1,batch exploration_summary.tsv,runs/exploration/explore-rmdsrn-size163-balanced-H2/20260803_195846_979525/metrics/exploration_psnr.tsv,,,,,,"需关注：最终 PSNR=32.809 dB，首探针增益=-1.048 dB，较峰值回落=1.048 dB；collapse=1.0475dB,gain=-1.0475dB。"
exploration,exploration / RMDSRN / 网格/解码器分配,RMDSRN,reconstruction,Size163,balanced,He,比较 decoder-heavy、balanced、grid-heavy 三种网格/多解码器参数分配。,configs_exploration/RMDSRN/Size163/balanced/ionization__He.yaml,ok,true,26.412765,27.051653,50,27.051653,0.6388880000000015,0,false,,按 v3 阈值回溯计算（回落>1dB 或增益<0.1dB）,"5:26.412765,10:26.848358,15:25.438163,20:24.290172,25:25.392149,30:25.563765,35:26.086851,40:26.701744,45:26.985563,50:27.051653",1,batch exploration_summary.tsv,runs/exploration/explore-rmdsrn-size163-balanced-He/20260803_195847_058465/metrics/exploration_psnr.tsv,,,,,,通过：最终 PSNR=27.052 dB，首探针增益=+0.639 dB，较峰值回落=0.000 dB。
exploration,exploration / RMDSRN / 网格/解码器分配,RMDSRN,reconstruction,Size163,balanced,PD,比较 decoder-heavy、balanced、grid-heavy 三种网格/多解码器参数分配。,configs_exploration/RMDSRN/Size163/balanced/ionization__PD.yaml,ok,true,31.053187,31.053187,5,27.50491,-3.5482770000000023,3.5482770000000023,true,"collapse=3.5483dB,gain=-3.5483dB",按 v3 阈值回溯计算（回落>1dB 或增益<0.1dB）,"5:31.053187,10:29.922102,15:29.088617,20:28.379838,25:27.730986,30:27.011426,35:26.886158,40:27.052565,45:27.440811,50:27.50491",1,batch exploration_summary.tsv,runs/exploration/explore-rmdsrn-size163-balanced-PD/20260803_195847_092609/metrics/exploration_psnr.tsv,,,,,,"需关注：最终 PSNR=27.505 dB，首探针增益=-3.548 dB，较峰值回落=3.548 dB；collapse=3.5483dB,gain=-3.5483dB。"
exploration,exploration / RMDSRN / 网格/解码器分配,RMDSRN,reconstruction,Size163,decoder_heavy,GT,比较 decoder-heavy、balanced、grid-heavy 三种网格/多解码器参数分配。,configs_exploration/RMDSRN/Size163/decoder_heavy/ionization__GT.yaml,ok,true,29.188555,29.188555,5,25.065627,-4.122928000000002,4.122928000000002,true,"collapse=4.1229dB,gain=-4.1229dB",按 v3 阈值回溯计算（回落>1dB 或增益<0.1dB）,"5:29.188555,10:27.287504,15:25.978662,20:24.426746,25:24.365102,30:23.90063,35:24.153792,40:24.627688,45:24.994584,50:25.065627",1,batch exploration_summary.tsv,runs/exploration/explore-rmdsrn-size163-decoder_heavy-GT/20260803_203145_677330/metrics/exploration_psnr.tsv,,,,,,"需关注：最终 PSNR=25.066 dB，首探针增益=-4.123 dB，较峰值回落=4.123 dB；collapse=4.1229dB,gain=-4.1229dB。"
exploration,exploration / RMDSRN / 网格/解码器分配,RMDSRN,reconstruction,Size163,decoder_heavy,H_plus,比较 decoder-heavy、balanced、grid-heavy 三种网格/多解码器参数分配。,configs_exploration/RMDSRN/Size163/decoder_heavy/ionization__H_plus.yaml,ok,true,26.621513,26.621513,5,24.499992,-2.1215210000000013,2.1215210000000013,true,"collapse=2.1215dB,gain=-2.1215dB",按 v3 阈值回溯计算（回落>1dB 或增益<0.1dB）,"5:26.621513,10:25.182393,15:25.631778,20:25.395852,25:23.864753,30:24.427646,35:23.844918,40:24.241202,45:24.494367,50:24.499992",1,batch exploration_summary.tsv,runs/exploration/explore-rmdsrn-size163-decoder_heavy-H_plus/20260803_203145_680240/metrics/exploration_psnr.tsv,,,,,,"需关注：最终 PSNR=24.500 dB，首探针增益=-2.122 dB，较峰值回落=2.122 dB；collapse=2.1215dB,gain=-2.1215dB。"
exploration,exploration / RMDSRN / 网格/解码器分配,RMDSRN,reconstruction,Size163,decoder_heavy,H2,比较 decoder-heavy、balanced、grid-heavy 三种网格/多解码器参数分配。,configs_exploration/RMDSRN/Size163/decoder_heavy/ionization__H2.yaml,ok,true,33.62438,33.62438,5,29.512001,-4.112379000000001,4.112379000000001,true,"collapse=4.1124dB,gain=-4.1124dB",按 v3 阈值回溯计算（回落>1dB 或增益<0.1dB）,"5:33.62438,10:29.00881,15:28.234677,20:28.78682,25:28.428179,30:28.24501,35:28.360915,40:28.616176,45:29.282843,50:29.512001",1,batch exploration_summary.tsv,runs/exploration/explore-rmdsrn-size163-decoder_heavy-H2/20260803_203145_595416/metrics/exploration_psnr.tsv,,,,,,"需关注：最终 PSNR=29.512 dB，首探针增益=-4.112 dB，较峰值回落=4.112 dB；collapse=4.1124dB,gain=-4.1124dB。"
exploration,exploration / RMDSRN / 网格/解码器分配,RMDSRN,reconstruction,Size163,decoder_heavy,He,比较 decoder-heavy、balanced、grid-heavy 三种网格/多解码器参数分配。,configs_exploration/RMDSRN/Size163/decoder_heavy/ionization__He.yaml,ok,true,25.641928,25.641928,5,25.196901,-0.4450269999999996,0.4450269999999996,true,gain=-0.4450dB,按 v3 阈值回溯计算（回落>1dB 或增益<0.1dB）,"5:25.641928,10:25.436263,15:24.688818,20:25.411989,25:24.533237,30:23.5594,35:23.900619,40:24.515847,45:25.147647,50:25.196901",1,batch exploration_summary.tsv,runs/exploration/explore-rmdsrn-size163-decoder_heavy-He/20260803_203145_514265/metrics/exploration_psnr.tsv,,,,,,需关注：最终 PSNR=25.197 dB，首探针增益=-0.445 dB，较峰值回落=0.445 dB；gain=-0.4450dB。
exploration,exploration / RMDSRN / 网格/解码器分配,RMDSRN,reconstruction,Size163,decoder_heavy,PD,比较 decoder-heavy、balanced、grid-heavy 三种网格/多解码器参数分配。,configs_exploration/RMDSRN/Size163/decoder_heavy/ionization__PD.yaml,ok,true,30.834072,30.834072,5,26.040481,-4.793590999999999,4.793590999999999,true,"collapse=4.7936dB,gain=-4.7936dB",按 v3 阈值回溯计算（回落>1dB 或增益<0.1dB）,"5:30.834072,10:28.267816,15:26.728851,20:24.775919,25:25.484914,30:24.293108,35:25.488096,40:25.818379,45:26.021097,50:26.040481",1,batch exploration_summary.tsv,runs/exploration/explore-rmdsrn-size163-decoder_heavy-PD/20260803_203145_667403/metrics/exploration_psnr.tsv,,,,,,"需关注：最终 PSNR=26.040 dB，首探针增益=-4.794 dB，较峰值回落=4.794 dB；collapse=4.7936dB,gain=-4.7936dB。"
exploration,exploration / RMDSRN / 网格/解码器分配,RMDSRN,reconstruction,Size163,grid_heavy,GT,比较 decoder-heavy、balanced、grid-heavy 三种网格/多解码器参数分配。,configs_exploration/RMDSRN/Size163/grid_heavy/ionization__GT.yaml,ok,true,29.54527,29.54527,5,25.239857,-4.305412999999998,4.305412999999998,true,"collapse=4.3054dB,gain=-4.3054dB",按 v3 阈值回溯计算（回落>1dB 或增益<0.1dB）,"5:29.54527,10:28.557189,15:27.867257,20:26.927467,25:26.2756,30:25.728516,35:25.447152,40:25.330805,45:25.265603,50:25.239857",1,batch exploration_summary.tsv,runs/exploration/explore-rmdsrn-size163-grid_heavy-GT/20260803_212459_911076/metrics/exploration_psnr.tsv,,,,,,"需关注：最终 PSNR=25.240 dB，首探针增益=-4.305 dB，较峰值回落=4.305 dB；collapse=4.3054dB,gain=-4.3054dB。"
exploration,exploration / RMDSRN / 网格/解码器分配,RMDSRN,reconstruction,Size163,grid_heavy,H_plus,比较 decoder-heavy、balanced、grid-heavy 三种网格/多解码器参数分配。,configs_exploration/RMDSRN/Size163/grid_heavy/ionization__H_plus.yaml,ok,true,25.442902,25.442902,5,21.948597,-3.4943050000000007,3.4943050000000007,true,"collapse=3.4943dB,gain=-3.4943dB",按 v3 阈值回溯计算（回落>1dB 或增益<0.1dB）,"5:25.442902,10:25.213225,15:24.61161,20:23.942688,25:23.240245,30:22.732417,35:22.487039,40:22.201485,45:22.004117,50:21.948597",1,batch exploration_summary.tsv,runs/exploration/explore-rmdsrn-size163-grid_heavy-H_plus/20260803_212500_428242/metrics/exploration_psnr.tsv,,,,,,"需关注：最终 PSNR=21.949 dB，首探针增益=-3.494 dB，较峰值回落=3.494 dB；collapse=3.4943dB,gain=-3.4943dB。"
exploration,exploration / RMDSRN / 网格/解码器分配,RMDSRN,reconstruction,Size163,grid_heavy,H2,比较 decoder-heavy、balanced、grid-heavy 三种网格/多解码器参数分配。,configs_exploration/RMDSRN/Size163/grid_heavy/ionization__H2.yaml,ok,true,32.448404,32.448404,5,28.508429,-3.939974999999997,3.939974999999997,true,"collapse=3.9400dB,gain=-3.9400dB",按 v3 阈值回溯计算（回落>1dB 或增益<0.1dB）,"5:32.448404,10:31.686547,15:30.807045,20:29.300032,25:28.669689,30:28.047896,35:27.98548,40:28.194948,45:28.442827,50:28.508429",1,batch exploration_summary.tsv,runs/exploration/explore-rmdsrn-size163-grid_heavy-H2/20260803_212459_967408/metrics/exploration_psnr.tsv,,,,,,"需关注：最终 PSNR=28.508 dB，首探针增益=-3.940 dB，较峰值回落=3.940 dB；collapse=3.9400dB,gain=-3.9400dB。"
exploration,exploration / RMDSRN / 网格/解码器分配,RMDSRN,reconstruction,Size163,grid_heavy,He,比较 decoder-heavy、balanced、grid-heavy 三种网格/多解码器参数分配。,configs_exploration/RMDSRN/Size163/grid_heavy/ionization__He.yaml,ok,true,24.815933,24.815933,5,22.353461,-2.4624720000000018,2.4624720000000018,true,"collapse=2.4625dB,gain=-2.4625dB",按 v3 阈值回溯计算（回落>1dB 或增益<0.1dB）,"5:24.815933,10:24.622182,15:24.26037,20:23.935029,25:23.517506,30:23.159469,35:22.781377,40:22.533791,45:22.38736,50:22.353461",1,batch exploration_summary.tsv,runs/exploration/explore-rmdsrn-size163-grid_heavy-He/20260803_212459_884996/metrics/exploration_psnr.tsv,,,,,,"需关注：最终 PSNR=22.353 dB，首探针增益=-2.462 dB，较峰值回落=2.462 dB；collapse=2.4625dB,gain=-2.4625dB。"
exploration,exploration / RMDSRN / 网格/解码器分配,RMDSRN,reconstruction,Size163,grid_heavy,PD,比较 decoder-heavy、balanced、grid-heavy 三种网格/多解码器参数分配。,configs_exploration/RMDSRN/Size163/grid_heavy/ionization__PD.yaml,ok,true,29.763811,29.763811,5,25.974912,-3.7888990000000007,3.7888990000000007,true,"collapse=3.7889dB,gain=-3.7889dB",按 v3 阈值回溯计算（回落>1dB 或增益<0.1dB）,"5:29.763811,10:29.252738,15:28.129283,20:27.52044,25:26.911077,30:26.463925,35:26.130248,40:26.008861,45:25.983438,50:25.974912",1,batch exploration_summary.tsv,runs/exploration/explore-rmdsrn-size163-grid_heavy-PD/20260803_212500_234411/metrics/exploration_psnr.tsv,,,,,,"需关注：最终 PSNR=25.975 dB，首探针增益=-3.789 dB，较峰值回落=3.789 dB；collapse=3.7889dB,gain=-3.7889dB。"
exploration,exploration / SIREN / 深度扫描,SIREN,reconstruction,Size163,depth2,GT,在 Size163 单变量预算下比较 2/3/5 层 SIREN 的深度—宽度折中。,configs_exploration/SIREN/Size163/depth2/ionization__GT.yaml,ok,true,33.999029,36.296826,50,36.296826,2.2977970000000028,0,false,,按 v3 阈值回溯计算（回落>1dB 或增益<0.1dB）,"5:33.999029,10:34.699729,15:35.128471,20:35.307254,25:35.489385,30:35.766027,35:35.864441,40:36.050234,45:36.14697,50:36.296826",1,batch exploration_summary.tsv,runs/exploration/explore-siren-size163-depth2-GT/20260803_044936_314575/metrics/exploration_psnr.tsv,,,,,,通过：最终 PSNR=36.297 dB，首探针增益=+2.298 dB，较峰值回落=0.000 dB。
exploration,exploration / SIREN / 深度扫描,SIREN,reconstruction,Size163,depth2,H_plus,在 Size163 单变量预算下比较 2/3/5 层 SIREN 的深度—宽度折中。,configs_exploration/SIREN/Size163/depth2/ionization__H_plus.yaml,ok,true,30.830869,35.012623,50,35.012623,4.181753999999998,0,false,,按 v3 阈值回溯计算（回落>1dB 或增益<0.1dB）,"5:30.830869,10:32.324883,15:32.800573,20:33.03077,25:33.87992,30:33.898497,35:34.120427,40:34.305023,45:34.537473,50:35.012623",1,batch exploration_summary.tsv,runs/exploration/explore-siren-size163-depth2-H_plus/20260803_044936_302890/metrics/exploration_psnr.tsv,,,,,,通过：最终 PSNR=35.013 dB，首探针增益=+4.182 dB，较峰值回落=0.000 dB。
exploration,exploration / SIREN / 深度扫描,SIREN,reconstruction,Size163,depth2,H2,在 Size163 单变量预算下比较 2/3/5 层 SIREN 的深度—宽度折中。,configs_exploration/SIREN/Size163/depth2/ionization__H2.yaml,ok,true,34.015878,40.314406,50,40.314406,6.2985279999999975,0,false,,按 v3 阈值回溯计算（回落>1dB 或增益<0.1dB）,"5:34.015878,10:36.643213,15:37.618257,20:38.240955,25:39.085743,30:39.432551,35:39.668753,40:39.613557,45:39.986421,50:40.314406",1,batch exploration_summary.tsv,runs/exploration/explore-siren-size163-depth2-H2/20260803_044936_287580/metrics/exploration_psnr.tsv,,,,,,通过：最终 PSNR=40.314 dB，首探针增益=+6.299 dB，较峰值回落=0.000 dB。
exploration,exploration / SIREN / 深度扫描,SIREN,reconstruction,Size163,depth2,He,在 Size163 单变量预算下比较 2/3/5 层 SIREN 的深度—宽度折中。,configs_exploration/SIREN/Size163/depth2/ionization__He.yaml,ok,true,30.175611,33.785315,50,33.785315,3.609703999999997,0,false,,按 v3 阈值回溯计算（回落>1dB 或增益<0.1dB）,"5:30.175611,10:31.047176,15:31.814515,20:32.256743,25:32.417569,30:32.918431,35:33.145346,40:33.466831,45:33.626213,50:33.785315",1,batch exploration_summary.tsv,runs/exploration/explore-siren-size163-depth2-He/20260803_044936_297711/metrics/exploration_psnr.tsv,,,,,,通过：最终 PSNR=33.785 dB，首探针增益=+3.610 dB，较峰值回落=0.000 dB。
exploration,exploration / SIREN / 深度扫描,SIREN,reconstruction,Size163,depth2,PD,在 Size163 单变量预算下比较 2/3/5 层 SIREN 的深度—宽度折中。,configs_exploration/SIREN/Size163/depth2/ionization__PD.yaml,ok,true,34.537449,39.198717,50,39.198717,4.661268,0,false,,按 v3 阈值回溯计算（回落>1dB 或增益<0.1dB）,"5:34.537449,10:36.256433,15:37.053432,20:37.569794,25:37.981003,30:38.290142,35:38.637587,40:38.880142,45:39.106949,50:39.198717",1,batch exploration_summary.tsv,runs/exploration/explore-siren-size163-depth2-PD/20260803_044936_373791/metrics/exploration_psnr.tsv,,,,,,通过：最终 PSNR=39.199 dB，首探针增益=+4.661 dB，较峰值回落=0.000 dB。
exploration,exploration / SIREN / 深度扫描,SIREN,reconstruction,Size163,depth3,GT,在 Size163 单变量预算下比较 2/3/5 层 SIREN 的深度—宽度折中。,configs_exploration/SIREN/Size163/depth3/ionization__GT.yaml,ok,true,34.548698,37.56785,50,37.56785,3.0191519999999983,0,false,,按 v3 阈值回溯计算（回落>1dB 或增益<0.1dB）,"5:34.548698,10:35.4281,15:36.038033,20:36.353019,25:36.537888,30:36.930123,35:37.128127,40:37.201076,45:37.459845,50:37.56785",1,batch exploration_summary.tsv,runs/exploration/explore-siren-size163-depth3-GT/20260803_051125_500321/metrics/exploration_psnr.tsv,,,,,,通过：最终 PSNR=37.568 dB，首探针增益=+3.019 dB，较峰值回落=0.000 dB。
exploration,exploration / SIREN / 深度扫描,SIREN,reconstruction,Size163,depth3,H_plus,在 Size163 单变量预算下比较 2/3/5 层 SIREN 的深度—宽度折中。,configs_exploration/SIREN/Size163/depth3/ionization__H_plus.yaml,ok,true,31.754131,35.258746,50,35.258746,3.504615000000001,0,false,,按 v3 阈值回溯计算（回落>1dB 或增益<0.1dB）,"5:31.754131,10:32.943502,15:33.428453,20:34.012098,25:34.412545,30:34.555282,35:34.36955,40:34.389244,45:35.17772,50:35.258746",1,batch exploration_summary.tsv,runs/exploration/explore-siren-size163-depth3-H_plus/20260803_051125_710264/metrics/exploration_psnr.tsv,,,,,,通过：最终 PSNR=35.259 dB，首探针增益=+3.505 dB，较峰值回落=0.000 dB。
exploration,exploration / SIREN / 深度扫描,SIREN,reconstruction,Size163,depth3,H2,在 Size163 单变量预算下比较 2/3/5 层 SIREN 的深度—宽度折中。,configs_exploration/SIREN/Size163/depth3/ionization__H2.yaml,ok,true,35.381619,40.805157,50,40.805157,5.423538000000001,0,false,,按 v3 阈值回溯计算（回落>1dB 或增益<0.1dB）,"5:35.381619,10:37.886878,15:39.231048,20:39.300556,25:39.872283,30:40.158106,35:40.406459,40:40.183298,45:40.246497,50:40.805157",1,batch exploration_summary.tsv,runs/exploration/explore-siren-size163-depth3-H2/20260803_051125_463770/metrics/exploration_psnr.tsv,,,,,,通过：最终 PSNR=40.805 dB，首探针增益=+5.424 dB，较峰值回落=0.000 dB。
exploration,exploration / SIREN / 深度扫描,SIREN,reconstruction,Size163,depth3,He,在 Size163 单变量预算下比较 2/3/5 层 SIREN 的深度—宽度折中。,configs_exploration/SIREN/Size163/depth3/ionization__He.yaml,ok,true,30.681255,34.533118,45,34.486274,3.8050190000000015,0.04684400000000011,false,,按 v3 阈值回溯计算（回落>1dB 或增益<0.1dB）,"5:30.681255,10:31.685074,15:32.462929,20:32.820837,25:33.40508,30:33.511904,35:33.856228,40:33.903188,45:34.533118,50:34.486274",1,batch exploration_summary.tsv,runs/exploration/explore-siren-size163-depth3-He/20260803_051125_578788/metrics/exploration_psnr.tsv,,,,,,通过：最终 PSNR=34.486 dB，首探针增益=+3.805 dB，较峰值回落=0.047 dB。
exploration,exploration / SIREN / 深度扫描,SIREN,reconstruction,Size163,depth3,PD,在 Size163 单变量预算下比较 2/3/5 层 SIREN 的深度—宽度折中。,configs_exploration/SIREN/Size163/depth3/ionization__PD.yaml,ok,true,36.041549,41.029231,50,41.029231,4.9876819999999995,0,false,,按 v3 阈值回溯计算（回落>1dB 或增益<0.1dB）,"5:36.041549,10:37.738284,15:38.743228,20:39.299223,25:39.639671,30:39.922496,35:39.946306,40:40.518561,45:40.674766,50:41.029231",1,batch exploration_summary.tsv,runs/exploration/explore-siren-size163-depth3-PD/20260803_051125_692284/metrics/exploration_psnr.tsv,,,,,,通过：最终 PSNR=41.029 dB，首探针增益=+4.988 dB，较峰值回落=0.000 dB。
exploration,exploration / SIREN / 深度扫描,SIREN,reconstruction,Size163,depth5,GT,在 Size163 单变量预算下比较 2/3/5 层 SIREN 的深度—宽度折中。,configs_exploration/SIREN/Size163/depth5/ionization__GT.yaml,ok,true,34.562344,38.280998,50,38.280998,3.7186539999999937,0,false,,按 v3 阈值回溯计算（回落>1dB 或增益<0.1dB）,"5:34.562344,10:35.390623,15:36.072856,20:36.188312,25:36.508636,30:36.880313,35:37.211429,40:37.567366,45:37.937344,50:38.280998",1,batch exploration_summary.tsv,runs/exploration/explore-siren-size163-depth5-GT/20260803_053251_382926/metrics/exploration_psnr.tsv,,,,,,通过：最终 PSNR=38.281 dB，首探针增益=+3.719 dB，较峰值回落=0.000 dB。
exploration,exploration / SIREN / 深度扫描,SIREN,reconstruction,Size163,depth5,H_plus,在 Size163 单变量预算下比较 2/3/5 层 SIREN 的深度—宽度折中。,configs_exploration/SIREN/Size163/depth5/ionization__H_plus.yaml,ok,true,31.270023,34.792169,50,34.792169,3.522146000000003,0,false,,按 v3 阈值回溯计算（回落>1dB 或增益<0.1dB）,"5:31.270023,10:32.527652,15:32.897905,20:33.22722,25:33.830006,30:34.183528,35:34.253096,40:34.384551,45:34.613176,50:34.792169",1,batch exploration_summary.tsv,runs/exploration/explore-siren-size163-depth5-H_plus/20260803_053251_682434/metrics/exploration_psnr.tsv,,,,,,通过：最终 PSNR=34.792 dB，首探针增益=+3.522 dB，较峰值回落=0.000 dB。
exploration,exploration / SIREN / 深度扫描,SIREN,reconstruction,Size163,depth5,H2,在 Size163 单变量预算下比较 2/3/5 层 SIREN 的深度—宽度折中。,configs_exploration/SIREN/Size163/depth5/ionization__H2.yaml,ok,true,36.200409,40.424641,50,40.424641,4.224232000000001,0,false,,按 v3 阈值回溯计算（回落>1dB 或增益<0.1dB）,"5:36.200409,10:37.748208,15:38.406294,20:39.469311,25:39.634391,30:39.975594,35:40.197593,40:40.045856,45:40.263518,50:40.424641",1,batch exploration_summary.tsv,runs/exploration/explore-siren-size163-depth5-H2/20260803_053251_242439/metrics/exploration_psnr.tsv,,,,,,通过：最终 PSNR=40.425 dB，首探针增益=+4.224 dB，较峰值回落=0.000 dB。
exploration,exploration / SIREN / 深度扫描,SIREN,reconstruction,Size163,depth5,He,在 Size163 单变量预算下比较 2/3/5 层 SIREN 的深度—宽度折中。,configs_exploration/SIREN/Size163/depth5/ionization__He.yaml,ok,true,29.848612,34.256389,50,34.256389,4.407776999999999,0,false,,按 v3 阈值回溯计算（回落>1dB 或增益<0.1dB）,"5:29.848612,10:31.259361,15:32.211603,20:32.462035,25:32.81731,30:33.160715,35:33.108203,40:33.475178,45:33.766197,50:34.256389",1,batch exploration_summary.tsv,runs/exploration/explore-siren-size163-depth5-He/20260803_053251_131306/metrics/exploration_psnr.tsv,,,,,,通过：最终 PSNR=34.256 dB，首探针增益=+4.408 dB，较峰值回落=0.000 dB。
exploration,exploration / SIREN / 深度扫描,SIREN,reconstruction,Size163,depth5,PD,在 Size163 单变量预算下比较 2/3/5 层 SIREN 的深度—宽度折中。,configs_exploration/SIREN/Size163/depth5/ionization__PD.yaml,ok,true,35.728601,40.589489,50,40.589489,4.860888000000003,0,false,,按 v3 阈值回溯计算（回落>1dB 或增益<0.1dB）,"5:35.728601,10:37.797504,15:38.315627,20:38.95609,25:39.472657,30:39.756639,35:39.617852,40:40.125645,45:40.440128,50:40.589489",1,batch exploration_summary.tsv,runs/exploration/explore-siren-size163-depth5-PD/20260803_053251_451520/metrics/exploration_psnr.tsv,,,,,,通过：最终 PSNR=40.589 dB，首探针增益=+4.861 dB，较峰值回落=0.000 dB。
exploration,exploration / VarExpert / 专家数扫描,VarExpert,reconstruction,Size163,experts4,aggregate,在固定 top-3 路由和近似总预算下比较 4/6/8 个专家。,configs_exploration/VarExpert/Size163/experts4/ionization.yaml,ok,true,36.520617,43.801765,50,43.801765,7.281148000000002,0,false,,按 v3 阈值回溯计算（回落>1dB 或增益<0.1dB）,"5:36.520617,10:38.501136,15:39.54202,20:40.277546,25:40.718714,30:41.315089,35:40.702905,40:39.704919,45:43.12119,50:43.801765",1,batch exploration_summary.tsv,runs/exploration/explore-varexpert-size163-experts4/20260803_102354_480468/metrics/exploration_psnr.tsv,,,,,,通过：最终 PSNR=43.802 dB，首探针增益=+7.281 dB，较峰值回落=0.000 dB。
exploration,exploration / VarExpert / 专家数扫描,VarExpert,reconstruction,Size163,experts6,aggregate,在固定 top-3 路由和近似总预算下比较 4/6/8 个专家。,configs_exploration/VarExpert/Size163/experts6/ionization.yaml,ok,true,36.878285,43.209342,40,42.464913,5.586628000000005,0.7444289999999967,false,,按 v3 阈值回溯计算（回落>1dB 或增益<0.1dB）,"5:36.878285,10:38.679757,15:39.723967,20:40.18324,25:40.792345,30:40.819496,35:42.546422,40:43.209342,45:42.987148,50:42.464913",1,batch exploration_summary.tsv,runs/exploration/explore-varexpert-size163-experts6/20260803_113754_868141/metrics/exploration_psnr.tsv,,,,,,通过：最终 PSNR=42.465 dB，首探针增益=+5.587 dB，较峰值回落=0.744 dB。
exploration,exploration / VarExpert / 专家数扫描,VarExpert,reconstruction,Size163,experts8,aggregate,在固定 top-3 路由和近似总预算下比较 4/6/8 个专家。,configs_exploration/VarExpert/Size163/experts8/ionization.yaml,ok,true,36.312322,43.93634,50,43.93634,7.6240179999999995,0,false,,按 v3 阈值回溯计算（回落>1dB 或增益<0.1dB）,"5:36.312322,10:38.714457,15:39.843796,20:40.902037,25:41.187958,30:41.562984,35:43.090764,40:43.53655,45:43.508006,50:43.93634",1,batch exploration_summary.tsv,runs/exploration/explore-varexpert-size163-experts8/20260803_125750_295108/metrics/exploration_psnr.tsv,,,,,,通过：最终 PSNR=43.936 dB，首探针增益=+7.624 dB，较峰值回落=0.000 dB。
explorationv2,explorationv2 / MC-INR / 修复后复验,MC-INR,reconstruction,Size163,depth3_4,aggregate,在目标布局修复后重跑三组深度配置，确认 v1 的失败是否来自实现问题。,configs_exploration_v2/MC-INR/Size163/depth3_4/ionization.yaml,ok,true,34.780768,39.262491,45,38.16552,3.384751999999999,1.0969709999999964,true,collapse=1.0970dB,按 v3 阈值回溯计算（回落>1dB 或增益<0.1dB）,"5:34.780768,10:36.628362,15:37.176619,20:37.72902,25:38.359399,30:38.193385,35:38.72138,40:39.097018,45:39.262491,50:38.16552",1,batch exploration_summary.tsv,runs/exploration_v2/explore-v2-mc_inr-size163-depth3_4/20260805_083714_999011/metrics/exploration_psnr.tsv,,,,,,需关注：最终 PSNR=38.166 dB，首探针增益=+3.385 dB，较峰值回落=1.097 dB；collapse=1.0970dB。
explorationv2,explorationv2 / MC-INR / 修复后复验,MC-INR,reconstruction,Size163,depth5_6,aggregate,在目标布局修复后重跑三组深度配置，确认 v1 的失败是否来自实现问题。,configs_exploration_v2/MC-INR/Size163/depth5_6/ionization.yaml,ok,true,34.09286,38.173419,45,38.03619,3.943329999999996,0.13722900000000493,false,,按 v3 阈值回溯计算（回落>1dB 或增益<0.1dB）,"5:34.09286,10:35.834924,15:36.414519,20:36.888403,25:37.348081,30:37.437495,35:37.612344,40:37.522312,45:38.173419,50:38.03619",1,batch exploration_summary.tsv,runs/exploration_v2/explore-v2-mc_inr-size163-depth5_6/20260805_083715_044156/metrics/exploration_psnr.tsv,,,,,,通过：最终 PSNR=38.036 dB，首探针增益=+3.943 dB，较峰值回落=0.137 dB。
explorationv2,explorationv2 / MC-INR / 修复后复验,MC-INR,reconstruction,Size163,depth7_8,aggregate,在目标布局修复后重跑三组深度配置，确认 v1 的失败是否来自实现问题。,configs_exploration_v2/MC-INR/Size163/depth7_8/ionization.yaml,ok,true,33.753138,35.709944,20,31.198479,-2.554659000000001,4.511465000000001,true,"collapse=4.5115dB,gain=-2.5547dB",按 v3 阈值回溯计算（回落>1dB 或增益<0.1dB）,"5:33.753138,10:35.041296,15:35.5872,20:35.709944,25:34.449361,30:34.026148,35:33.494463,40:32.233713,45:31.158632,50:31.198479",1,batch exploration_summary.tsv,runs/exploration_v2/explore-v2-mc_inr-size163-depth7_8/20260805_083715_008650/metrics/exploration_psnr.tsv,,,,,,"需关注：最终 PSNR=31.198 dB，首探针增益=-2.555 dB，较峰值回落=4.511 dB；collapse=4.5115dB,gain=-2.5547dB。"
explorationv2,explorationv2 / NeuralExpert / Size326 深度扫描,NeuralExpert,manager_pretraining,Size326,depth1,GT,将预算提高到 Size326，比较 1/2/3 层结构并复核管理器预训练链路。,configs_exploration_v2/NeuralExpert/Size326/depth1/ionization__GT__managerpretrain.yaml,ok,false,,,,,,,false,,管理器预训练阶段不适用重建探针校验,,0,batch exploration_summary.tsv,batch_logs/exploration_v2/20260805_082827/exploration_summary.tsv,,,,,,成功：管理器预训练完成；该阶段不产生重建 PSNR。
explorationv2,explorationv2 / NeuralExpert / Size326 深度扫描,NeuralExpert,reconstruction,Size326,depth1,GT,将预算提高到 Size326，比较 1/2/3 层结构并复核管理器预训练链路。,configs_exploration_v2/NeuralExpert/Size326/depth1/ionization__GT.yaml,ok,true,36.918506,40.983532,50,40.983532,4.065025999999996,0,false,,按 v3 阈值回溯计算（回落>1dB 或增益<0.1dB）,"5:36.918506,10:39.216666,15:40.069515,20:40.575975,25:40.793865,30:40.862462,35:40.943518,40:40.968625,45:40.97187,50:40.983532",1,batch exploration_summary.tsv,runs/exploration_v2/explore-v2-neuralexpert-size326-depth1-GT/20260808_105805/metrics/exploration_psnr.tsv,,,,,,通过：最终 PSNR=40.984 dB，首探针增益=+4.065 dB，较峰值回落=0.000 dB。
explorationv2,explorationv2 / NeuralExpert / Size326 深度扫描,NeuralExpert,manager_pretraining,Size326,depth1,H_plus,将预算提高到 Size326，比较 1/2/3 层结构并复核管理器预训练链路。,configs_exploration_v2/NeuralExpert/Size326/depth1/ionization__H_plus__managerpretrain.yaml,ok,false,,,,,,,false,,管理器预训练阶段不适用重建探针校验,,0,batch exploration_summary.tsv,batch_logs/exploration_v2/20260805_082827/exploration_summary.tsv,,,,,,成功：管理器预训练完成；该阶段不产生重建 PSNR。
explorationv2,explorationv2 / NeuralExpert / Size326 深度扫描,NeuralExpert,reconstruction,Size326,depth1,H_plus,将预算提高到 Size326，比较 1/2/3 层结构并复核管理器预训练链路。,configs_exploration_v2/NeuralExpert/Size326/depth1/ionization__H_plus.yaml,ok,true,32.382913,38.633103,45,38.622552,6.239638999999997,0.010550999999999533,false,,按 v3 阈值回溯计算（回落>1dB 或增益<0.1dB）,"5:32.382913,10:35.672585,15:37.039176,20:37.746932,25:38.223834,30:38.520694,35:38.558393,40:38.628401,45:38.633103,50:38.622552",1,batch exploration_summary.tsv,runs/exploration_v2/explore-v2-neuralexpert-size326-depth1-H_plus/20260808_105805/metrics/exploration_psnr.tsv,,,,,,通过：最终 PSNR=38.623 dB，首探针增益=+6.240 dB，较峰值回落=0.011 dB。
explorationv2,explorationv2 / NeuralExpert / Size326 深度扫描,NeuralExpert,manager_pretraining,Size326,depth1,H2,将预算提高到 Size326，比较 1/2/3 层结构并复核管理器预训练链路。,configs_exploration_v2/NeuralExpert/Size326/depth1/ionization__H2__managerpretrain.yaml,ok,false,,,,,,,false,,管理器预训练阶段不适用重建探针校验,,0,batch exploration_summary.tsv,batch_logs/exploration_v2/20260805_082827/exploration_summary.tsv,,,,,,成功：管理器预训练完成；该阶段不产生重建 PSNR。
explorationv2,explorationv2 / NeuralExpert / Size326 深度扫描,NeuralExpert,reconstruction,Size326,depth1,H2,将预算提高到 Size326，比较 1/2/3 层结构并复核管理器预训练链路。,configs_exploration_v2/NeuralExpert/Size326/depth1/ionization__H2.yaml,ok,true,36.479484,39.944902,50,39.944902,3.4654179999999997,0,false,,按 v3 阈值回溯计算（回落>1dB 或增益<0.1dB）,"5:36.479484,10:38.440533,15:39.33009,20:39.61612,25:39.778206,30:39.881153,35:39.891253,40:39.930199,45:39.929163,50:39.944902",1,batch exploration_summary.tsv,runs/exploration_v2/explore-v2-neuralexpert-size326-depth1-H2/20260808_105805/metrics/exploration_psnr.tsv,,,,,,通过：最终 PSNR=39.945 dB，首探针增益=+3.465 dB，较峰值回落=0.000 dB。
explorationv2,explorationv2 / NeuralExpert / Size326 深度扫描,NeuralExpert,manager_pretraining,Size326,depth1,He,将预算提高到 Size326，比较 1/2/3 层结构并复核管理器预训练链路。,configs_exploration_v2/NeuralExpert/Size326/depth1/ionization__He__managerpretrain.yaml,ok,false,,,,,,,false,,管理器预训练阶段不适用重建探针校验,,0,batch exploration_summary.tsv,batch_logs/exploration_v2/20260805_082827/exploration_summary.tsv,,,,,,成功：管理器预训练完成；该阶段不产生重建 PSNR。
explorationv2,explorationv2 / NeuralExpert / Size326 深度扫描,NeuralExpert,reconstruction,Size326,depth1,He,将预算提高到 Size326，比较 1/2/3 层结构并复核管理器预训练链路。,configs_exploration_v2/NeuralExpert/Size326/depth1/ionization__He.yaml,ok,true,32.305723,38.642359,50,38.642359,6.336635999999999,0,false,,按 v3 阈值回溯计算（回落>1dB 或增益<0.1dB）,"5:32.305723,10:35.555518,15:36.697493,20:37.571372,25:38.282607,30:38.317158,35:38.561998,40:38.603725,45:38.597198,50:38.642359",1,batch exploration_summary.tsv,runs/exploration_v2/explore-v2-neuralexpert-size326-depth1-He/20260808_105805/metrics/exploration_psnr.tsv,,,,,,通过：最终 PSNR=38.642 dB，首探针增益=+6.337 dB，较峰值回落=0.000 dB。
explorationv2,explorationv2 / NeuralExpert / Size326 深度扫描,NeuralExpert,manager_pretraining,Size326,depth1,PD,将预算提高到 Size326，比较 1/2/3 层结构并复核管理器预训练链路。,configs_exploration_v2/NeuralExpert/Size326/depth1/ionization__PD__managerpretrain.yaml,ok,false,,,,,,,false,,管理器预训练阶段不适用重建探针校验,,0,batch exploration_summary.tsv,batch_logs/exploration_v2/20260805_082827/exploration_summary.tsv,,,,,,成功：管理器预训练完成；该阶段不产生重建 PSNR。
explorationv2,explorationv2 / NeuralExpert / Size326 深度扫描,NeuralExpert,reconstruction,Size326,depth1,PD,将预算提高到 Size326，比较 1/2/3 层结构并复核管理器预训练链路。,configs_exploration_v2/NeuralExpert/Size326/depth1/ionization__PD.yaml,ok,true,35.289777,39.219599,50,39.219599,3.9298220000000015,0,false,,按 v3 阈值回溯计算（回落>1dB 或增益<0.1dB）,"5:35.289777,10:37.23945,15:38.304033,20:38.739874,25:39.017673,30:39.128678,35:39.17488,40:39.213332,45:39.208948,50:39.219599",1,batch exploration_summary.tsv,runs/exploration_v2/explore-v2-neuralexpert-size326-depth1-PD/20260808_105805/metrics/exploration_psnr.tsv,,,,,,通过：最终 PSNR=39.220 dB，首探针增益=+3.930 dB，较峰值回落=0.000 dB。
explorationv2,explorationv2 / NeuralExpert / Size326 深度扫描,NeuralExpert,manager_pretraining,Size326,depth2,GT,将预算提高到 Size326，比较 1/2/3 层结构并复核管理器预训练链路。,configs_exploration_v2/NeuralExpert/Size326/depth2/ionization__GT__managerpretrain.yaml,ok,false,,,,,,,false,,管理器预训练阶段不适用重建探针校验,,0,batch exploration_summary.tsv,batch_logs/exploration_v2/20260805_082827/exploration_summary.tsv,,,,,,成功：管理器预训练完成；该阶段不产生重建 PSNR。
explorationv2,explorationv2 / NeuralExpert / Size326 深度扫描,NeuralExpert,reconstruction,Size326,depth2,GT,将预算提高到 Size326，比较 1/2/3 层结构并复核管理器预训练链路。,configs_exploration_v2/NeuralExpert/Size326/depth2/ionization__GT.yaml,ok,true,36.334118,39.929855,50,39.929855,3.595737000000007,0,false,,按 v3 阈值回溯计算（回落>1dB 或增益<0.1dB）,"5:36.334118,10:38.274802,15:39.061636,20:39.49802,25:39.74336,30:39.811633,35:39.88811,40:39.92141,45:39.918416,50:39.929855",1,batch exploration_summary.tsv,runs/exploration_v2/explore-v2-neuralexpert-size326-depth2-GT/20260808_194646/metrics/exploration_psnr.tsv,,,,,,通过：最终 PSNR=39.930 dB，首探针增益=+3.596 dB，较峰值回落=0.000 dB。
explorationv2,explorationv2 / NeuralExpert / Size326 深度扫描,NeuralExpert,manager_pretraining,Size326,depth2,H_plus,将预算提高到 Size326，比较 1/2/3 层结构并复核管理器预训练链路。,configs_exploration_v2/NeuralExpert/Size326/depth2/ionization__H_plus__managerpretrain.yaml,ok,false,,,,,,,false,,管理器预训练阶段不适用重建探针校验,,0,batch exploration_summary.tsv,batch_logs/exploration_v2/20260805_082827/exploration_summary.tsv,,,,,,成功：管理器预训练完成；该阶段不产生重建 PSNR。
explorationv2,explorationv2 / NeuralExpert / Size326 深度扫描,NeuralExpert,reconstruction,Size326,depth2,H_plus,将预算提高到 Size326，比较 1/2/3 层结构并复核管理器预训练链路。,configs_exploration_v2/NeuralExpert/Size326/depth2/ionization__H_plus.yaml,ok,true,31.873715,37.775118,50,37.775118,5.901402999999998,0,false,,按 v3 阈值回溯计算（回落>1dB 或增益<0.1dB）,"5:31.873715,10:34.927261,15:36.042274,20:36.910351,25:37.479018,30:37.630738,35:37.707248,40:37.746609,45:37.765337,50:37.775118",1,batch exploration_summary.tsv,runs/exploration_v2/explore-v2-neuralexpert-size326-depth2-H_plus/20260808_194646/metrics/exploration_psnr.tsv,,,,,,通过：最终 PSNR=37.775 dB，首探针增益=+5.901 dB，较峰值回落=0.000 dB。
explorationv2,explorationv2 / NeuralExpert / Size326 深度扫描,NeuralExpert,manager_pretraining,Size326,depth2,H2,将预算提高到 Size326，比较 1/2/3 层结构并复核管理器预训练链路。,configs_exploration_v2/NeuralExpert/Size326/depth2/ionization__H2__managerpretrain.yaml,ok,false,,,,,,,false,,管理器预训练阶段不适用重建探针校验,,0,batch exploration_summary.tsv,batch_logs/exploration_v2/20260805_082827/exploration_summary.tsv,,,,,,成功：管理器预训练完成；该阶段不产生重建 PSNR。
explorationv2,explorationv2 / NeuralExpert / Size326 深度扫描,NeuralExpert,reconstruction,Size326,depth2,H2,将预算提高到 Size326，比较 1/2/3 层结构并复核管理器预训练链路。,configs_exploration_v2/NeuralExpert/Size326/depth2/ionization__H2.yaml,ok,true,36.241124,40.200176,45,40.185391,3.9442670000000035,0.014784999999996273,false,,按 v3 阈值回溯计算（回落>1dB 或增益<0.1dB）,"5:36.241124,10:38.576354,15:39.41569,20:39.780163,25:39.902758,30:40.078281,35:40.118307,40:40.178189,45:40.200176,50:40.185391",1,batch exploration_summary.tsv,runs/exploration_v2/explore-v2-neuralexpert-size326-depth2-H2/20260808_194646/metrics/exploration_psnr.tsv,,,,,,通过：最终 PSNR=40.185 dB，首探针增益=+3.944 dB，较峰值回落=0.015 dB。
explorationv2,explorationv2 / NeuralExpert / Size326 深度扫描,NeuralExpert,manager_pretraining,Size326,depth2,He,将预算提高到 Size326，比较 1/2/3 层结构并复核管理器预训练链路。,configs_exploration_v2/NeuralExpert/Size326/depth2/ionization__He__managerpretrain.yaml,ok,false,,,,,,,false,,管理器预训练阶段不适用重建探针校验,,0,batch exploration_summary.tsv,batch_logs/exploration_v2/20260805_082827/exploration_summary.tsv,,,,,,成功：管理器预训练完成；该阶段不产生重建 PSNR。
explorationv2,explorationv2 / NeuralExpert / Size326 深度扫描,NeuralExpert,reconstruction,Size326,depth2,He,将预算提高到 Size326，比较 1/2/3 层结构并复核管理器预训练链路。,configs_exploration_v2/NeuralExpert/Size326/depth2/ionization__He.yaml,ok,true,31.284612,36.805438,50,36.805438,5.520826000000003,0,false,,按 v3 阈值回溯计算（回落>1dB 或增益<0.1dB）,"5:31.284612,10:33.875537,15:34.840253,20:35.876993,25:36.405303,30:36.451144,35:36.708281,40:36.760284,45:36.763961,50:36.805438",1,batch exploration_summary.tsv,runs/exploration_v2/explore-v2-neuralexpert-size326-depth2-He/20260808_194646/metrics/exploration_psnr.tsv,,,,,,通过：最终 PSNR=36.805 dB，首探针增益=+5.521 dB，较峰值回落=0.000 dB。
explorationv2,explorationv2 / NeuralExpert / Size326 深度扫描,NeuralExpert,manager_pretraining,Size326,depth2,PD,将预算提高到 Size326，比较 1/2/3 层结构并复核管理器预训练链路。,configs_exploration_v2/NeuralExpert/Size326/depth2/ionization__PD__managerpretrain.yaml,ok,false,,,,,,,false,,管理器预训练阶段不适用重建探针校验,,0,batch exploration_summary.tsv,batch_logs/exploration_v2/20260805_082827/exploration_summary.tsv,,,,,,成功：管理器预训练完成；该阶段不产生重建 PSNR。
explorationv2,explorationv2 / NeuralExpert / Size326 深度扫描,NeuralExpert,reconstruction,Size326,depth2,PD,将预算提高到 Size326，比较 1/2/3 层结构并复核管理器预训练链路。,configs_exploration_v2/NeuralExpert/Size326/depth2/ionization__PD.yaml,ok,true,35.064945,39.843384,50,39.843384,4.778438999999999,0,false,,按 v3 阈值回溯计算（回落>1dB 或增益<0.1dB）,"5:35.064945,10:37.482984,15:38.64295,20:39.271961,25:39.568013,30:39.716741,35:39.786144,40:39.827513,45:39.838846,50:39.843384",1,batch exploration_summary.tsv,runs/exploration_v2/explore-v2-neuralexpert-size326-depth2-PD/20260808_194646/metrics/exploration_psnr.tsv,,,,,,通过：最终 PSNR=39.843 dB，首探针增益=+4.778 dB，较峰值回落=0.000 dB。
explorationv2,explorationv2 / NeuralExpert / Size326 深度扫描,NeuralExpert,manager_pretraining,Size326,depth3,GT,将预算提高到 Size326，比较 1/2/3 层结构并复核管理器预训练链路。,configs_exploration_v2/NeuralExpert/Size326/depth3/ionization__GT__managerpretrain.yaml,ok,false,,,,,,,false,,管理器预训练阶段不适用重建探针校验,,0,batch exploration_summary.tsv,batch_logs/exploration_v2/20260805_082827/exploration_summary.tsv,,,,,,成功：管理器预训练完成；该阶段不产生重建 PSNR。
explorationv2,explorationv2 / NeuralExpert / Size326 深度扫描,NeuralExpert,reconstruction,Size326,depth3,GT,将预算提高到 Size326，比较 1/2/3 层结构并复核管理器预训练链路。,configs_exploration_v2/NeuralExpert/Size326/depth3/ionization__GT.yaml,ok,true,35.348996,39.32114,50,39.32114,3.972144,0,false,,按 v3 阈值回溯计算（回落>1dB 或增益<0.1dB）,"5:35.348996,10:37.462939,15:38.331729,20:38.884214,25:39.113099,30:39.210621,35:39.278341,40:39.297676,45:39.314353,50:39.32114",1,batch exploration_summary.tsv,runs/exploration_v2/explore-v2-neuralexpert-size326-depth3-GT/20260809_045423/metrics/exploration_psnr.tsv,,,,,,通过：最终 PSNR=39.321 dB，首探针增益=+3.972 dB，较峰值回落=0.000 dB。
explorationv2,explorationv2 / NeuralExpert / Size326 深度扫描,NeuralExpert,manager_pretraining,Size326,depth3,H_plus,将预算提高到 Size326，比较 1/2/3 层结构并复核管理器预训练链路。,configs_exploration_v2/NeuralExpert/Size326/depth3/ionization__H_plus__managerpretrain.yaml,ok,false,,,,,,,false,,管理器预训练阶段不适用重建探针校验,,0,batch exploration_summary.tsv,batch_logs/exploration_v2/20260805_082827/exploration_summary.tsv,,,,,,成功：管理器预训练完成；该阶段不产生重建 PSNR。
explorationv2,explorationv2 / NeuralExpert / Size326 深度扫描,NeuralExpert,reconstruction,Size326,depth3,H_plus,将预算提高到 Size326，比较 1/2/3 层结构并复核管理器预训练链路。,configs_exploration_v2/NeuralExpert/Size326/depth3/ionization__H_plus.yaml,ok,true,32.102909,37.967885,50,37.967885,5.864976000000006,0,false,,按 v3 阈值回溯计算（回落>1dB 或增益<0.1dB）,"5:32.102909,10:34.920635,15:36.378543,20:37.20837,25:37.582451,30:37.788699,35:37.932765,40:37.955933,45:37.953025,50:37.967885",1,batch exploration_summary.tsv,runs/exploration_v2/explore-v2-neuralexpert-size326-depth3-H_plus/20260809_045423/metrics/exploration_psnr.tsv,,,,,,通过：最终 PSNR=37.968 dB，首探针增益=+5.865 dB，较峰值回落=0.000 dB。
explorationv2,explorationv2 / NeuralExpert / Size326 深度扫描,NeuralExpert,manager_pretraining,Size326,depth3,H2,将预算提高到 Size326，比较 1/2/3 层结构并复核管理器预训练链路。,configs_exploration_v2/NeuralExpert/Size326/depth3/ionization__H2__managerpretrain.yaml,ok,false,,,,,,,false,,管理器预训练阶段不适用重建探针校验,,0,batch exploration_summary.tsv,batch_logs/exploration_v2/20260805_082827/exploration_summary.tsv,,,,,,成功：管理器预训练完成；该阶段不产生重建 PSNR。
explorationv2,explorationv2 / NeuralExpert / Size326 深度扫描,NeuralExpert,reconstruction,Size326,depth3,H2,将预算提高到 Size326，比较 1/2/3 层结构并复核管理器预训练链路。,configs_exploration_v2/NeuralExpert/Size326/depth3/ionization__H2.yaml,ok,true,37.200036,40.713307,50,40.713307,3.513271000000003,0,false,,按 v3 阈值回溯计算（回落>1dB 或增益<0.1dB）,"5:37.200036,10:39.124094,15:39.739232,20:40.302803,25:40.484172,30:40.640241,35:40.645802,40:40.694576,45:40.70891,50:40.713307",1,batch exploration_summary.tsv,runs/exploration_v2/explore-v2-neuralexpert-size326-depth3-H2/20260809_045423/metrics/exploration_psnr.tsv,,,,,,通过：最终 PSNR=40.713 dB，首探针增益=+3.513 dB，较峰值回落=0.000 dB。
explorationv2,explorationv2 / NeuralExpert / Size326 深度扫描,NeuralExpert,manager_pretraining,Size326,depth3,He,将预算提高到 Size326，比较 1/2/3 层结构并复核管理器预训练链路。,configs_exploration_v2/NeuralExpert/Size326/depth3/ionization__He__managerpretrain.yaml,ok,false,,,,,,,false,,管理器预训练阶段不适用重建探针校验,,0,batch exploration_summary.tsv,batch_logs/exploration_v2/20260805_082827/exploration_summary.tsv,,,,,,成功：管理器预训练完成；该阶段不产生重建 PSNR。
explorationv2,explorationv2 / NeuralExpert / Size326 深度扫描,NeuralExpert,reconstruction,Size326,depth3,He,将预算提高到 Size326，比较 1/2/3 层结构并复核管理器预训练链路。,configs_exploration_v2/NeuralExpert/Size326/depth3/ionization__He.yaml,ok,true,31.256933,37.208565,50,37.208565,5.951632,0,false,,按 v3 阈值回溯计算（回落>1dB 或增益<0.1dB）,"5:31.256933,10:34.081652,15:35.190298,20:36.118131,25:36.846818,30:36.961326,35:37.149753,40:37.163254,45:37.192236,50:37.208565",1,batch exploration_summary.tsv,runs/exploration_v2/explore-v2-neuralexpert-size326-depth3-He/20260809_045424/metrics/exploration_psnr.tsv,,,,,,通过：最终 PSNR=37.209 dB，首探针增益=+5.952 dB，较峰值回落=0.000 dB。
explorationv2,explorationv2 / NeuralExpert / Size326 深度扫描,NeuralExpert,manager_pretraining,Size326,depth3,PD,将预算提高到 Size326，比较 1/2/3 层结构并复核管理器预训练链路。,configs_exploration_v2/NeuralExpert/Size326/depth3/ionization__PD__managerpretrain.yaml,ok,false,,,,,,,false,,管理器预训练阶段不适用重建探针校验,,0,batch exploration_summary.tsv,batch_logs/exploration_v2/20260805_082827/exploration_summary.tsv,,,,,,成功：管理器预训练完成；该阶段不产生重建 PSNR。
explorationv2,explorationv2 / NeuralExpert / Size326 深度扫描,NeuralExpert,reconstruction,Size326,depth3,PD,将预算提高到 Size326，比较 1/2/3 层结构并复核管理器预训练链路。,configs_exploration_v2/NeuralExpert/Size326/depth3/ionization__PD.yaml,ok,true,36.541526,41.113592,50,41.113592,4.5720659999999995,0,false,,按 v3 阈值回溯计算（回落>1dB 或增益<0.1dB）,"5:36.541526,10:38.951332,15:40.032263,20:40.492923,25:40.918979,30:41.007986,35:41.041842,40:41.100591,45:41.099858,50:41.113592",1,batch exploration_summary.tsv,runs/exploration_v2/explore-v2-neuralexpert-size326-depth3-PD/20260809_045423/metrics/exploration_psnr.tsv,,,,,,通过：最终 PSNR=41.114 dB，首探针增益=+4.572 dB，较峰值回落=0.000 dB。
explorationv2,explorationv2 / VarExpert / 专家数/top-k 扫描,VarExpert,reconstruction,Size163,experts10_top1,aggregate,以 8 专家/top-3 为对照，系统扫描 9/10 专家及 top-k，寻找路由稀疏度最佳点。,configs_exploration_v2/VarExpert/Size163/experts10_top1/ionization.yaml,ok,true,35.458376,41.252427,50,41.252427,5.794050999999996,0,false,,按 v3 阈值回溯计算（回落>1dB 或增益<0.1dB）,"5:35.458376,10:37.232497,15:37.98696,20:38.791969,25:39.425433,30:39.512049,35:40.252022,40:38.701004,45:40.297704,50:41.252427",1,batch exploration_summary.tsv,runs/exploration_v2/explore-v2-varexpert-size163-experts10_top1/20260807_050604_045112/metrics/exploration_psnr.tsv,,,,,,通过：最终 PSNR=41.252 dB，首探针增益=+5.794 dB，较峰值回落=0.000 dB。
explorationv2,explorationv2 / VarExpert / 专家数/top-k 扫描,VarExpert,reconstruction,Size163,experts10_top10,aggregate,以 8 专家/top-3 为对照，系统扫描 9/10 专家及 top-k，寻找路由稀疏度最佳点。,configs_exploration_v2/VarExpert/Size163/experts10_top10/ionization.yaml,ok,true,36.594835,43.636501,40,43.577367,6.982531999999999,0.05913400000000024,false,,按 v3 阈值回溯计算（回落>1dB 或增益<0.1dB）,"5:36.594835,10:38.958431,15:40.26209,20:40.597091,25:41.154661,30:41.546971,35:39.884244,40:43.636501,45:40.580458,50:43.577367",1,batch exploration_summary.tsv,runs/exploration_v2/explore-v2-varexpert-size163-experts10_top10/20260808_030418_396510/metrics/exploration_psnr.tsv,,,,,,通过：最终 PSNR=43.577 dB，首探针增益=+6.983 dB，较峰值回落=0.059 dB。
explorationv2,explorationv2 / VarExpert / 专家数/top-k 扫描,VarExpert,reconstruction,Size163,experts10_top2,aggregate,以 8 专家/top-3 为对照，系统扫描 9/10 专家及 top-k，寻找路由稀疏度最佳点。,configs_exploration_v2/VarExpert/Size163/experts10_top2/ionization.yaml,ok,true,36.512614,43.584871,50,43.584871,7.0722570000000005,0,false,,按 v3 阈值回溯计算（回落>1dB 或增益<0.1dB）,"5:36.512614,10:38.504495,15:39.444842,20:40.017961,25:40.472368,30:41.067522,35:39.578393,40:40.646654,45:40.469487,50:43.584871",1,batch exploration_summary.tsv,runs/exploration_v2/explore-v2-varexpert-size163-experts10_top2/20260807_050604_167720/metrics/exploration_psnr.tsv,,,,,,通过：最终 PSNR=43.585 dB，首探针增益=+7.072 dB，较峰值回落=0.000 dB。
explorationv2,explorationv2 / VarExpert / 专家数/top-k 扫描,VarExpert,reconstruction,Size163,experts10_top3,aggregate,以 8 专家/top-3 为对照，系统扫描 9/10 专家及 top-k，寻找路由稀疏度最佳点。,configs_exploration_v2/VarExpert/Size163/experts10_top3/ionization.yaml,ok,true,36.735075,43.602112,50,43.602112,6.867036999999996,0,false,,按 v3 阈值回溯计算（回落>1dB 或增益<0.1dB）,"5:36.735075,10:38.930148,15:39.688215,20:40.122661,25:40.658454,30:40.952124,35:40.213573,40:42.916944,45:42.819551,50:43.602112",1,batch exploration_summary.tsv,runs/exploration_v2/explore-v2-varexpert-size163-experts10_top3/20260806_082818_679509/metrics/exploration_psnr.tsv,,,,,,通过：最终 PSNR=43.602 dB，首探针增益=+6.867 dB，较峰值回落=0.000 dB。
explorationv2,explorationv2 / VarExpert / 专家数/top-k 扫描,VarExpert,reconstruction,Size163,experts10_top4,aggregate,以 8 专家/top-3 为对照，系统扫描 9/10 专家及 top-k，寻找路由稀疏度最佳点。,configs_exploration_v2/VarExpert/Size163/experts10_top4/ionization.yaml,ok,true,36.585404,42.954783,40,41.324706,4.739302000000002,1.630077,true,collapse=1.6301dB,按 v3 阈值回溯计算（回落>1dB 或增益<0.1dB）,"5:36.585404,10:39.142669,15:39.941394,20:40.776038,25:41.142049,30:41.537864,35:42.599563,40:42.954783,45:41.380568,50:41.324706",1,batch exploration_summary.tsv,runs/exploration_v2/explore-v2-varexpert-size163-experts10_top4/20260807_161840_586820/metrics/exploration_psnr.tsv,,,,,,需关注：最终 PSNR=41.325 dB，首探针增益=+4.739 dB，较峰值回落=1.630 dB；collapse=1.6301dB。
explorationv2,explorationv2 / VarExpert / 专家数/top-k 扫描,VarExpert,reconstruction,Size163,experts10_top5,aggregate,以 8 专家/top-3 为对照，系统扫描 9/10 专家及 top-k，寻找路由稀疏度最佳点。,configs_exploration_v2/VarExpert/Size163/experts10_top5/ionization.yaml,ok,true,36.60679,42.995162,45,42.308694,5.701904000000006,0.6864679999999979,false,,按 v3 阈值回溯计算（回落>1dB 或增益<0.1dB）,"5:36.60679,10:39.092979,15:40.033153,20:40.641982,25:40.78451,30:41.477414,35:39.03324,40:41.682173,45:42.995162,50:42.308694",1,batch exploration_summary.tsv,runs/exploration_v2/explore-v2-varexpert-size163-experts10_top5/20260807_161904_463430/metrics/exploration_psnr.tsv,,,,,,通过：最终 PSNR=42.309 dB，首探针增益=+5.702 dB，较峰值回落=0.686 dB。
explorationv2,explorationv2 / VarExpert / 专家数/top-k 扫描,VarExpert,reconstruction,Size163,experts10_top6,aggregate,以 8 专家/top-3 为对照，系统扫描 9/10 专家及 top-k，寻找路由稀疏度最佳点。,configs_exploration_v2/VarExpert/Size163/experts10_top6/ionization.yaml,ok,true,36.680564,42.849047,50,42.849047,6.168483000000002,0,false,,按 v3 阈值回溯计算（回落>1dB 或增益<0.1dB）,"5:36.680564,10:39.025024,15:39.942503,20:40.623962,25:41.133797,30:41.320473,35:41.374699,40:42.786164,45:41.384674,50:42.849047",1,batch exploration_summary.tsv,runs/exploration_v2/explore-v2-varexpert-size163-experts10_top6/20260807_161907_214464/metrics/exploration_psnr.tsv,,,,,,通过：最终 PSNR=42.849 dB，首探针增益=+6.168 dB，较峰值回落=0.000 dB。
explorationv2,explorationv2 / VarExpert / 专家数/top-k 扫描,VarExpert,reconstruction,Size163,experts10_top7,aggregate,以 8 专家/top-3 为对照，系统扫描 9/10 专家及 top-k，寻找路由稀疏度最佳点。,configs_exploration_v2/VarExpert/Size163/experts10_top7/ionization.yaml,ok,true,36.459649,44.260636,50,44.260636,7.800986999999999,0,false,,按 v3 阈值回溯计算（回落>1dB 或增益<0.1dB）,"5:36.459649,10:39.157465,15:40.014391,20:40.871654,25:41.215728,30:41.392464,35:41.85889,40:43.424908,45:43.530779,50:44.260636",1,batch exploration_summary.tsv,runs/exploration_v2/explore-v2-varexpert-size163-experts10_top7/20260807_161907_703630/metrics/exploration_psnr.tsv,,,,,,通过：最终 PSNR=44.261 dB，首探针增益=+7.801 dB，较峰值回落=0.000 dB。
explorationv2,explorationv2 / VarExpert / 专家数/top-k 扫描,VarExpert,reconstruction,Size163,experts10_top8,aggregate,以 8 专家/top-3 为对照，系统扫描 9/10 专家及 top-k，寻找路由稀疏度最佳点。,configs_exploration_v2/VarExpert/Size163/experts10_top8/ionization.yaml,ok,true,36.575599,44.039091,50,44.039091,7.463492000000002,0,false,,按 v3 阈值回溯计算（回落>1dB 或增益<0.1dB）,"5:36.575599,10:39.027466,15:40.127012,20:40.770074,25:41.262459,30:41.546727,35:40.375602,40:42.58486,45:41.264117,50:44.039091",1,batch exploration_summary.tsv,runs/exploration_v2/explore-v2-varexpert-size163-experts10_top8/20260807_161907_461745/metrics/exploration_psnr.tsv,,,,,,通过：最终 PSNR=44.039 dB，首探针增益=+7.463 dB，较峰值回落=0.000 dB。
explorationv2,explorationv2 / VarExpert / 专家数/top-k 扫描,VarExpert,reconstruction,Size163,experts10_top9,aggregate,以 8 专家/top-3 为对照，系统扫描 9/10 专家及 top-k，寻找路由稀疏度最佳点。,configs_exploration_v2/VarExpert/Size163/experts10_top9/ionization.yaml,ok,true,36.584431,43.186617,40,42.937723,6.353291999999996,0.24889399999999995,false,,按 v3 阈值回溯计算（回落>1dB 或增益<0.1dB）,"5:36.584431,10:38.987724,15:40.001431,20:40.776295,25:41.399646,30:41.428708,35:39.073348,40:43.186617,45:41.766741,50:42.937723",1,batch exploration_summary.tsv,runs/exploration_v2/explore-v2-varexpert-size163-experts10_top9/20260808_030418_031217/metrics/exploration_psnr.tsv,,,,,,通过：最终 PSNR=42.938 dB，首探针增益=+6.353 dB，较峰值回落=0.249 dB。
explorationv2,explorationv2 / VarExpert / 专家数/top-k 扫描,VarExpert,reconstruction,Size163,experts8_top3,aggregate,以 8 专家/top-3 为对照，系统扫描 9/10 专家及 top-k，寻找路由稀疏度最佳点。,configs_exploration_v2/VarExpert/Size163/experts8_top3/ionization.yaml,ok,true,36.312322,43.93634,50,43.93634,7.6240179999999995,0,false,,按 v3 阈值回溯计算（回落>1dB 或增益<0.1dB）,"5:36.312322,10:38.714457,15:39.843796,20:40.902037,25:41.187958,30:41.562984,35:43.090764,40:43.53655,45:43.508006,50:43.93634",1,batch exploration_summary.tsv,runs/exploration_v2/explore-v2-varexpert-size163-experts8_top3/20260806_082818_679789/metrics/exploration_psnr.tsv,,,,,,通过：最终 PSNR=43.936 dB，首探针增益=+7.624 dB，较峰值回落=0.000 dB。
explorationv2,explorationv2 / VarExpert / 专家数/top-k 扫描,VarExpert,reconstruction,Size163,experts9_top1,aggregate,以 8 专家/top-3 为对照，系统扫描 9/10 专家及 top-k，寻找路由稀疏度最佳点。,configs_exploration_v2/VarExpert/Size163/experts9_top1/ionization.yaml,ok,true,35.452899,41.488653,50,41.488653,6.035753999999997,0,false,,按 v3 阈值回溯计算（回落>1dB 或增益<0.1dB）,"5:35.452899,10:37.193222,15:38.209533,20:38.704167,25:39.28479,30:39.464639,35:38.536474,40:31.364192,45:39.950888,50:41.488653",1,batch exploration_summary.tsv,runs/exploration_v2/explore-v2-varexpert-size163-experts9_top1/20260806_182255_719793/metrics/exploration_psnr.tsv,,,,,,通过：最终 PSNR=41.489 dB，首探针增益=+6.036 dB，较峰值回落=0.000 dB。
explorationv2,explorationv2 / VarExpert / 专家数/top-k 扫描,VarExpert,reconstruction,Size163,experts9_top2,aggregate,以 8 专家/top-3 为对照，系统扫描 9/10 专家及 top-k，寻找路由稀疏度最佳点。,configs_exploration_v2/VarExpert/Size163/experts9_top2/ionization.yaml,ok,true,36.494364,42.914118,40,38.886034,2.391670000000005,4.028084,true,collapse=4.0281dB,按 v3 阈值回溯计算（回落>1dB 或增益<0.1dB）,"5:36.494364,10:38.426529,15:39.451598,20:40.125409,25:40.35317,30:40.78485,35:38.803094,40:42.914118,45:42.760885,50:38.886034",1,batch exploration_summary.tsv,runs/exploration_v2/explore-v2-varexpert-size163-experts9_top2/20260806_182255_007728/metrics/exploration_psnr.tsv,,,,,,需关注：最终 PSNR=38.886 dB，首探针增益=+2.392 dB，较峰值回落=4.028 dB；collapse=4.0281dB。
explorationv2,explorationv2 / VarExpert / 专家数/top-k 扫描,VarExpert,reconstruction,Size163,experts9_top3,aggregate,以 8 专家/top-3 为对照，系统扫描 9/10 专家及 top-k，寻找路由稀疏度最佳点。,configs_exploration_v2/VarExpert/Size163/experts9_top3/ionization.yaml,ok,true,36.724066,43.814058,50,43.814058,7.089992000000002,0,false,,按 v3 阈值回溯计算（回落>1dB 或增益<0.1dB）,"5:36.724066,10:38.982072,15:39.78605,20:40.241146,25:40.742696,30:41.168461,35:43.093055,40:42.697909,45:41.804416,50:43.814058",1,batch exploration_summary.tsv,runs/exploration_v2/explore-v2-varexpert-size163-experts9_top3/20260806_082818_679651/metrics/exploration_psnr.tsv,,,,,,通过：最终 PSNR=43.814 dB，首探针增益=+7.090 dB，较峰值回落=0.000 dB。
explorationv2,explorationv2 / VarExpert / 专家数/top-k 扫描,VarExpert,reconstruction,Size163,experts9_top4,aggregate,以 8 专家/top-3 为对照，系统扫描 9/10 专家及 top-k，寻找路由稀疏度最佳点。,configs_exploration_v2/VarExpert/Size163/experts9_top4/ionization.yaml,ok,true,36.714235,44.328742,50,44.328742,7.614506999999996,0,false,,按 v3 阈值回溯计算（回落>1dB 或增益<0.1dB）,"5:36.714235,10:38.664496,15:40.103598,20:40.565477,25:40.992237,30:41.404425,35:42.872016,40:43.603216,45:39.254579,50:44.328742",1,batch exploration_summary.tsv,runs/exploration_v2/explore-v2-varexpert-size163-experts9_top4/20260806_182255_796877/metrics/exploration_psnr.tsv,,,,,,通过：最终 PSNR=44.329 dB，首探针增益=+7.615 dB，较峰值回落=0.000 dB。
explorationv2,explorationv2 / VarExpert / 专家数/top-k 扫描,VarExpert,reconstruction,Size163,experts9_top5,aggregate,以 8 专家/top-3 为对照，系统扫描 9/10 专家及 top-k，寻找路由稀疏度最佳点。,configs_exploration_v2/VarExpert/Size163/experts9_top5/ionization.yaml,ok,true,36.880137,44.285509,50,44.285509,7.405372,0,false,,按 v3 阈值回溯计算（回落>1dB 或增益<0.1dB）,"5:36.880137,10:38.929465,15:40.107912,20:40.720939,25:41.059835,30:41.511828,35:41.535229,40:40.96791,45:40.661093,50:44.285509",1,batch exploration_summary.tsv,runs/exploration_v2/explore-v2-varexpert-size163-experts9_top5/20260806_182255_805717/metrics/exploration_psnr.tsv,,,,,,通过：最终 PSNR=44.286 dB，首探针增益=+7.405 dB，较峰值回落=0.000 dB。
explorationv2,explorationv2 / VarExpert / 专家数/top-k 扫描,VarExpert,reconstruction,Size163,experts9_top6,aggregate,以 8 专家/top-3 为对照，系统扫描 9/10 专家及 top-k，寻找路由稀疏度最佳点。,configs_exploration_v2/VarExpert/Size163/experts9_top6/ionization.yaml,ok,true,36.697484,43.180774,35,39.984841,3.287357,3.1959329999999966,true,collapse=3.1959dB,按 v3 阈值回溯计算（回落>1dB 或增益<0.1dB）,"5:36.697484,10:38.821243,15:40.359417,20:40.67241,25:41.124137,30:41.614665,35:43.180774,40:42.043394,45:42.400674,50:39.984841",1,batch exploration_summary.tsv,runs/exploration_v2/explore-v2-varexpert-size163-experts9_top6/20260806_182255_719296/metrics/exploration_psnr.tsv,,,,,,需关注：最终 PSNR=39.985 dB，首探针增益=+3.287 dB，较峰值回落=3.196 dB；collapse=3.1959dB。
explorationv2,explorationv2 / VarExpert / 专家数/top-k 扫描,VarExpert,reconstruction,Size163,experts9_top7,aggregate,以 8 专家/top-3 为对照，系统扫描 9/10 专家及 top-k，寻找路由稀疏度最佳点。,configs_exploration_v2/VarExpert/Size163/experts9_top7/ionization.yaml,ok,true,36.681488,43.248982,50,43.248982,6.567493999999996,0,false,,按 v3 阈值回溯计算（回落>1dB 或增益<0.1dB）,"5:36.681488,10:38.847968,15:40.006558,20:40.581711,25:41.190589,30:41.700599,35:39.44939,40:40.303608,45:40.638401,50:43.248982",1,batch exploration_summary.tsv,runs/exploration_v2/explore-v2-varexpert-size163-experts9_top7/20260807_050600_853474/metrics/exploration_psnr.tsv,,,,,,通过：最终 PSNR=43.249 dB，首探针增益=+6.567 dB，较峰值回落=0.000 dB。
explorationv2,explorationv2 / VarExpert / 专家数/top-k 扫描,VarExpert,reconstruction,Size163,experts9_top8,aggregate,以 8 专家/top-3 为对照，系统扫描 9/10 专家及 top-k，寻找路由稀疏度最佳点。,configs_exploration_v2/VarExpert/Size163/experts9_top8/ionization.yaml,ok,true,36.699617,43.786172,50,43.786172,7.086554999999997,0,false,,按 v3 阈值回溯计算（回落>1dB 或增益<0.1dB）,"5:36.699617,10:38.963869,15:40.176698,20:40.813684,25:41.034902,30:41.511638,35:43.502842,40:41.15716,45:43.113034,50:43.786172",1,batch exploration_summary.tsv,runs/exploration_v2/explore-v2-varexpert-size163-experts9_top8/20260807_050603_954236/metrics/exploration_psnr.tsv,,,,,,通过：最终 PSNR=43.786 dB，首探针增益=+7.087 dB，较峰值回落=0.000 dB。
explorationv2,explorationv2 / VarExpert / 专家数/top-k 扫描,VarExpert,reconstruction,Size163,experts9_top9,aggregate,以 8 专家/top-3 为对照，系统扫描 9/10 专家及 top-k，寻找路由稀疏度最佳点。,configs_exploration_v2/VarExpert/Size163/experts9_top9/ionization.yaml,ok,true,36.710127,42.938204,45,40.920826,4.210698999999998,2.017378000000001,true,collapse=2.0174dB,按 v3 阈值回溯计算（回落>1dB 或增益<0.1dB）,"5:36.710127,10:38.84379,15:40.236596,20:40.719628,25:41.119944,30:41.644509,35:41.359479,40:41.211924,45:42.938204,50:40.920826",1,batch exploration_summary.tsv,runs/exploration_v2/explore-v2-varexpert-size163-experts9_top9/20260807_050603_170484/metrics/exploration_psnr.tsv,,,,,,需关注：最终 PSNR=40.921 dB，首探针增益=+4.211 dB，较峰值回落=2.017 dB；collapse=2.0174dB。
explorationv3,explorationv3 / APMGSRN / 正式 Size 矩阵烟雾测试,APMGSRN,reconstruction,Size082,formal,GT,对正式 RD-curve 矩阵的五个 Size 档位进行 50 epoch-equivalent 烟雾测试，检查可训练性、收益与塌陷。,configs_exploration_v3/APMGSRN/Size082/ionization__GT.yaml,ok,true,22.457216,25.538628,50,25.538628,3.0814113,0,false,,v3 官方严格校验,"5:22.457216,10:24.254107,15:24.544512,20:24.758003,25:24.886993,30:25.069453,35:25.259069,40:25.412945,45:25.516117,50:25.538628",,batch exploration_summary.tsv,runs/exploration_v3/explore-v3-apmgsrn-ionization-size082-GT/20260810_071805_294044/metrics/exploration_psnr.tsv,,,,,,通过：最终 PSNR=25.539 dB，首探针增益=+3.081 dB，较峰值回落=0.000 dB。
explorationv3,explorationv3 / APMGSRN / 正式 Size 矩阵烟雾测试,APMGSRN,reconstruction,Size082,formal,H_plus,对正式 RD-curve 矩阵的五个 Size 档位进行 50 epoch-equivalent 烟雾测试，检查可训练性、收益与塌陷。,configs_exploration_v3/APMGSRN/Size082/ionization__H_plus.yaml,ok,true,16.012028,21.1213,50,21.1213,5.1092719,0,false,,v3 官方严格校验,"5:16.012028,10:17.687422,15:18.483849,20:19.142329,25:19.610168,30:19.957878,35:20.378297,40:20.672019,45:20.91759,50:21.1213",,batch exploration_summary.tsv,runs/exploration_v3/explore-v3-apmgsrn-ionization-size082-H_plus/20260810_071805_205104/metrics/exploration_psnr.tsv,,,,,,通过：最终 PSNR=21.121 dB，首探针增益=+5.109 dB，较峰值回落=0.000 dB。
explorationv3,explorationv3 / APMGSRN / 正式 Size 矩阵烟雾测试,APMGSRN,reconstruction,Size082,formal,H2,对正式 RD-curve 矩阵的五个 Size 档位进行 50 epoch-equivalent 烟雾测试，检查可训练性、收益与塌陷。,configs_exploration_v3/APMGSRN/Size082/ionization__H2.yaml,ok,true,31.092051,31.535963,35,31.437189,0.34513771,0.09877441,false,,v3 官方严格校验,"5:31.092051,10:31.425692,15:31.505042,20:31.533291,25:31.535751,30:31.524951,35:31.535963,40:31.438527,45:31.494414,50:31.437189",,batch exploration_summary.tsv,runs/exploration_v3/explore-v3-apmgsrn-ionization-size082-H2/20260810_071805_261742/metrics/exploration_psnr.tsv,,,,,,通过：最终 PSNR=31.437 dB，首探针增益=+0.345 dB，较峰值回落=0.099 dB。
explorationv3,explorationv3 / APMGSRN / 正式 Size 矩阵烟雾测试,APMGSRN,reconstruction,Size082,formal,He,对正式 RD-curve 矩阵的五个 Size 档位进行 50 epoch-equivalent 烟雾测试，检查可训练性、收益与塌陷。,configs_exploration_v3/APMGSRN/Size082/ionization__He.yaml,ok,true,15.980987,21.021977,50,21.021977,5.0409892,0,false,,v3 官方严格校验,"5:15.980987,10:17.30699,15:17.993152,20:18.657301,25:19.21852,30:19.68452,35:20.114584,40:20.470454,45:20.815124,50:21.021977",,batch exploration_summary.tsv,runs/exploration_v3/explore-v3-apmgsrn-ionization-size082-He/20260810_071805_301540/metrics/exploration_psnr.tsv,,,,,,通过：最终 PSNR=21.022 dB，首探针增益=+5.041 dB，较峰值回落=0.000 dB。
explorationv3,explorationv3 / APMGSRN / 正式 Size 矩阵烟雾测试,APMGSRN,reconstruction,Size082,formal,PD,对正式 RD-curve 矩阵的五个 Size 档位进行 50 epoch-equivalent 烟雾测试，检查可训练性、收益与塌陷。,configs_exploration_v3/APMGSRN/Size082/ionization__PD.yaml,ok,true,25.020146,27.14676,50,27.14676,2.1266132,0,false,,v3 官方严格校验,"5:25.020146,10:25.835442,15:26.125647,20:26.29558,25:26.419466,30:26.568114,35:26.710226,40:26.83426,45:27.01591,50:27.14676",,batch exploration_summary.tsv,runs/exploration_v3/explore-v3-apmgsrn-ionization-size082-PD/20260810_071805_289830/metrics/exploration_psnr.tsv,,,,,,通过：最终 PSNR=27.147 dB，首探针增益=+2.127 dB，较峰值回落=0.000 dB。
explorationv3,explorationv3 / APMGSRN / 正式 Size 矩阵烟雾测试,APMGSRN,reconstruction,Size1304,formal,GT,对正式 RD-curve 矩阵的五个 Size 档位进行 50 epoch-equivalent 烟雾测试，检查可训练性、收益与塌陷。,configs_exploration_v3/APMGSRN/Size1304/ionization__GT.yaml,ok,true,23.895143,30.319192,50,30.319192,6.4240493,0,false,,v3 官方严格校验,"5:23.895143,10:25.817926,15:27.012383,20:27.748079,25:28.292143,30:29.095013,35:29.313219,40:29.623253,45:29.92858,50:30.319192",,batch exploration_summary.tsv,runs/exploration_v3/explore-v3-apmgsrn-ionization-size1304-GT/20260810_074611_390062/metrics/exploration_psnr.tsv,,,,,,通过：最终 PSNR=30.319 dB，首探针增益=+6.424 dB，较峰值回落=0.000 dB。
explorationv3,explorationv3 / APMGSRN / 正式 Size 矩阵烟雾测试,APMGSRN,reconstruction,Size1304,formal,H_plus,对正式 RD-curve 矩阵的五个 Size 档位进行 50 epoch-equivalent 烟雾测试，检查可训练性、收益与塌陷。,configs_exploration_v3/APMGSRN/Size1304/ionization__H_plus.yaml,ok,true,18.26282,25.501787,50,25.501787,7.2389674,0,false,,v3 官方严格校验,"5:18.26282,10:20.527079,15:22.02129,20:22.825152,25:23.500063,30:23.937836,35:24.536673,40:24.681342,45:25.066496,50:25.501787",,batch exploration_summary.tsv,runs/exploration_v3/explore-v3-apmgsrn-ionization-size1304-H_plus/20260810_074611_557339/metrics/exploration_psnr.tsv,,,,,,通过：最终 PSNR=25.502 dB，首探针增益=+7.239 dB，较峰值回落=0.000 dB。
explorationv3,explorationv3 / APMGSRN / 正式 Size 矩阵烟雾测试,APMGSRN,reconstruction,Size1304,formal,H2,对正式 RD-curve 矩阵的五个 Size 档位进行 50 epoch-equivalent 烟雾测试，检查可训练性、收益与塌陷。,configs_exploration_v3/APMGSRN/Size1304/ionization__H2.yaml,ok,true,31.413101,33.206545,50,33.206545,1.793444,0,false,,v3 官方严格校验,"5:31.413101,10:31.515845,15:31.624697,20:31.757734,25:31.929364,30:32.163665,35:32.381115,40:32.655236,45:32.921044,50:33.206545",,batch exploration_summary.tsv,runs/exploration_v3/explore-v3-apmgsrn-ionization-size1304-H2/20260810_074612_121074/metrics/exploration_psnr.tsv,,,,,,通过：最终 PSNR=33.207 dB，首探针增益=+1.793 dB，较峰值回落=0.000 dB。
explorationv3,explorationv3 / APMGSRN / 正式 Size 矩阵烟雾测试,APMGSRN,reconstruction,Size1304,formal,He,对正式 RD-curve 矩阵的五个 Size 档位进行 50 epoch-equivalent 烟雾测试，检查可训练性、收益与塌陷。,configs_exploration_v3/APMGSRN/Size1304/ionization__He.yaml,ok,true,17.791724,24.608241,50,24.608241,6.816517,0,false,,v3 官方严格校验,"5:17.791724,10:19.47331,15:20.761659,20:21.816731,25:22.533178,30:22.956923,35:23.448429,40:23.586914,45:24.267208,50:24.608241",,batch exploration_summary.tsv,runs/exploration_v3/explore-v3-apmgsrn-ionization-size1304-He/20260810_074611_398821/metrics/exploration_psnr.tsv,,,,,,通过：最终 PSNR=24.608 dB，首探针增益=+6.817 dB，较峰值回落=0.000 dB。
explorationv3,explorationv3 / APMGSRN / 正式 Size 矩阵烟雾测试,APMGSRN,reconstruction,Size1304,formal,PD,对正式 RD-curve 矩阵的五个 Size 档位进行 50 epoch-equivalent 烟雾测试，检查可训练性、收益与塌陷。,configs_exploration_v3/APMGSRN/Size1304/ionization__PD.yaml,ok,true,26.514882,32.42116,50,32.42116,5.906278,0,false,,v3 官方严格校验,"5:26.514882,10:27.926857,15:29.223766,20:30.276277,25:30.826456,30:31.25186,35:31.688274,40:31.822449,45:32.170568,50:32.42116",,batch exploration_summary.tsv,runs/exploration_v3/explore-v3-apmgsrn-ionization-size1304-PD/20260810_074611_885946/metrics/exploration_psnr.tsv,,,,,,通过：最终 PSNR=32.421 dB，首探针增益=+5.906 dB，较峰值回落=0.000 dB。
explorationv3,explorationv3 / APMGSRN / 正式 Size 矩阵烟雾测试,APMGSRN,reconstruction,Size163,formal,GT,对正式 RD-curve 矩阵的五个 Size 档位进行 50 epoch-equivalent 烟雾测试，检查可训练性、收益与塌陷。,configs_exploration_v3/APMGSRN/Size163/ionization__GT.yaml,ok,true,22.923479,28.426403,50,28.426403,5.5029239,0,false,,v3 官方严格校验,"5:22.923479,10:24.764804,15:25.837791,20:26.510656,25:27.025364,30:27.3829,35:27.677873,40:27.932227,45:28.173364,50:28.426403",,batch exploration_summary.tsv,runs/exploration_v3/explore-v3-apmgsrn-ionization-size163-GT/20260810_072424_390339/metrics/exploration_psnr.tsv,,,,,,通过：最终 PSNR=28.426 dB，首探针增益=+5.503 dB，较峰值回落=0.000 dB。
explorationv3,explorationv3 / APMGSRN / 正式 Size 矩阵烟雾测试,APMGSRN,reconstruction,Size163,formal,H_plus,对正式 RD-curve 矩阵的五个 Size 档位进行 50 epoch-equivalent 烟雾测试，检查可训练性、收益与塌陷。,configs_exploration_v3/APMGSRN/Size163/ionization__H_plus.yaml,ok,true,16.142254,24.118895,50,24.118895,7.9766405,0,false,,v3 官方严格校验,"5:16.142254,10:18.896253,15:21.031043,20:22.176422,25:22.796446,30:23.214428,35:23.416712,40:23.641556,45:23.889141,50:24.118895",,batch exploration_summary.tsv,runs/exploration_v3/explore-v3-apmgsrn-ionization-size163-H_plus/20260810_072423_896823/metrics/exploration_psnr.tsv,,,,,,通过：最终 PSNR=24.119 dB，首探针增益=+7.977 dB，较峰值回落=0.000 dB。
explorationv3,explorationv3 / APMGSRN / 正式 Size 矩阵烟雾测试,APMGSRN,reconstruction,Size163,formal,H2,对正式 RD-curve 矩阵的五个 Size 档位进行 50 epoch-equivalent 烟雾测试，检查可训练性、收益与塌陷。,configs_exploration_v3/APMGSRN/Size163/ionization__H2.yaml,ok,true,31.298461,32.079684,50,32.079684,0.7812233,0,false,,v3 官方严格校验,"5:31.298461,10:31.440024,15:31.510333,20:31.555033,25:31.611712,30:31.696015,35:31.736145,40:31.815527,45:31.947127,50:32.079684",,batch exploration_summary.tsv,runs/exploration_v3/explore-v3-apmgsrn-ionization-size163-H2/20260810_072424_255763/metrics/exploration_psnr.tsv,,,,,,通过：最终 PSNR=32.080 dB，首探针增益=+0.781 dB，较峰值回落=0.000 dB。
explorationv3,explorationv3 / APMGSRN / 正式 Size 矩阵烟雾测试,APMGSRN,reconstruction,Size163,formal,He,对正式 RD-curve 矩阵的五个 Size 档位进行 50 epoch-equivalent 烟雾测试，检查可训练性、收益与塌陷。,configs_exploration_v3/APMGSRN/Size163/ionization__He.yaml,ok,true,16.746259,22.905785,50,22.905785,6.1595267,0,false,,v3 官方严格校验,"5:16.746259,10:18.907707,15:20.27925,20:20.982933,25:21.479923,30:21.935614,35:22.18837,40:22.428296,45:22.69936,50:22.905785",,batch exploration_summary.tsv,runs/exploration_v3/explore-v3-apmgsrn-ionization-size163-He/20260810_072423_808086/metrics/exploration_psnr.tsv,,,,,,通过：最终 PSNR=22.906 dB，首探针增益=+6.160 dB，较峰值回落=0.000 dB。
explorationv3,explorationv3 / APMGSRN / 正式 Size 矩阵烟雾测试,APMGSRN,reconstruction,Size163,formal,PD,对正式 RD-curve 矩阵的五个 Size 档位进行 50 epoch-equivalent 烟雾测试，检查可训练性、收益与塌陷。,configs_exploration_v3/APMGSRN/Size163/ionization__PD.yaml,ok,true,25.333518,30.405611,50,30.405611,5.0720928,0,false,,v3 官方严格校验,"5:25.333518,10:26.595371,15:27.617195,20:28.338833,25:28.878816,30:29.335031,35:29.659356,40:29.8189,45:30.15143,50:30.405611",,batch exploration_summary.tsv,runs/exploration_v3/explore-v3-apmgsrn-ionization-size163-PD/20260810_072424_414305/metrics/exploration_psnr.tsv,,,,,,通过：最终 PSNR=30.406 dB，首探针增益=+5.072 dB，较峰值回落=0.000 dB。
explorationv3,explorationv3 / APMGSRN / 正式 Size 矩阵烟雾测试,APMGSRN,reconstruction,Size326,formal,GT,对正式 RD-curve 矩阵的五个 Size 档位进行 50 epoch-equivalent 烟雾测试，检查可训练性、收益与塌陷。,configs_exploration_v3/APMGSRN/Size326/ionization__GT.yaml,ok,true,23.952348,30.215661,50,30.215661,6.2633123,0,false,,v3 官方严格校验,"5:23.952348,10:25.967903,15:27.360498,20:28.157926,25:28.720842,30:29.144477,35:29.410321,40:29.679699,45:30.010044,50:30.215661",,batch exploration_summary.tsv,runs/exploration_v3/explore-v3-apmgsrn-ionization-size326-GT/20260810_073132_082489/metrics/exploration_psnr.tsv,,,,,,通过：最终 PSNR=30.216 dB，首探针增益=+6.263 dB，较峰值回落=0.000 dB。
explorationv3,explorationv3 / APMGSRN / 正式 Size 矩阵烟雾测试,APMGSRN,reconstruction,Size326,formal,H_plus,对正式 RD-curve 矩阵的五个 Size 档位进行 50 epoch-equivalent 烟雾测试，检查可训练性、收益与塌陷。,configs_exploration_v3/APMGSRN/Size326/ionization__H_plus.yaml,ok,true,17.541069,25.797081,50,25.797081,8.2560117,0,false,,v3 官方严格校验,"5:17.541069,10:21.068215,15:22.890115,20:23.801562,25:24.344744,30:24.807153,35:25.084268,40:25.237519,45:25.542826,50:25.797081",,batch exploration_summary.tsv,runs/exploration_v3/explore-v3-apmgsrn-ionization-size326-H_plus/20260810_073132_396241/metrics/exploration_psnr.tsv,,,,,,通过：最终 PSNR=25.797 dB，首探针增益=+8.256 dB，较峰值回落=0.000 dB。
explorationv3,explorationv3 / APMGSRN / 正式 Size 矩阵烟雾测试,APMGSRN,reconstruction,Size326,formal,H2,对正式 RD-curve 矩阵的五个 Size 档位进行 50 epoch-equivalent 烟雾测试，检查可训练性、收益与塌陷。,configs_exploration_v3/APMGSRN/Size326/ionization__H2.yaml,ok,true,31.391706,32.227336,50,32.227336,0.83563017,0,false,,v3 官方严格校验,"5:31.391706,10:31.53071,15:31.579073,20:31.633183,25:31.69907,30:31.753171,35:31.83042,40:31.918849,45:32.045663,50:32.227336",,batch exploration_summary.tsv,runs/exploration_v3/explore-v3-apmgsrn-ionization-size326-H2/20260810_073132_079564/metrics/exploration_psnr.tsv,,,,,,通过：最终 PSNR=32.227 dB，首探针增益=+0.836 dB，较峰值回落=0.000 dB。
explorationv3,explorationv3 / APMGSRN / 正式 Size 矩阵烟雾测试,APMGSRN,reconstruction,Size326,formal,He,对正式 RD-curve 矩阵的五个 Size 档位进行 50 epoch-equivalent 烟雾测试，检查可训练性、收益与塌陷。,configs_exploration_v3/APMGSRN/Size326/ionization__He.yaml,ok,true,17.659169,25.190045,50,25.190045,7.5308763,0,false,,v3 官方严格校验,"5:17.659169,10:20.55288,15:22.20411,20:23.076985,25:23.659719,30:24.069042,35:24.374895,40:24.570053,45:24.882289,50:25.190045",,batch exploration_summary.tsv,runs/exploration_v3/explore-v3-apmgsrn-ionization-size326-He/20260810_073132_395082/metrics/exploration_psnr.tsv,,,,,,通过：最终 PSNR=25.190 dB，首探针增益=+7.531 dB，较峰值回落=0.000 dB。
explorationv3,explorationv3 / APMGSRN / 正式 Size 矩阵烟雾测试,APMGSRN,reconstruction,Size326,formal,PD,对正式 RD-curve 矩阵的五个 Size 档位进行 50 epoch-equivalent 烟雾测试，检查可训练性、收益与塌陷。,configs_exploration_v3/APMGSRN/Size326/ionization__PD.yaml,ok,true,25.843077,31.987366,50,31.987366,6.144289,0,false,,v3 官方严格校验,"5:25.843077,10:27.453863,15:28.737901,20:29.684732,25:30.330345,30:30.862182,35:31.244722,40:31.312622,45:31.741274,50:31.987366",,batch exploration_summary.tsv,runs/exploration_v3/explore-v3-apmgsrn-ionization-size326-PD/20260810_073131_986521/metrics/exploration_psnr.tsv,,,,,,通过：最终 PSNR=31.987 dB，首探针增益=+6.144 dB，较峰值回落=0.000 dB。
explorationv3,explorationv3 / APMGSRN / 正式 Size 矩阵烟雾测试,APMGSRN,reconstruction,Size652,formal,GT,对正式 RD-curve 矩阵的五个 Size 档位进行 50 epoch-equivalent 烟雾测试，检查可训练性、收益与塌陷。,configs_exploration_v3/APMGSRN/Size652/ionization__GT.yaml,ok,true,23.938487,30.510745,50,30.510745,6.5722581,0,false,,v3 官方严格校验,"5:23.938487,10:25.911355,15:27.372658,20:28.20891,25:28.802155,30:29.323103,35:29.598307,40:29.8016,45:30.138666,50:30.510745",,batch exploration_summary.tsv,runs/exploration_v3/explore-v3-apmgsrn-ionization-size652-GT/20260810_073749_225101/metrics/exploration_psnr.tsv,,,,,,通过：最终 PSNR=30.511 dB，首探针增益=+6.572 dB，较峰值回落=0.000 dB。
explorationv3,explorationv3 / APMGSRN / 正式 Size 矩阵烟雾测试,APMGSRN,reconstruction,Size652,formal,H_plus,对正式 RD-curve 矩阵的五个 Size 档位进行 50 epoch-equivalent 烟雾测试，检查可训练性、收益与塌陷。,configs_exploration_v3/APMGSRN/Size652/ionization__H_plus.yaml,ok,true,18.120898,25.573396,50,25.573396,7.4524986,0,false,,v3 官方严格校验,"5:18.120898,10:20.412094,15:21.970489,20:22.851582,25:23.493226,30:24.136373,35:24.43287,40:24.752085,45:25.249963,50:25.573396",,batch exploration_summary.tsv,runs/exploration_v3/explore-v3-apmgsrn-ionization-size652-H_plus/20260810_073748_713900/metrics/exploration_psnr.tsv,,,,,,通过：最终 PSNR=25.573 dB，首探针增益=+7.452 dB，较峰值回落=0.000 dB。
explorationv3,explorationv3 / APMGSRN / 正式 Size 矩阵烟雾测试,APMGSRN,reconstruction,Size652,formal,H2,对正式 RD-curve 矩阵的五个 Size 档位进行 50 epoch-equivalent 烟雾测试，检查可训练性、收益与塌陷。,configs_exploration_v3/APMGSRN/Size652/ionization__H2.yaml,ok,true,31.414405,33.135485,50,33.135485,1.7210809,0,false,,v3 官方严格校验,"5:31.414405,10:31.529571,15:31.633187,20:31.759894,25:31.926459,30:32.109267,35:32.305351,40:32.555153,45:32.867556,50:33.135485",,batch exploration_summary.tsv,runs/exploration_v3/explore-v3-apmgsrn-ionization-size652-H2/20260810_073749_488163/metrics/exploration_psnr.tsv,,,,,,通过：最终 PSNR=33.135 dB，首探针增益=+1.721 dB，较峰值回落=0.000 dB。
explorationv3,explorationv3 / APMGSRN / 正式 Size 矩阵烟雾测试,APMGSRN,reconstruction,Size652,formal,He,对正式 RD-curve 矩阵的五个 Size 档位进行 50 epoch-equivalent 烟雾测试，检查可训练性、收益与塌陷。,configs_exploration_v3/APMGSRN/Size652/ionization__He.yaml,ok,true,17.718154,24.786699,50,24.786699,7.0685452,0,false,,v3 官方严格校验,"5:17.718154,10:19.57215,15:21.155446,20:22.188386,25:22.792199,30:23.300107,35:23.712426,40:23.856279,45:24.411127,50:24.786699",,batch exploration_summary.tsv,runs/exploration_v3/explore-v3-apmgsrn-ionization-size652-He/20260810_073749_405285/metrics/exploration_psnr.tsv,,,,,,通过：最终 PSNR=24.787 dB，首探针增益=+7.069 dB，较峰值回落=0.000 dB。
explorationv3,explorationv3 / APMGSRN / 正式 Size 矩阵烟雾测试,APMGSRN,reconstruction,Size652,formal,PD,对正式 RD-curve 矩阵的五个 Size 档位进行 50 epoch-equivalent 烟雾测试，检查可训练性、收益与塌陷。,configs_exploration_v3/APMGSRN/Size652/ionization__PD.yaml,ok,true,26.436038,32.442415,50,32.442415,6.0063766,0,false,,v3 官方严格校验,"5:26.436038,10:28.148262,15:29.448492,20:30.382136,25:30.982254,30:31.378435,35:31.701078,40:31.852192,45:32.169123,50:32.442415",,batch exploration_summary.tsv,runs/exploration_v3/explore-v3-apmgsrn-ionization-size652-PD/20260810_073748_786623/metrics/exploration_psnr.tsv,,,,,,通过：最终 PSNR=32.442 dB，首探针增益=+6.006 dB，较峰值回落=0.000 dB。
explorationv3,explorationv3 / CoordNet / 正式 Size 矩阵烟雾测试,CoordNet,reconstruction,Size082,formal,GT,对正式 RD-curve 矩阵的五个 Size 档位进行 50 epoch-equivalent 烟雾测试，检查可训练性、收益与塌陷。,configs_exploration_v3/CoordNet/Size082/ionization__GT.yaml,ok,true,31.741355,40.669963,50,40.669963,8.928608,0,false,,v3 官方严格校验,"5:31.741355,10:35.905247,15:37.269055,20:38.389225,25:39.404395,30:38.8335,35:39.162942,40:40.189865,45:40.393707,50:40.669963",,batch exploration_summary.tsv,runs/exploration_v3/explore-v3-coordnet-ionization-size082-GT/20260810_075558_668988/metrics/exploration_psnr.tsv,,,,,,通过：最终 PSNR=40.670 dB，首探针增益=+8.929 dB，较峰值回落=0.000 dB。
explorationv3,explorationv3 / CoordNet / 正式 Size 矩阵烟雾测试,CoordNet,reconstruction,Size082,formal,H_plus,对正式 RD-curve 矩阵的五个 Size 档位进行 50 epoch-equivalent 烟雾测试，检查可训练性、收益与塌陷。,configs_exploration_v3/CoordNet/Size082/ionization__H_plus.yaml,ok,true,20.898986,32.173226,35,31.512708,10.613722,0.660518,false,,v3 官方严格校验,"5:20.898986,10:26.64379,15:29.618044,20:30.787074,25:30.203575,30:31.241659,35:32.173226,40:31.938051,45:30.586558,50:31.512708",,batch exploration_summary.tsv,runs/exploration_v3/explore-v3-coordnet-ionization-size082-H_plus/20260810_075558_517792/metrics/exploration_psnr.tsv,,,,,,通过：最终 PSNR=31.513 dB，首探针增益=+10.614 dB，较峰值回落=0.661 dB。
explorationv3,explorationv3 / CoordNet / 正式 Size 矩阵烟雾测试,CoordNet,reconstruction,Size082,formal,H2,对正式 RD-curve 矩阵的五个 Size 档位进行 50 epoch-equivalent 烟雾测试，检查可训练性、收益与塌陷。,configs_exploration_v3/CoordNet/Size082/ionization__H2.yaml,ok,true,36.753599,39.425781,25,39.025658,2.272059,0.400123,false,,v3 官方严格校验,"5:36.753599,10:38.229266,15:38.602817,20:38.423181,25:39.425781,30:38.87384,35:38.516556,40:38.325604,45:33.444932,50:39.025658",,batch exploration_summary.tsv,runs/exploration_v3/explore-v3-coordnet-ionization-size082-H2/20260810_075558_378892/metrics/exploration_psnr.tsv,,,,,,通过：最终 PSNR=39.026 dB，首探针增益=+2.272 dB，较峰值回落=0.400 dB。
explorationv3,explorationv3 / CoordNet / 正式 Size 矩阵烟雾测试,CoordNet,reconstruction,Size082,formal,He,对正式 RD-curve 矩阵的五个 Size 档位进行 50 epoch-equivalent 烟雾测试，检查可训练性、收益与塌陷。,configs_exploration_v3/CoordNet/Size082/ionization__He.yaml,ok,true,26.001506,30.98544,45,29.687624,3.686118,1.297816,true,collapse=1.2978dB,v3 官方严格校验,"5:26.001506,10:28.707248,15:29.722481,20:29.256627,25:28.793861,30:30.107186,35:29.744401,40:30.810381,45:30.98544,50:29.687624",,batch exploration_summary.tsv,runs/exploration_v3/explore-v3-coordnet-ionization-size082-He/20260810_075558_668133/metrics/exploration_psnr.tsv,,,,,,需关注：最终 PSNR=29.688 dB，首探针增益=+3.686 dB，较峰值回落=1.298 dB；collapse=1.2978dB。
explorationv3,explorationv3 / CoordNet / 正式 Size 矩阵烟雾测试,CoordNet,reconstruction,Size082,formal,PD,对正式 RD-curve 矩阵的五个 Size 档位进行 50 epoch-equivalent 烟雾测试，检查可训练性、收益与塌陷。,configs_exploration_v3/CoordNet/Size082/ionization__PD.yaml,ok,true,34.715466,41.760423,45,41.340824,6.625358,0.419599,false,,v3 官方严格校验,"5:34.715466,10:37.460445,15:38.631573,20:39.299894,25:39.90985,30:40.457255,35:41.298294,40:40.173004,45:41.760423,50:41.340824",,batch exploration_summary.tsv,runs/exploration_v3/explore-v3-coordnet-ionization-size082-PD/20260810_075558_427301/metrics/exploration_psnr.tsv,,,,,,通过：最终 PSNR=41.341 dB，首探针增益=+6.625 dB，较峰值回落=0.420 dB。
explorationv3,explorationv3 / CoordNet / 正式 Size 矩阵烟雾测试,CoordNet,reconstruction,Size1304,formal,GT,对正式 RD-curve 矩阵的五个 Size 档位进行 50 epoch-equivalent 烟雾测试，检查可训练性、收益与塌陷。,configs_exploration_v3/CoordNet/Size1304/ionization__GT.yaml,ok,true,30.375066,30.375066,5,9.7674419,-20.607624,20.607624,true,"collapse=20.6076dB,gain=-20.6076dB",v3 官方严格校验,"5:30.375066,10:24.887981,15:19.715238,20:17.064862,25:17.750433,30:16.194623,35:9.9036452,40:9.7672488,45:9.7671037,50:9.7674419",,batch exploration_summary.tsv,runs/exploration_v3/explore-v3-coordnet-ionization-size1304-GT/20260810_132149_705177/metrics/exploration_psnr.tsv,,,,,,"需关注：最终 PSNR=9.767 dB，首探针增益=-20.608 dB，较峰值回落=20.608 dB；collapse=20.6076dB,gain=-20.6076dB。"
explorationv3,explorationv3 / CoordNet / 正式 Size 矩阵烟雾测试,CoordNet,reconstruction,Size1304,formal,H_plus,对正式 RD-curve 矩阵的五个 Size 档位进行 50 epoch-equivalent 烟雾测试，检查可训练性、收益与塌陷。,configs_exploration_v3/CoordNet/Size1304/ionization__H_plus.yaml,ok,true,26.162373,26.460422,10,6.3153067,-19.847066,20.145115,true,"collapse=20.1451dB,gain=-19.8471dB",v3 官方严格校验,"5:26.162373,10:26.460422,15:17.385678,20:12.41457,25:6.4964069,30:6.3176497,35:6.3154806,40:6.3154017,45:6.3153906,50:6.3153067",,batch exploration_summary.tsv,runs/exploration_v3/explore-v3-coordnet-ionization-size1304-H_plus/20260810_132149_855832/metrics/exploration_psnr.tsv,,,,,,"需关注：最终 PSNR=6.315 dB，首探针增益=-19.847 dB，较峰值回落=20.145 dB；collapse=20.1451dB,gain=-19.8471dB。"
explorationv3,explorationv3 / CoordNet / 正式 Size 矩阵烟雾测试,CoordNet,reconstruction,Size1304,formal,H2,对正式 RD-curve 矩阵的五个 Size 档位进行 50 epoch-equivalent 烟雾测试，检查可训练性、收益与塌陷。,configs_exploration_v3/CoordNet/Size1304/ionization__H2.yaml,ok,true,37.393719,37.393719,5,31.858552,-5.535167,5.535167,true,"collapse=5.5352dB,gain=-5.5352dB",v3 官方严格校验,"5:37.393719,10:36.882629,15:35.950357,20:31.876697,25:31.831775,30:31.854415,35:31.286536,40:31.787866,45:31.858362,50:31.858552",,batch exploration_summary.tsv,runs/exploration_v3/explore-v3-coordnet-ionization-size1304-H2/20260810_132149_565042/metrics/exploration_psnr.tsv,,,,,,"需关注：最终 PSNR=31.859 dB，首探针增益=-5.535 dB，较峰值回落=5.535 dB；collapse=5.5352dB,gain=-5.5352dB。"
explorationv3,explorationv3 / CoordNet / 正式 Size 矩阵烟雾测试,CoordNet,reconstruction,Size1304,formal,He,对正式 RD-curve 矩阵的五个 Size 档位进行 50 epoch-equivalent 烟雾测试，检查可训练性、收益与塌陷。,configs_exploration_v3/CoordNet/Size1304/ionization__He.yaml,ok,true,27.36432,27.36432,5,6.3129424,-21.051378,21.051378,true,"collapse=21.0514dB,gain=-21.0514dB",v3 官方严格校验,"5:27.36432,10:25.304898,15:15.531295,20:13.793813,25:8.5229783,30:6.3302827,35:6.3122488,40:6.3124845,45:6.31331,50:6.3129424",,batch exploration_summary.tsv,runs/exploration_v3/explore-v3-coordnet-ionization-size1304-He/20260810_132149_720719/metrics/exploration_psnr.tsv,,,,,,"需关注：最终 PSNR=6.313 dB，首探针增益=-21.051 dB，较峰值回落=21.051 dB；collapse=21.0514dB,gain=-21.0514dB。"
explorationv3,explorationv3 / CoordNet / 正式 Size 矩阵烟雾测试,CoordNet,reconstruction,Size1304,formal,PD,对正式 RD-curve 矩阵的五个 Size 档位进行 50 epoch-equivalent 烟雾测试，检查可训练性、收益与塌陷。,configs_exploration_v3/CoordNet/Size1304/ionization__PD.yaml,ok,true,31.365392,31.365392,5,22.924472,-8.44092,8.44092,true,"collapse=8.4409dB,gain=-8.4409dB",v3 官方严格校验,"5:31.365392,10:20.862959,15:22.925304,20:22.923404,25:22.923957,30:22.924518,35:22.92411,40:22.924738,45:22.924131,50:22.924472",,batch exploration_summary.tsv,runs/exploration_v3/explore-v3-coordnet-ionization-size1304-PD/20260810_132149_416452/metrics/exploration_psnr.tsv,,,,,,"需关注：最终 PSNR=22.924 dB，首探针增益=-8.441 dB，较峰值回落=8.441 dB；collapse=8.4409dB,gain=-8.4409dB。"
explorationv3,explorationv3 / CoordNet / 正式 Size 矩阵烟雾测试,CoordNet,reconstruction,Size163,formal,GT,对正式 RD-curve 矩阵的五个 Size 档位进行 50 epoch-equivalent 烟雾测试，检查可训练性、收益与塌陷。,configs_exploration_v3/CoordNet/Size163/ionization__GT.yaml,ok,true,33.952976,41.115381,30,39.885024,5.932048,1.230357,true,collapse=1.2304dB,v3 官方严格校验,"5:33.952976,10:37.70859,15:37.986222,20:39.308912,25:39.784264,30:41.115381,35:39.416315,40:40.57686,45:35.09404,50:39.885024",,batch exploration_summary.tsv,runs/exploration_v3/explore-v3-coordnet-ionization-size163-GT/20260810_084113_743176/metrics/exploration_psnr.tsv,,,,,,需关注：最终 PSNR=39.885 dB，首探针增益=+5.932 dB，较峰值回落=1.230 dB；collapse=1.2304dB。
explorationv3,explorationv3 / CoordNet / 正式 Size 矩阵烟雾测试,CoordNet,reconstruction,Size163,formal,H_plus,对正式 RD-curve 矩阵的五个 Size 档位进行 50 epoch-equivalent 烟雾测试，检查可训练性、收益与塌陷。,configs_exploration_v3/CoordNet/Size163/ionization__H_plus.yaml,ok,true,28.939275,32.799628,10,30.509018,1.569743,2.29061,true,collapse=2.2906dB,v3 官方严格校验,"5:28.939275,10:32.799628,15:32.645811,20:32.304847,25:23.571353,30:29.337499,35:29.56172,40:30.178073,45:30.140854,50:30.509018",,batch exploration_summary.tsv,runs/exploration_v3/explore-v3-coordnet-ionization-size163-H_plus/20260810_084113_250277/metrics/exploration_psnr.tsv,,,,,,需关注：最终 PSNR=30.509 dB，首探针增益=+1.570 dB，较峰值回落=2.291 dB；collapse=2.2906dB。
explorationv3,explorationv3 / CoordNet / 正式 Size 矩阵烟雾测试,CoordNet,reconstruction,Size163,formal,H2,对正式 RD-curve 矩阵的五个 Size 档位进行 50 epoch-equivalent 烟雾测试，检查可训练性、收益与塌陷。,configs_exploration_v3/CoordNet/Size163/ionization__H2.yaml,ok,true,36.415775,39.672924,50,39.672924,3.257149,0,false,,v3 官方严格校验,"5:36.415775,10:36.998476,15:38.8369,20:38.471743,25:37.112991,30:37.664923,35:38.731426,40:38.483797,45:39.4263,50:39.672924",,batch exploration_summary.tsv,runs/exploration_v3/explore-v3-coordnet-ionization-size163-H2/20260810_084113_430031/metrics/exploration_psnr.tsv,,,,,,通过：最终 PSNR=39.673 dB，首探针增益=+3.257 dB，较峰值回落=0.000 dB。
explorationv3,explorationv3 / CoordNet / 正式 Size 矩阵烟雾测试,CoordNet,reconstruction,Size163,formal,He,对正式 RD-curve 矩阵的五个 Size 档位进行 50 epoch-equivalent 烟雾测试，检查可训练性、收益与塌陷。,configs_exploration_v3/CoordNet/Size163/ionization__He.yaml,ok,true,28.382395,32.372492,20,29.577606,1.195211,2.794886,true,collapse=2.7949dB,v3 官方严格校验,"5:28.382395,10:30.476148,15:31.631415,20:32.372492,25:31.619337,30:28.721984,35:27.681471,40:27.531748,45:27.897861,50:29.577606",,batch exploration_summary.tsv,runs/exploration_v3/explore-v3-coordnet-ionization-size163-He/20260810_084113_740261/metrics/exploration_psnr.tsv,,,,,,需关注：最终 PSNR=29.578 dB，首探针增益=+1.195 dB，较峰值回落=2.795 dB；collapse=2.7949dB。
explorationv3,explorationv3 / CoordNet / 正式 Size 矩阵烟雾测试,CoordNet,reconstruction,Size163,formal,PD,对正式 RD-curve 矩阵的五个 Size 档位进行 50 epoch-equivalent 烟雾测试，检查可训练性、收益与塌陷。,configs_exploration_v3/CoordNet/Size163/ionization__PD.yaml,ok,true,35.38147,41.048632,45,39.290192,3.908722,1.75844,true,collapse=1.7584dB,v3 官方严格校验,"5:35.38147,10:37.430968,15:36.271636,20:39.385827,25:39.814938,30:39.869144,35:37.303262,40:38.681049,45:41.048632,50:39.290192",,batch exploration_summary.tsv,runs/exploration_v3/explore-v3-coordnet-ionization-size163-PD/20260810_084113_752120/metrics/exploration_psnr.tsv,,,,,,需关注：最终 PSNR=39.290 dB，首探针增益=+3.909 dB，较峰值回落=1.758 dB；collapse=1.7584dB。
explorationv3,explorationv3 / CoordNet / 正式 Size 矩阵烟雾测试,CoordNet,reconstruction,Size326,formal,GT,对正式 RD-curve 矩阵的五个 Size 档位进行 50 epoch-equivalent 烟雾测试，检查可训练性、收益与塌陷。,configs_exploration_v3/CoordNet/Size326/ionization__GT.yaml,ok,true,28.911041,35.022802,35,33.014398,4.103357,2.008404,true,collapse=2.0084dB,v3 官方严格校验,"5:28.911041,10:34.100663,15:23.218299,20:34.592639,25:34.693704,30:31.304372,35:35.022802,40:26.442746,45:31.429915,50:33.014398",,batch exploration_summary.tsv,runs/exploration_v3/explore-v3-coordnet-ionization-size326-GT/20260810_094518_194079/metrics/exploration_psnr.tsv,,,,,,需关注：最终 PSNR=33.014 dB，首探针增益=+4.103 dB，较峰值回落=2.008 dB；collapse=2.0084dB。
explorationv3,explorationv3 / CoordNet / 正式 Size 矩阵烟雾测试,CoordNet,reconstruction,Size326,formal,H_plus,对正式 RD-curve 矩阵的五个 Size 档位进行 50 epoch-equivalent 烟雾测试，检查可训练性、收益与塌陷。,configs_exploration_v3/CoordNet/Size326/ionization__H_plus.yaml,ok,true,31.724086,31.724086,5,20.071347,-11.652739,11.652739,true,"collapse=11.6527dB,gain=-11.6527dB",v3 官方严格校验,"5:31.724086,10:30.92109,15:28.423561,20:26.199054,25:28.852162,30:27.049069,35:11.99973,40:23.462416,45:23.495609,50:20.071347",,batch exploration_summary.tsv,runs/exploration_v3/explore-v3-coordnet-ionization-size326-H_plus/20260810_094518_300696/metrics/exploration_psnr.tsv,,,,,,"需关注：最终 PSNR=20.071 dB，首探针增益=-11.653 dB，较峰值回落=11.653 dB；collapse=11.6527dB,gain=-11.6527dB。"
explorationv3,explorationv3 / CoordNet / 正式 Size 矩阵烟雾测试,CoordNet,reconstruction,Size326,formal,H2,对正式 RD-curve 矩阵的五个 Size 档位进行 50 epoch-equivalent 烟雾测试，检查可训练性、收益与塌陷。,configs_exploration_v3/CoordNet/Size326/ionization__H2.yaml,ok,true,37.419112,39.753272,30,35.913545,-1.505567,3.839727,true,"collapse=3.8397dB,gain=-1.5056dB",v3 官方严格校验,"5:37.419112,10:38.225019,15:37.752971,20:37.763002,25:33.230544,30:39.753272,35:38.371501,40:39.052443,45:37.717689,50:35.913545",,batch exploration_summary.tsv,runs/exploration_v3/explore-v3-coordnet-ionization-size326-H2/20260810_094518_049361/metrics/exploration_psnr.tsv,,,,,,"需关注：最终 PSNR=35.914 dB，首探针增益=-1.506 dB，较峰值回落=3.840 dB；collapse=3.8397dB,gain=-1.5056dB。"
explorationv3,explorationv3 / CoordNet / 正式 Size 矩阵烟雾测试,CoordNet,reconstruction,Size326,formal,He,对正式 RD-curve 矩阵的五个 Size 档位进行 50 epoch-equivalent 烟雾测试，检查可训练性、收益与塌陷。,configs_exploration_v3/CoordNet/Size326/ionization__He.yaml,ok,true,29.225938,29.473421,10,18.23723,-10.988708,11.236191,true,"collapse=11.2362dB,gain=-10.9887dB",v3 官方严格校验,"5:29.225938,10:29.473421,15:28.209136,20:23.174965,25:21.311987,30:24.578072,35:19.237018,40:18.754801,45:18.127437,50:18.23723",,batch exploration_summary.tsv,runs/exploration_v3/explore-v3-coordnet-ionization-size326-He/20260810_094517_803834/metrics/exploration_psnr.tsv,,,,,,"需关注：最终 PSNR=18.237 dB，首探针增益=-10.989 dB，较峰值回落=11.236 dB；collapse=11.2362dB,gain=-10.9887dB。"
explorationv3,explorationv3 / CoordNet / 正式 Size 矩阵烟雾测试,CoordNet,reconstruction,Size326,formal,PD,对正式 RD-curve 矩阵的五个 Size 档位进行 50 epoch-equivalent 烟雾测试，检查可训练性、收益与塌陷。,configs_exploration_v3/CoordNet/Size326/ionization__PD.yaml,ok,true,37.98544,38.777472,50,38.777472,0.792032,0,false,,v3 官方严格校验,"5:37.98544,10:36.841179,15:36.580903,20:37.252671,25:34.904211,30:32.813105,35:34.999731,40:37.345656,45:37.401648,50:38.777472",,batch exploration_summary.tsv,runs/exploration_v3/explore-v3-coordnet-ionization-size326-PD/20260810_094517_701698/metrics/exploration_psnr.tsv,,,,,,通过：最终 PSNR=38.777 dB，首探针增益=+0.792 dB，较峰值回落=0.000 dB。
explorationv3,explorationv3 / CoordNet / 正式 Size 矩阵烟雾测试,CoordNet,reconstruction,Size652,formal,GT,对正式 RD-curve 矩阵的五个 Size 档位进行 50 epoch-equivalent 烟雾测试，检查可训练性、收益与塌陷。,configs_exploration_v3/CoordNet/Size652/ionization__GT.yaml,ok,true,29.087927,33.403472,45,30.065274,0.977347,3.338198,true,collapse=3.3382dB,v3 官方严格校验,"5:29.087927,10:32.974669,15:22.615429,20:31.821805,25:30.889082,30:21.240989,35:23.079836,40:31.299115,45:33.403472,50:30.065274",,batch exploration_summary.tsv,runs/exploration_v3/explore-v3-coordnet-ionization-size652-GT/20260810_111006_985919/metrics/exploration_psnr.tsv,,,,,,需关注：最终 PSNR=30.065 dB，首探针增益=+0.977 dB，较峰值回落=3.338 dB；collapse=3.3382dB。
explorationv3,explorationv3 / CoordNet / 正式 Size 矩阵烟雾测试,CoordNet,reconstruction,Size652,formal,H_plus,对正式 RD-curve 矩阵的五个 Size 档位进行 50 epoch-equivalent 烟雾测试，检查可训练性、收益与塌陷。,configs_exploration_v3/CoordNet/Size652/ionization__H_plus.yaml,ok,true,30.591318,31.625766,15,8.7493518,-21.841966,22.876414,true,"collapse=22.8764dB,gain=-21.8420dB",v3 官方严格校验,"5:30.591318,10:31.43399,15:31.625766,20:25.147117,25:22.152267,30:19.158975,35:13.470399,40:10.923042,45:11.351524,50:8.7493518",,batch exploration_summary.tsv,runs/exploration_v3/explore-v3-coordnet-ionization-size652-H_plus/20260810_111007_030571/metrics/exploration_psnr.tsv,,,,,,"需关注：最终 PSNR=8.749 dB，首探针增益=-21.842 dB，较峰值回落=22.876 dB；collapse=22.8764dB,gain=-21.8420dB。"
explorationv3,explorationv3 / CoordNet / 正式 Size 矩阵烟雾测试,CoordNet,reconstruction,Size652,formal,H2,对正式 RD-curve 矩阵的五个 Size 档位进行 50 epoch-equivalent 烟雾测试，检查可训练性、收益与塌陷。,configs_exploration_v3/CoordNet/Size652/ionization__H2.yaml,ok,true,36.921862,37.719868,10,31.857901,-5.063961,5.861967,true,"collapse=5.8620dB,gain=-5.0640dB",v3 官方严格校验,"5:36.921862,10:37.719868,15:36.450045,20:31.83609,25:31.905894,30:33.846838,35:32.312538,40:31.884078,45:31.8597,50:31.857901",,batch exploration_summary.tsv,runs/exploration_v3/explore-v3-coordnet-ionization-size652-H2/20260810_111007_062531/metrics/exploration_psnr.tsv,,,,,,"需关注：最终 PSNR=31.858 dB，首探针增益=-5.064 dB，较峰值回落=5.862 dB；collapse=5.8620dB,gain=-5.0640dB。"
explorationv3,explorationv3 / CoordNet / 正式 Size 矩阵烟雾测试,CoordNet,reconstruction,Size652,formal,He,对正式 RD-curve 矩阵的五个 Size 档位进行 50 epoch-equivalent 烟雾测试，检查可训练性、收益与塌陷。,configs_exploration_v3/CoordNet/Size652/ionization__He.yaml,ok,true,26.987461,27.450185,10,6.5033226,-20.484138,20.946862,true,"collapse=20.9469dB,gain=-20.4841dB",v3 官方严格校验,"5:26.987461,10:27.450185,15:27.117149,20:16.245002,25:17.101857,30:13.942131,35:13.656585,40:9.9935015,45:8.4982365,50:6.5033226",,batch exploration_summary.tsv,runs/exploration_v3/explore-v3-coordnet-ionization-size652-He/20260810_111006_870634/metrics/exploration_psnr.tsv,,,,,,"需关注：最终 PSNR=6.503 dB，首探针增益=-20.484 dB，较峰值回落=20.947 dB；collapse=20.9469dB,gain=-20.4841dB。"
explorationv3,explorationv3 / CoordNet / 正式 Size 矩阵烟雾测试,CoordNet,reconstruction,Size652,formal,PD,对正式 RD-curve 矩阵的五个 Size 档位进行 50 epoch-equivalent 烟雾测试，检查可训练性、收益与塌陷。,configs_exploration_v3/CoordNet/Size652/ionization__PD.yaml,ok,true,37.248519,37.522521,15,26.722292,-10.526227,10.800229,true,"collapse=10.8002dB,gain=-10.5262dB",v3 官方严格校验,"5:37.248519,10:37.100517,15:37.522521,20:37.481786,25:37.221429,30:35.3702,35:32.306924,40:32.854159,45:30.720235,50:26.722292",,batch exploration_summary.tsv,runs/exploration_v3/explore-v3-coordnet-ionization-size652-PD/20260810_111007_448343/metrics/exploration_psnr.tsv,,,,,,"需关注：最终 PSNR=26.722 dB，首探针增益=-10.526 dB，较峰值回落=10.800 dB；collapse=10.8002dB,gain=-10.5262dB。"
explorationv3,explorationv3 / fV-SRN / 正式 Size 矩阵烟雾测试,fV-SRN,reconstruction,Size082,formal,GT,对正式 RD-curve 矩阵的五个 Size 档位进行 50 epoch-equivalent 烟雾测试，检查可训练性、收益与塌陷。,configs_exploration_v3/fV-SRN/Size082/ionization__GT.yaml,ok,true,20.552325,23.742667,50,23.742667,3.190342,0,false,,v3 官方严格校验,"5:20.552325,10:23.369301,15:22.135348,20:21.181142,25:23.575627,30:22.819884,35:22.957915,40:23.09973,45:23.714576,50:23.742667",,batch exploration_summary.tsv,runs/exploration_v3/explore-v3-fv-srn-ionization-size082-GT/20260810_191045_869012/metrics/exploration_psnr.tsv,,,,,,通过：最终 PSNR=23.743 dB，首探针增益=+3.190 dB，较峰值回落=0.000 dB。
explorationv3,explorationv3 / fV-SRN / 正式 Size 矩阵烟雾测试,fV-SRN,reconstruction,Size082,formal,H_plus,对正式 RD-curve 矩阵的五个 Size 档位进行 50 epoch-equivalent 烟雾测试，检查可训练性、收益与塌陷。,configs_exploration_v3/fV-SRN/Size082/ionization__H_plus.yaml,ok,true,20.165555,25.520132,50,25.520132,5.354577,0,false,,v3 官方严格校验,"5:20.165555,10:23.016299,15:22.712844,20:23.412765,25:24.524855,30:23.760267,35:23.520465,40:25.078054,45:23.983337,50:25.520132",,batch exploration_summary.tsv,runs/exploration_v3/explore-v3-fv-srn-ionization-size082-H_plus/20260810_191045_661121/metrics/exploration_psnr.tsv,,,,,,通过：最终 PSNR=25.520 dB，首探针增益=+5.355 dB，较峰值回落=0.000 dB。
explorationv3,explorationv3 / fV-SRN / 正式 Size 矩阵烟雾测试,fV-SRN,reconstruction,Size082,formal,H2,对正式 RD-curve 矩阵的五个 Size 档位进行 50 epoch-equivalent 烟雾测试，检查可训练性、收益与塌陷。,configs_exploration_v3/fV-SRN/Size082/ionization__H2.yaml,ok,true,32.687001,34.513963,40,32.596262,-0.090739,1.917701,true,"collapse=1.9177dB,gain=-0.0907dB",v3 官方严格校验,"5:32.687001,10:33.602938,15:32.211006,20:31.841923,25:32.643015,30:33.883361,35:32.799809,40:34.513963,45:31.239659,50:32.596262",,batch exploration_summary.tsv,runs/exploration_v3/explore-v3-fv-srn-ionization-size082-H2/20260810_191045_879477/metrics/exploration_psnr.tsv,,,,,,"需关注：最终 PSNR=32.596 dB，首探针增益=-0.091 dB，较峰值回落=1.918 dB；collapse=1.9177dB,gain=-0.0907dB。"
explorationv3,explorationv3 / fV-SRN / 正式 Size 矩阵烟雾测试,fV-SRN,reconstruction,Size082,formal,He,对正式 RD-curve 矩阵的五个 Size 档位进行 50 epoch-equivalent 烟雾测试，检查可训练性、收益与塌陷。,configs_exploration_v3/fV-SRN/Size082/ionization__He.yaml,ok,true,20.840251,24.93377,50,24.93377,4.093519,0,false,,v3 官方严格校验,"5:20.840251,10:20.646032,15:22.022421,20:24.495667,25:23.353337,30:23.713802,35:24.76102,40:24.879501,45:24.182818,50:24.93377",,batch exploration_summary.tsv,runs/exploration_v3/explore-v3-fv-srn-ionization-size082-He/20260810_191045_552980/metrics/exploration_psnr.tsv,,,,,,通过：最终 PSNR=24.934 dB，首探针增益=+4.094 dB，较峰值回落=0.000 dB。
explorationv3,explorationv3 / fV-SRN / 正式 Size 矩阵烟雾测试,fV-SRN,reconstruction,Size082,formal,PD,对正式 RD-curve 矩阵的五个 Size 档位进行 50 epoch-equivalent 烟雾测试，检查可训练性、收益与塌陷。,configs_exploration_v3/fV-SRN/Size082/ionization__PD.yaml,ok,true,29.222746,31.848011,40,31.488727,2.265981,0.359284,false,,v3 官方严格校验,"5:29.222746,10:30.433661,15:30.335604,20:31.34929,25:30.696005,30:31.145563,35:30.409478,40:31.848011,45:31.383672,50:31.488727",,batch exploration_summary.tsv,runs/exploration_v3/explore-v3-fv-srn-ionization-size082-PD/20260810_191045_921896/metrics/exploration_psnr.tsv,,,,,,通过：最终 PSNR=31.489 dB，首探针增益=+2.266 dB，较峰值回落=0.359 dB。
explorationv3,explorationv3 / fV-SRN / 正式 Size 矩阵烟雾测试,fV-SRN,reconstruction,Size1304,formal,GT,对正式 RD-curve 矩阵的五个 Size 档位进行 50 epoch-equivalent 烟雾测试，检查可训练性、收益与塌陷。,configs_exploration_v3/fV-SRN/Size1304/ionization__GT.yaml,ok,true,24.161084,26.933794,45,25.845004,1.68392,1.08879,true,collapse=1.0888dB,v3 官方严格校验,"5:24.161084,10:25.932704,15:24.176189,20:25.227463,25:26.223912,30:23.725452,35:25.937081,40:23.687705,45:26.933794,50:25.845004",,batch exploration_summary.tsv,runs/exploration_v3/explore-v3-fv-srn-ionization-size1304-GT/20260810_203637_759806/metrics/exploration_psnr.tsv,,,,,,需关注：最终 PSNR=25.845 dB，首探针增益=+1.684 dB，较峰值回落=1.089 dB；collapse=1.0888dB。
explorationv3,explorationv3 / fV-SRN / 正式 Size 矩阵烟雾测试,fV-SRN,reconstruction,Size1304,formal,H_plus,对正式 RD-curve 矩阵的五个 Size 档位进行 50 epoch-equivalent 烟雾测试，检查可训练性、收益与塌陷。,configs_exploration_v3/fV-SRN/Size1304/ionization__H_plus.yaml,ok,true,25.314116,28.719301,45,28.25506,2.940944,0.464241,false,,v3 官方严格校验,"5:25.314116,10:26.495899,15:25.634942,20:27.343455,25:27.35532,30:27.162224,35:27.256631,40:27.79467,45:28.719301,50:28.25506",,batch exploration_summary.tsv,runs/exploration_v3/explore-v3-fv-srn-ionization-size1304-H_plus/20260810_203637_769528/metrics/exploration_psnr.tsv,,,,,,通过：最终 PSNR=28.255 dB，首探针增益=+2.941 dB，较峰值回落=0.464 dB。
explorationv3,explorationv3 / fV-SRN / 正式 Size 矩阵烟雾测试,fV-SRN,reconstruction,Size1304,formal,H2,对正式 RD-curve 矩阵的五个 Size 档位进行 50 epoch-equivalent 烟雾测试，检查可训练性、收益与塌陷。,configs_exploration_v3/fV-SRN/Size1304/ionization__H2.yaml,ok,true,33.733521,36.188345,40,34.655118,0.921597,1.533227,true,collapse=1.5332dB,v3 官方严格校验,"5:33.733521,10:35.564065,15:34.802229,20:34.826754,25:33.164381,30:36.053586,35:36.099353,40:36.188345,45:33.735455,50:34.655118",,batch exploration_summary.tsv,runs/exploration_v3/explore-v3-fv-srn-ionization-size1304-H2/20260810_203637_761083/metrics/exploration_psnr.tsv,,,,,,需关注：最终 PSNR=34.655 dB，首探针增益=+0.922 dB，较峰值回落=1.533 dB；collapse=1.5332dB。
explorationv3,explorationv3 / fV-SRN / 正式 Size 矩阵烟雾测试,fV-SRN,reconstruction,Size1304,formal,He,对正式 RD-curve 矩阵的五个 Size 档位进行 50 epoch-equivalent 烟雾测试，检查可训练性、收益与塌陷。,configs_exploration_v3/fV-SRN/Size1304/ionization__He.yaml,ok,true,23.658687,28.630528,50,28.630528,4.971841,0,false,,v3 官方严格校验,"5:23.658687,10:24.987206,15:26.301559,20:24.996835,25:27.878914,30:28.001238,35:28.158995,40:27.868347,45:27.77857,50:28.630528",,batch exploration_summary.tsv,runs/exploration_v3/explore-v3-fv-srn-ionization-size1304-He/20260810_203637_761259/metrics/exploration_psnr.tsv,,,,,,通过：最终 PSNR=28.631 dB，首探针增益=+4.972 dB，较峰值回落=0.000 dB。
explorationv3,explorationv3 / fV-SRN / 正式 Size 矩阵烟雾测试,fV-SRN,reconstruction,Size1304,formal,PD,对正式 RD-curve 矩阵的五个 Size 档位进行 50 epoch-equivalent 烟雾测试，检查可训练性、收益与塌陷。,configs_exploration_v3/fV-SRN/Size1304/ionization__PD.yaml,ok,true,31.646877,34.306138,50,34.306138,2.659261,0,false,,v3 官方严格校验,"5:31.646877,10:32.243414,15:32.670414,20:33.551995,25:33.204042,30:34.08478,35:33.216449,40:34.280537,45:34.241198,50:34.306138",,batch exploration_summary.tsv,runs/exploration_v3/explore-v3-fv-srn-ionization-size1304-PD/20260810_203637_760919/metrics/exploration_psnr.tsv,,,,,,通过：最终 PSNR=34.306 dB，首探针增益=+2.659 dB，较峰值回落=0.000 dB。
explorationv3,explorationv3 / fV-SRN / 正式 Size 矩阵烟雾测试,fV-SRN,reconstruction,Size163,formal,GT,对正式 RD-curve 矩阵的五个 Size 档位进行 50 epoch-equivalent 烟雾测试，检查可训练性、收益与塌陷。,configs_exploration_v3/fV-SRN/Size163/ionization__GT.yaml,ok,true,22.308408,24.76407,45,24.113597,1.805189,0.650473,false,,v3 官方严格校验,"5:22.308408,10:23.695753,15:22.84485,20:23.245927,25:23.699024,30:23.92706,35:22.947669,40:21.459825,45:24.76407,50:24.113597",,batch exploration_summary.tsv,runs/exploration_v3/explore-v3-fv-srn-ionization-size163-GT/20260810_193122_057014/metrics/exploration_psnr.tsv,,,,,,通过：最终 PSNR=24.114 dB，首探针增益=+1.805 dB，较峰值回落=0.650 dB。
explorationv3,explorationv3 / fV-SRN / 正式 Size 矩阵烟雾测试,fV-SRN,reconstruction,Size163,formal,H_plus,对正式 RD-curve 矩阵的五个 Size 档位进行 50 epoch-equivalent 烟雾测试，检查可训练性、收益与塌陷。,configs_exploration_v3/fV-SRN/Size163/ionization__H_plus.yaml,ok,true,21.11401,25.42603,50,25.42603,4.31202,0,false,,v3 官方严格校验,"5:21.11401,10:23.470017,15:21.405097,20:23.425745,25:25.223352,30:24.1201,35:24.065759,40:24.589199,45:25.076932,50:25.42603",,batch exploration_summary.tsv,runs/exploration_v3/explore-v3-fv-srn-ionization-size163-H_plus/20260810_193122_228989/metrics/exploration_psnr.tsv,,,,,,通过：最终 PSNR=25.426 dB，首探针增益=+4.312 dB，较峰值回落=0.000 dB。
explorationv3,explorationv3 / fV-SRN / 正式 Size 矩阵烟雾测试,fV-SRN,reconstruction,Size163,formal,H2,对正式 RD-curve 矩阵的五个 Size 档位进行 50 epoch-equivalent 烟雾测试，检查可训练性、收益与塌陷。,configs_exploration_v3/fV-SRN/Size163/ionization__H2.yaml,ok,true,32.767495,34.122058,40,32.217754,-0.549741,1.904304,true,"collapse=1.9043dB,gain=-0.5497dB",v3 官方严格校验,"5:32.767495,10:33.60561,15:32.083444,20:31.250504,25:33.754111,30:33.938078,35:32.270772,40:34.122058,45:30.252708,50:32.217754",,batch exploration_summary.tsv,runs/exploration_v3/explore-v3-fv-srn-ionization-size163-H2/20260810_193122_056646/metrics/exploration_psnr.tsv,,,,,,"需关注：最终 PSNR=32.218 dB，首探针增益=-0.550 dB，较峰值回落=1.904 dB；collapse=1.9043dB,gain=-0.5497dB。"
explorationv3,explorationv3 / fV-SRN / 正式 Size 矩阵烟雾测试,fV-SRN,reconstruction,Size163,formal,He,对正式 RD-curve 矩阵的五个 Size 档位进行 50 epoch-equivalent 烟雾测试，检查可训练性、收益与塌陷。,configs_exploration_v3/fV-SRN/Size163/ionization__He.yaml,ok,true,21.969898,24.712428,30,23.813893,1.843995,0.898535,false,,v3 官方严格校验,"5:21.969898,10:21.413111,15:22.977689,20:21.704632,25:23.494844,30:24.712428,35:24.708832,40:23.368174,45:24.582634,50:23.813893",,batch exploration_summary.tsv,runs/exploration_v3/explore-v3-fv-srn-ionization-size163-He/20260810_193122_093593/metrics/exploration_psnr.tsv,,,,,,通过：最终 PSNR=23.814 dB，首探针增益=+1.844 dB，较峰值回落=0.899 dB。
explorationv3,explorationv3 / fV-SRN / 正式 Size 矩阵烟雾测试,fV-SRN,reconstruction,Size163,formal,PD,对正式 RD-curve 矩阵的五个 Size 档位进行 50 epoch-equivalent 烟雾测试，检查可训练性、收益与塌陷。,configs_exploration_v3/fV-SRN/Size163/ionization__PD.yaml,ok,true,29.459344,31.667334,40,31.402035,1.942691,0.265299,false,,v3 官方严格校验,"5:29.459344,10:29.397199,15:30.286344,20:30.925137,25:30.739096,30:30.622109,35:30.275095,40:31.667334,45:31.223638,50:31.402035",,batch exploration_summary.tsv,runs/exploration_v3/explore-v3-fv-srn-ionization-size163-PD/20260810_193122_054385/metrics/exploration_psnr.tsv,,,,,,通过：最终 PSNR=31.402 dB，首探针增益=+1.943 dB，较峰值回落=0.265 dB。
explorationv3,explorationv3 / fV-SRN / 正式 Size 矩阵烟雾测试,fV-SRN,reconstruction,Size326,formal,GT,对正式 RD-curve 矩阵的五个 Size 档位进行 50 epoch-equivalent 烟雾测试，检查可训练性、收益与塌陷。,configs_exploration_v3/fV-SRN/Size326/ionization__GT.yaml,ok,true,22.665679,26.092705,45,24.679644,2.013965,1.413061,true,collapse=1.4131dB,v3 官方严格校验,"5:22.665679,10:25.246051,15:24.159754,20:24.041873,25:23.897798,30:24.889773,35:24.672058,40:22.238962,45:26.092705,50:24.679644",,batch exploration_summary.tsv,runs/exploration_v3/explore-v3-fv-srn-ionization-size326-GT/20260810_195152_956654/metrics/exploration_psnr.tsv,,,,,,需关注：最终 PSNR=24.680 dB，首探针增益=+2.014 dB，较峰值回落=1.413 dB；collapse=1.4131dB。
explorationv3,explorationv3 / fV-SRN / 正式 Size 矩阵烟雾测试,fV-SRN,reconstruction,Size326,formal,H_plus,对正式 RD-curve 矩阵的五个 Size 档位进行 50 epoch-equivalent 烟雾测试，检查可训练性、收益与塌陷。,configs_exploration_v3/fV-SRN/Size326/ionization__H_plus.yaml,ok,true,25.017304,26.720277,25,26.402916,1.385612,0.317361,false,,v3 官方严格校验,"5:25.017304,10:25.118839,15:25.095034,20:25.007012,25:26.720277,30:25.826555,35:26.501538,40:26.605665,45:25.455879,50:26.402916",,batch exploration_summary.tsv,runs/exploration_v3/explore-v3-fv-srn-ionization-size326-H_plus/20260810_195152_540627/metrics/exploration_psnr.tsv,,,,,,通过：最终 PSNR=26.403 dB，首探针增益=+1.386 dB，较峰值回落=0.317 dB。
explorationv3,explorationv3 / fV-SRN / 正式 Size 矩阵烟雾测试,fV-SRN,reconstruction,Size326,formal,H2,对正式 RD-curve 矩阵的五个 Size 档位进行 50 epoch-equivalent 烟雾测试，检查可训练性、收益与塌陷。,configs_exploration_v3/fV-SRN/Size326/ionization__H2.yaml,ok,true,33.44333,35.061123,40,33.378753,-0.064577,1.68237,true,"collapse=1.6824dB,gain=-0.0646dB",v3 官方严格校验,"5:33.44333,10:34.245137,15:33.414614,20:33.027504,25:33.867927,30:34.657416,35:34.145231,40:35.061123,45:33.465027,50:33.378753",,batch exploration_summary.tsv,runs/exploration_v3/explore-v3-fv-srn-ionization-size326-H2/20260810_195153_039770/metrics/exploration_psnr.tsv,,,,,,"需关注：最终 PSNR=33.379 dB，首探针增益=-0.065 dB，较峰值回落=1.682 dB；collapse=1.6824dB,gain=-0.0646dB。"
explorationv3,explorationv3 / fV-SRN / 正式 Size 矩阵烟雾测试,fV-SRN,reconstruction,Size326,formal,He,对正式 RD-curve 矩阵的五个 Size 档位进行 50 epoch-equivalent 烟雾测试，检查可训练性、收益与塌陷。,configs_exploration_v3/fV-SRN/Size326/ionization__He.yaml,ok,true,23.593932,26.186852,45,26.133298,2.539366,0.053554,false,,v3 官方严格校验,"5:23.593932,10:22.182886,15:24.717947,20:24.282418,25:25.383565,30:25.692214,35:25.737925,40:25.460745,45:26.186852,50:26.133298",,batch exploration_summary.tsv,runs/exploration_v3/explore-v3-fv-srn-ionization-size326-He/20260810_195152_818288/metrics/exploration_psnr.tsv,,,,,,通过：最终 PSNR=26.133 dB，首探针增益=+2.539 dB，较峰值回落=0.054 dB。
explorationv3,explorationv3 / fV-SRN / 正式 Size 矩阵烟雾测试,fV-SRN,reconstruction,Size326,formal,PD,对正式 RD-curve 矩阵的五个 Size 档位进行 50 epoch-equivalent 烟雾测试，检查可训练性、收益与塌陷。,configs_exploration_v3/fV-SRN/Size326/ionization__PD.yaml,ok,true,30.343054,32.703282,50,32.703282,2.360228,0,false,,v3 官方严格校验,"5:30.343054,10:30.832714,15:31.738842,20:31.989953,25:31.216138,30:31.927644,35:31.717877,40:31.978899,45:31.339722,50:32.703282",,batch exploration_summary.tsv,runs/exploration_v3/explore-v3-fv-srn-ionization-size326-PD/20260810_195152_520831/metrics/exploration_psnr.tsv,,,,,,通过：最终 PSNR=32.703 dB，首探针增益=+2.360 dB，较峰值回落=0.000 dB。
explorationv3,explorationv3 / fV-SRN / 正式 Size 矩阵烟雾测试,fV-SRN,reconstruction,Size652,formal,GT,对正式 RD-curve 矩阵的五个 Size 档位进行 50 epoch-equivalent 烟雾测试，检查可训练性、收益与塌陷。,configs_exploration_v3/fV-SRN/Size652/ionization__GT.yaml,ok,true,21.931858,25.78109,45,24.451175,2.519317,1.329915,true,collapse=1.3299dB,v3 官方严格校验,"5:21.931858,10:24.760046,15:23.859262,20:24.030053,25:24.845279,30:23.433815,35:22.780626,40:22.729027,45:25.78109,50:24.451175",,batch exploration_summary.tsv,runs/exploration_v3/explore-v3-fv-srn-ionization-size652-GT/20260810_201419_784273/metrics/exploration_psnr.tsv,,,,,,需关注：最终 PSNR=24.451 dB，首探针增益=+2.519 dB，较峰值回落=1.330 dB；collapse=1.3299dB。
explorationv3,explorationv3 / fV-SRN / 正式 Size 矩阵烟雾测试,fV-SRN,reconstruction,Size652,formal,H_plus,对正式 RD-curve 矩阵的五个 Size 档位进行 50 epoch-equivalent 烟雾测试，检查可训练性、收益与塌陷。,configs_exploration_v3/fV-SRN/Size652/ionization__H_plus.yaml,ok,true,23.523348,27.127035,50,27.127035,3.603687,0,false,,v3 官方严格校验,"5:23.523348,10:24.502081,15:25.100809,20:26.272929,25:26.122591,30:26.440553,35:25.482592,40:26.23211,45:26.97437,50:27.127035",,batch exploration_summary.tsv,runs/exploration_v3/explore-v3-fv-srn-ionization-size652-H_plus/20260810_201419_845503/metrics/exploration_psnr.tsv,,,,,,通过：最终 PSNR=27.127 dB，首探针增益=+3.604 dB，较峰值回落=0.000 dB。
explorationv3,explorationv3 / fV-SRN / 正式 Size 矩阵烟雾测试,fV-SRN,reconstruction,Size652,formal,H2,对正式 RD-curve 矩阵的五个 Size 档位进行 50 epoch-equivalent 烟雾测试，检查可训练性、收益与塌陷。,configs_exploration_v3/fV-SRN/Size652/ionization__H2.yaml,ok,true,32.476376,34.698805,30,32.887316,0.41094,1.811489,true,collapse=1.8115dB,v3 官方严格校验,"5:32.476376,10:34.251582,15:32.4145,20:31.926321,25:33.022295,30:34.698805,35:33.321561,40:34.490373,45:32.565506,50:32.887316",,batch exploration_summary.tsv,runs/exploration_v3/explore-v3-fv-srn-ionization-size652-H2/20260810_201419_805283/metrics/exploration_psnr.tsv,,,,,,需关注：最终 PSNR=32.887 dB，首探针增益=+0.411 dB，较峰值回落=1.811 dB；collapse=1.8115dB。
explorationv3,explorationv3 / fV-SRN / 正式 Size 矩阵烟雾测试,fV-SRN,reconstruction,Size652,formal,He,对正式 RD-curve 矩阵的五个 Size 档位进行 50 epoch-equivalent 烟雾测试，检查可训练性、收益与塌陷。,configs_exploration_v3/fV-SRN/Size652/ionization__He.yaml,ok,true,23.329511,26.167301,50,26.167301,2.83779,0,false,,v3 官方严格校验,"5:23.329511,10:24.159367,15:24.120395,20:25.491591,25:24.830005,30:25.240784,35:24.393867,40:25.85676,45:25.370085,50:26.167301",,batch exploration_summary.tsv,runs/exploration_v3/explore-v3-fv-srn-ionization-size652-He/20260810_201419_760266/metrics/exploration_psnr.tsv,,,,,,通过：最终 PSNR=26.167 dB，首探针增益=+2.838 dB，较峰值回落=0.000 dB。
explorationv3,explorationv3 / fV-SRN / 正式 Size 矩阵烟雾测试,fV-SRN,reconstruction,Size652,formal,PD,对正式 RD-curve 矩阵的五个 Size 档位进行 50 epoch-equivalent 烟雾测试，检查可训练性、收益与塌陷。,configs_exploration_v3/fV-SRN/Size652/ionization__PD.yaml,ok,true,31.219184,33.028787,50,33.028787,1.809603,0,false,,v3 官方严格校验,"5:31.219184,10:30.860624,15:31.701174,20:32.523293,25:32.322566,30:32.66948,35:31.728354,40:32.922143,45:32.701749,50:33.028787",,batch exploration_summary.tsv,runs/exploration_v3/explore-v3-fv-srn-ionization-size652-PD/20260810_201419_761453/metrics/exploration_psnr.tsv,,,,,,通过：最终 PSNR=33.029 dB，首探针增益=+1.810 dB，较峰值回落=0.000 dB。
explorationv3,explorationv3 / MC-INR / 正式 Size 矩阵烟雾测试,MC-INR,reconstruction,Size082,formal,aggregate,对正式 RD-curve 矩阵的五个 Size 档位进行 50 epoch-equivalent 烟雾测试，检查可训练性、收益与塌陷。,configs_exploration_v3/MC-INR/Size082/ionization.yaml,ok,true,34.492092,38.648397,50,38.648397,4.156305,0,false,,v3 官方严格校验,"5:34.492092,10:35.794133,15:36.476798,20:37.147433,25:37.608132,30:37.713414,35:38.176428,40:38.443525,45:38.437435,50:38.648397",,batch exploration_summary.tsv,runs/exploration_v3/explore-v3-mc-inr-ionization-size082/20260810_205818_509348/metrics/exploration_psnr.tsv,,,,,,通过：最终 PSNR=38.648 dB，首探针增益=+4.156 dB，较峰值回落=0.000 dB。
explorationv3,explorationv3 / MC-INR / 正式 Size 矩阵烟雾测试,MC-INR,reconstruction,Size1304,formal,aggregate,对正式 RD-curve 矩阵的五个 Size 档位进行 50 epoch-equivalent 烟雾测试，检查可训练性、收益与塌陷。,configs_exploration_v3/MC-INR/Size1304/ionization.yaml,ok,true,33.921584,38.612119,50,38.612119,4.690535,0,false,,v3 官方严格校验,"5:33.921584,10:36.00713,15:36.387243,20:36.672043,25:36.503283,30:34.680185,35:37.599878,40:37.996808,45:38.301801,50:38.612119",,batch exploration_summary.tsv,runs/exploration_v3/explore-v3-mc-inr-ionization-size1304/20260812_012241_333934/metrics/exploration_psnr.tsv,,,,,,通过：最终 PSNR=38.612 dB，首探针增益=+4.691 dB，较峰值回落=0.000 dB。
explorationv3,explorationv3 / MC-INR / 正式 Size 矩阵烟雾测试,MC-INR,reconstruction,Size163,formal,aggregate,对正式 RD-curve 矩阵的五个 Size 档位进行 50 epoch-equivalent 烟雾测试，检查可训练性、收益与塌陷。,configs_exploration_v3/MC-INR/Size163/ionization.yaml,ok,true,34.780768,39.262491,45,38.16552,3.384752,1.096971,true,collapse=1.0970dB,v3 官方严格校验,"5:34.780768,10:36.628362,15:37.176619,20:37.72902,25:38.359399,30:38.193385,35:38.72138,40:39.097018,45:39.262491,50:38.16552",,batch exploration_summary.tsv,runs/exploration_v3/explore-v3-mc-inr-ionization-size163/20260811_033045_128354/metrics/exploration_psnr.tsv,,,,,,需关注：最终 PSNR=38.166 dB，首探针增益=+3.385 dB，较峰值回落=1.097 dB；collapse=1.0970dB。
explorationv3,explorationv3 / MC-INR / 正式 Size 矩阵烟雾测试,MC-INR,reconstruction,Size326,formal,aggregate,对正式 RD-curve 矩阵的五个 Size 档位进行 50 epoch-equivalent 烟雾测试，检查可训练性、收益与塌陷。,configs_exploration_v3/MC-INR/Size326/ionization.yaml,ok,true,35.095069,39.917808,50,39.917808,4.822739,0,false,,v3 官方严格校验,"5:35.095069,10:36.768215,15:37.344648,20:38.023997,25:38.434366,30:38.631688,35:39.097266,40:39.570248,45:39.475689,50:39.917808",,batch exploration_summary.tsv,runs/exploration_v3/explore-v3-mc-inr-ionization-size326/20260811_102740_348546/metrics/exploration_psnr.tsv,,,,,,通过：最终 PSNR=39.918 dB，首探针增益=+4.823 dB，较峰值回落=0.000 dB。
explorationv3,explorationv3 / MC-INR / 正式 Size 矩阵烟雾测试,MC-INR,reconstruction,Size652,formal,aggregate,对正式 RD-curve 矩阵的五个 Size 档位进行 50 epoch-equivalent 烟雾测试，检查可训练性、收益与塌陷。,configs_exploration_v3/MC-INR/Size652/ionization.yaml,ok,true,35.420155,39.586738,50,39.586738,4.166583,0,false,,v3 官方严格校验,"5:35.420155,10:36.600943,15:37.442419,20:37.610972,25:38.072565,30:38.387622,35:38.698529,40:38.46191,45:38.956055,50:39.586738",,batch exploration_summary.tsv,runs/exploration_v3/explore-v3-mc-inr-ionization-size652/20260811_165447_750029/metrics/exploration_psnr.tsv,,,,,,通过：最终 PSNR=39.587 dB，首探针增益=+4.167 dB，较峰值回落=0.000 dB。
explorationv3,explorationv3 / MoE-INR / 正式 Size 矩阵烟雾测试,MoE-INR,reconstruction,Size082,formal,GT,对正式 RD-curve 矩阵的五个 Size 档位进行 50 epoch-equivalent 烟雾测试，检查可训练性、收益与塌陷。,configs_exploration_v3/MoE-INR/Size082/ionization__GT.yaml,ok,true,32.108118,36.081495,50,36.081495,3.973377,0,false,,v3 官方严格校验,"5:32.108118,10:32.919593,15:33.450782,20:33.752211,25:34.491612,30:34.719278,35:35.288533,40:35.632198,45:35.963485,50:36.081495",,batch exploration_summary.tsv,runs/exploration_v3/explore-v3-moe-inr-ionization-size082-GT/20260812_102715_719650/metrics/exploration_psnr.tsv,,,,,,通过：最终 PSNR=36.081 dB，首探针增益=+3.973 dB，较峰值回落=0.000 dB。
explorationv3,explorationv3 / MoE-INR / 正式 Size 矩阵烟雾测试,MoE-INR,reconstruction,Size082,formal,H_plus,对正式 RD-curve 矩阵的五个 Size 档位进行 50 epoch-equivalent 烟雾测试，检查可训练性、收益与塌陷。,configs_exploration_v3/MoE-INR/Size082/ionization__H_plus.yaml,ok,true,27.794113,33.675628,40,33.673779,5.879666,0.001849,false,,v3 官方严格校验,"5:27.794113,10:29.149892,15:29.977159,20:31.432576,25:32.311316,30:32.636779,35:33.10208,40:33.675628,45:33.556244,50:33.673779",,batch exploration_summary.tsv,runs/exploration_v3/explore-v3-moe-inr-ionization-size082-H_plus/20260812_102715_746264/metrics/exploration_psnr.tsv,,,,,,通过：最终 PSNR=33.674 dB，首探针增益=+5.880 dB，较峰值回落=0.002 dB。
explorationv3,explorationv3 / MoE-INR / 正式 Size 矩阵烟雾测试,MoE-INR,reconstruction,Size082,formal,H2,对正式 RD-curve 矩阵的五个 Size 档位进行 50 epoch-equivalent 烟雾测试，检查可训练性、收益与塌陷。,configs_exploration_v3/MoE-INR/Size082/ionization__H2.yaml,ok,true,34.044246,39.256736,50,39.256736,5.21249,0,false,,v3 官方严格校验,"5:34.044246,10:35.655054,15:37.183638,20:37.572752,25:37.860745,30:37.927253,35:38.31323,40:38.276046,45:38.73913,50:39.256736",,batch exploration_summary.tsv,runs/exploration_v3/explore-v3-moe-inr-ionization-size082-H2/20260812_102715_529674/metrics/exploration_psnr.tsv,,,,,,通过：最终 PSNR=39.257 dB，首探针增益=+5.212 dB，较峰值回落=0.000 dB。
explorationv3,explorationv3 / MoE-INR / 正式 Size 矩阵烟雾测试,MoE-INR,reconstruction,Size082,formal,He,对正式 RD-curve 矩阵的五个 Size 档位进行 50 epoch-equivalent 烟雾测试，检查可训练性、收益与塌陷。,configs_exploration_v3/MoE-INR/Size082/ionization__He.yaml,ok,true,26.672278,32.325917,45,31.887128,5.21485,0.438789,false,,v3 官方严格校验,"5:26.672278,10:28.564903,15:28.83717,20:30.464735,25:30.806571,30:31.715274,35:31.008472,40:31.980265,45:32.325917,50:31.887128",,batch exploration_summary.tsv,runs/exploration_v3/explore-v3-moe-inr-ionization-size082-He/20260812_102715_658389/metrics/exploration_psnr.tsv,,,,,,通过：最终 PSNR=31.887 dB，首探针增益=+5.215 dB，较峰值回落=0.439 dB。
explorationv3,explorationv3 / MoE-INR / 正式 Size 矩阵烟雾测试,MoE-INR,reconstruction,Size082,formal,PD,对正式 RD-curve 矩阵的五个 Size 档位进行 50 epoch-equivalent 烟雾测试，检查可训练性、收益与塌陷。,configs_exploration_v3/MoE-INR/Size082/ionization__PD.yaml,ok,true,33.879121,39.016094,50,39.016094,5.136973,0,false,,v3 官方严格校验,"5:33.879121,10:35.060621,15:36.126763,20:36.755073,25:37.132244,30:37.513957,35:38.13834,40:38.322804,45:38.180474,50:39.016094",,batch exploration_summary.tsv,runs/exploration_v3/explore-v3-moe-inr-ionization-size082-PD/20260812_102715_542410/metrics/exploration_psnr.tsv,,,,,,通过：最终 PSNR=39.016 dB，首探针增益=+5.137 dB，较峰值回落=0.000 dB。
explorationv3,explorationv3 / MoE-INR / 正式 Size 矩阵烟雾测试,MoE-INR,reconstruction,Size1304,formal,GT,对正式 RD-curve 矩阵的五个 Size 档位进行 50 epoch-equivalent 烟雾测试，检查可训练性、收益与塌陷。,configs_exploration_v3/MoE-INR/Size1304/ionization__GT.yaml,ok,true,33.867173,41.283589,45,37.162671,3.295498,4.120918,true,collapse=4.1209dB,v3 官方严格校验,"5:33.867173,10:34.989798,15:36.691818,20:37.920902,25:39.407755,30:40.268558,35:40.861509,40:40.843764,45:41.283589,50:37.162671",,batch exploration_summary.tsv,runs/exploration_v3/explore-v3-moe-inr-ionization-size1304-GT/20260812_150120_782405/metrics/exploration_psnr.tsv,,,,,,需关注：最终 PSNR=37.163 dB，首探针增益=+3.295 dB，较峰值回落=4.121 dB；collapse=4.1209dB。
explorationv3,explorationv3 / MoE-INR / 正式 Size 矩阵烟雾测试,MoE-INR,reconstruction,Size1304,formal,H_plus,对正式 RD-curve 矩阵的五个 Size 档位进行 50 epoch-equivalent 烟雾测试，检查可训练性、收益与塌陷。,configs_exploration_v3/MoE-INR/Size1304/ionization__H_plus.yaml,ok,true,30.502225,35.899528,45,35.474752,4.972527,0.424776,false,,v3 官方严格校验,"5:30.502225,10:30.931998,15:33.062362,20:33.770601,25:34.918828,30:35.051487,35:35.470291,40:35.341632,45:35.899528,50:35.474752",,batch exploration_summary.tsv,runs/exploration_v3/explore-v3-moe-inr-ionization-size1304-H_plus/20260812_150120_983539/metrics/exploration_psnr.tsv,,,,,,通过：最终 PSNR=35.475 dB，首探针增益=+4.973 dB，较峰值回落=0.425 dB。
explorationv3,explorationv3 / MoE-INR / 正式 Size 矩阵烟雾测试,MoE-INR,reconstruction,Size1304,formal,H2,对正式 RD-curve 矩阵的五个 Size 档位进行 50 epoch-equivalent 烟雾测试，检查可训练性、收益与塌陷。,configs_exploration_v3/MoE-INR/Size1304/ionization__H2.yaml,ok,true,35.415715,38.204436,50,38.204436,2.788721,0,false,,v3 官方严格校验,"5:35.415715,10:36.38492,15:36.797762,20:37.28492,25:37.375737,30:37.659689,35:37.940448,40:37.822095,45:38.097457,50:38.204436",,batch exploration_summary.tsv,runs/exploration_v3/explore-v3-moe-inr-ionization-size1304-H2/20260812_150120_672679/metrics/exploration_psnr.tsv,,,,,,通过：最终 PSNR=38.204 dB，首探针增益=+2.789 dB，较峰值回落=0.000 dB。
explorationv3,explorationv3 / MoE-INR / 正式 Size 矩阵烟雾测试,MoE-INR,reconstruction,Size1304,formal,He,对正式 RD-curve 矩阵的五个 Size 档位进行 50 epoch-equivalent 烟雾测试，检查可训练性、收益与塌陷。,configs_exploration_v3/MoE-INR/Size1304/ionization__He.yaml,ok,true,27.881024,34.003177,50,34.003177,6.122153,0,false,,v3 官方严格校验,"5:27.881024,10:30.849166,15:31.558748,20:32.97874,25:33.103023,30:31.285693,35:32.982527,40:33.244078,45:32.367457,50:34.003177",,batch exploration_summary.tsv,runs/exploration_v3/explore-v3-moe-inr-ionization-size1304-He/20260812_150120_088149/metrics/exploration_psnr.tsv,,,,,,通过：最终 PSNR=34.003 dB，首探针增益=+6.122 dB，较峰值回落=0.000 dB。
explorationv3,explorationv3 / MoE-INR / 正式 Size 矩阵烟雾测试,MoE-INR,reconstruction,Size1304,formal,PD,对正式 RD-curve 矩阵的五个 Size 档位进行 50 epoch-equivalent 烟雾测试，检查可训练性、收益与塌陷。,configs_exploration_v3/MoE-INR/Size1304/ionization__PD.yaml,ok,true,35.169798,41.399377,50,41.399377,6.229579,0,false,,v3 官方严格校验,"5:35.169798,10:35.840325,15:37.501793,20:38.13479,25:39.193045,30:38.804833,35:40.535775,40:39.256345,45:41.297847,50:41.399377",,batch exploration_summary.tsv,runs/exploration_v3/explore-v3-moe-inr-ionization-size1304-PD/20260812_150120_059405/metrics/exploration_psnr.tsv,,,,,,通过：最终 PSNR=41.399 dB，首探针增益=+6.230 dB，较峰值回落=0.000 dB。
explorationv3,explorationv3 / MoE-INR / 正式 Size 矩阵烟雾测试,MoE-INR,reconstruction,Size163,formal,GT,对正式 RD-curve 矩阵的五个 Size 档位进行 50 epoch-equivalent 烟雾测试，检查可训练性、收益与塌陷。,configs_exploration_v3/MoE-INR/Size163/ionization__GT.yaml,ok,true,32.481721,37.836952,50,37.836952,5.355231,0,false,,v3 官方严格校验,"5:32.481721,10:33.529161,15:34.008773,20:34.753739,25:35.62441,30:36.211639,35:36.480451,40:37.093926,45:37.518786,50:37.836952",,batch exploration_summary.tsv,runs/exploration_v3/explore-v3-moe-inr-ionization-size163-GT/20260812_110754_869634/metrics/exploration_psnr.tsv,,,,,,通过：最终 PSNR=37.837 dB，首探针增益=+5.355 dB，较峰值回落=0.000 dB。
explorationv3,explorationv3 / MoE-INR / 正式 Size 矩阵烟雾测试,MoE-INR,reconstruction,Size163,formal,H_plus,对正式 RD-curve 矩阵的五个 Size 档位进行 50 epoch-equivalent 烟雾测试，检查可训练性、收益与塌陷。,configs_exploration_v3/MoE-INR/Size163/ionization__H_plus.yaml,ok,true,28.533716,34.942071,50,34.942071,6.408355,0,false,,v3 官方严格校验,"5:28.533716,10:29.439152,15:30.64679,20:32.231628,25:32.710399,30:33.090906,35:33.889913,40:33.578308,45:34.751488,50:34.942071",,batch exploration_summary.tsv,runs/exploration_v3/explore-v3-moe-inr-ionization-size163-H_plus/20260812_110755_314877/metrics/exploration_psnr.tsv,,,,,,通过：最终 PSNR=34.942 dB，首探针增益=+6.408 dB，较峰值回落=0.000 dB。
explorationv3,explorationv3 / MoE-INR / 正式 Size 矩阵烟雾测试,MoE-INR,reconstruction,Size163,formal,H2,对正式 RD-curve 矩阵的五个 Size 档位进行 50 epoch-equivalent 烟雾测试，检查可训练性、收益与塌陷。,configs_exploration_v3/MoE-INR/Size163/ionization__H2.yaml,ok,true,34.951328,39.774944,50,39.774944,4.823616,0,false,,v3 官方严格校验,"5:34.951328,10:36.261115,15:37.674317,20:37.724243,25:38.192885,30:37.36751,35:38.478452,40:38.853036,45:39.113237,50:39.774944",,batch exploration_summary.tsv,runs/exploration_v3/explore-v3-moe-inr-ionization-size163-H2/20260812_110754_825207/metrics/exploration_psnr.tsv,,,,,,通过：最终 PSNR=39.775 dB，首探针增益=+4.824 dB，较峰值回落=0.000 dB。
explorationv3,explorationv3 / MoE-INR / 正式 Size 矩阵烟雾测试,MoE-INR,reconstruction,Size163,formal,He,对正式 RD-curve 矩阵的五个 Size 档位进行 50 epoch-equivalent 烟雾测试，检查可训练性、收益与塌陷。,configs_exploration_v3/MoE-INR/Size163/ionization__He.yaml,ok,true,27.404175,34.034522,45,32.891114,5.486939,1.143408,true,collapse=1.1434dB,v3 官方严格校验,"5:27.404175,10:28.466585,15:29.0628,20:30.871251,25:32.215528,30:32.512859,35:33.113388,40:33.868337,45:34.034522,50:32.891114",,batch exploration_summary.tsv,runs/exploration_v3/explore-v3-moe-inr-ionization-size163-He/20260812_110755_243024/metrics/exploration_psnr.tsv,,,,,,需关注：最终 PSNR=32.891 dB，首探针增益=+5.487 dB，较峰值回落=1.143 dB；collapse=1.1434dB。
explorationv3,explorationv3 / MoE-INR / 正式 Size 矩阵烟雾测试,MoE-INR,reconstruction,Size163,formal,PD,对正式 RD-curve 矩阵的五个 Size 档位进行 50 epoch-equivalent 烟雾测试，检查可训练性、收益与塌陷。,configs_exploration_v3/MoE-INR/Size163/ionization__PD.yaml,ok,true,34.549812,39.631151,45,38.865678,4.315866,0.765473,false,,v3 官方严格校验,"5:34.549812,10:35.727377,15:36.433094,20:36.735874,25:37.855402,30:38.448119,35:38.325331,40:38.904398,45:39.631151,50:38.865678",,batch exploration_summary.tsv,runs/exploration_v3/explore-v3-moe-inr-ionization-size163-PD/20260812_110754_331445/metrics/exploration_psnr.tsv,,,,,,通过：最终 PSNR=38.866 dB，首探针增益=+4.316 dB，较峰值回落=0.765 dB。
explorationv3,explorationv3 / MoE-INR / 正式 Size 矩阵烟雾测试,MoE-INR,reconstruction,Size326,formal,GT,对正式 RD-curve 矩阵的五个 Size 档位进行 50 epoch-equivalent 烟雾测试，检查可训练性、收益与塌陷。,configs_exploration_v3/MoE-INR/Size326/ionization__GT.yaml,ok,true,32.872274,38.477412,50,38.477412,5.605138,0,false,,v3 官方严格校验,"5:32.872274,10:34.058998,15:34.564689,20:34.750967,25:35.704688,30:36.522656,35:36.617838,40:37.081455,45:37.777014,50:38.477412",,batch exploration_summary.tsv,runs/exploration_v3/explore-v3-moe-inr-ionization-size326-GT/20260812_120910_597893/metrics/exploration_psnr.tsv,,,,,,通过：最终 PSNR=38.477 dB，首探针增益=+5.605 dB，较峰值回落=0.000 dB。
explorationv3,explorationv3 / MoE-INR / 正式 Size 矩阵烟雾测试,MoE-INR,reconstruction,Size326,formal,H_plus,对正式 RD-curve 矩阵的五个 Size 档位进行 50 epoch-equivalent 烟雾测试，检查可训练性、收益与塌陷。,configs_exploration_v3/MoE-INR/Size326/ionization__H_plus.yaml,ok,true,27.965825,35.816413,50,35.816413,7.850588,0,false,,v3 官方严格校验,"5:27.965825,10:30.58872,15:31.493359,20:31.714203,25:33.023111,30:33.582622,35:34.633336,40:34.141762,45:35.060012,50:35.816413",,batch exploration_summary.tsv,runs/exploration_v3/explore-v3-moe-inr-ionization-size326-H_plus/20260812_120910_976234/metrics/exploration_psnr.tsv,,,,,,通过：最终 PSNR=35.816 dB，首探针增益=+7.851 dB，较峰值回落=0.000 dB。
explorationv3,explorationv3 / MoE-INR / 正式 Size 矩阵烟雾测试,MoE-INR,reconstruction,Size326,formal,H2,对正式 RD-curve 矩阵的五个 Size 档位进行 50 epoch-equivalent 烟雾测试，检查可训练性、收益与塌陷。,configs_exploration_v3/MoE-INR/Size326/ionization__H2.yaml,ok,true,35.062682,39.33928,45,38.676542,3.61386,0.662738,false,,v3 官方严格校验,"5:35.062682,10:35.682951,15:36.732735,20:36.822601,25:37.237419,30:38.779841,35:38.951359,40:38.329026,45:39.33928,50:38.676542",,batch exploration_summary.tsv,runs/exploration_v3/explore-v3-moe-inr-ionization-size326-H2/20260812_120909_929158/metrics/exploration_psnr.tsv,,,,,,通过：最终 PSNR=38.677 dB，首探针增益=+3.614 dB，较峰值回落=0.663 dB。
explorationv3,explorationv3 / MoE-INR / 正式 Size 矩阵烟雾测试,MoE-INR,reconstruction,Size326,formal,He,对正式 RD-curve 矩阵的五个 Size 档位进行 50 epoch-equivalent 烟雾测试，检查可训练性、收益与塌陷。,configs_exploration_v3/MoE-INR/Size326/ionization__He.yaml,ok,true,28.219036,34.095123,40,32.23309,4.014054,1.862033,true,collapse=1.8620dB,v3 官方严格校验,"5:28.219036,10:29.778255,15:30.195607,20:31.333069,25:32.247428,30:33.122529,35:32.054752,40:34.095123,45:33.152179,50:32.23309",,batch exploration_summary.tsv,runs/exploration_v3/explore-v3-moe-inr-ionization-size326-He/20260812_120909_956419/metrics/exploration_psnr.tsv,,,,,,需关注：最终 PSNR=32.233 dB，首探针增益=+4.014 dB，较峰值回落=1.862 dB；collapse=1.8620dB。
explorationv3,explorationv3 / MoE-INR / 正式 Size 矩阵烟雾测试,MoE-INR,reconstruction,Size326,formal,PD,对正式 RD-curve 矩阵的五个 Size 档位进行 50 epoch-equivalent 烟雾测试，检查可训练性、收益与塌陷。,configs_exploration_v3/MoE-INR/Size326/ionization__PD.yaml,ok,true,35.024576,40.715338,45,40.389951,5.365375,0.325387,false,,v3 官方严格校验,"5:35.024576,10:36.530626,15:36.998501,20:38.229512,25:39.060266,30:38.947613,35:38.461549,40:39.629062,45:40.715338,50:40.389951",,batch exploration_summary.tsv,runs/exploration_v3/explore-v3-moe-inr-ionization-size326-PD/20260812_120910_902043/metrics/exploration_psnr.tsv,,,,,,通过：最终 PSNR=40.390 dB，首探针增益=+5.365 dB，较峰值回落=0.325 dB。
explorationv3,explorationv3 / MoE-INR / 正式 Size 矩阵烟雾测试,MoE-INR,reconstruction,Size652,formal,GT,对正式 RD-curve 矩阵的五个 Size 档位进行 50 epoch-equivalent 烟雾测试，检查可训练性、收益与塌陷。,configs_exploration_v3/MoE-INR/Size652/ionization__GT.yaml,ok,true,32.921406,39.889726,50,39.889726,6.96832,0,false,,v3 官方严格校验,"5:32.921406,10:34.765487,15:35.50786,20:36.164144,25:37.169373,30:38.014389,35:38.519469,40:39.083999,45:39.640893,50:39.889726",,batch exploration_summary.tsv,runs/exploration_v3/explore-v3-moe-inr-ionization-size652-GT/20260812_132936_028131/metrics/exploration_psnr.tsv,,,,,,通过：最终 PSNR=39.890 dB，首探针增益=+6.968 dB，较峰值回落=0.000 dB。
explorationv3,explorationv3 / MoE-INR / 正式 Size 矩阵烟雾测试,MoE-INR,reconstruction,Size652,formal,H_plus,对正式 RD-curve 矩阵的五个 Size 档位进行 50 epoch-equivalent 烟雾测试，检查可训练性、收益与塌陷。,configs_exploration_v3/MoE-INR/Size652/ionization__H_plus.yaml,ok,true,28.889594,36.641313,45,36.564144,7.67455,0.077169,false,,v3 官方严格校验,"5:28.889594,10:31.410514,15:33.042514,20:33.729541,25:34.592487,30:34.016566,35:35.021051,40:36.12567,45:36.641313,50:36.564144",,batch exploration_summary.tsv,runs/exploration_v3/explore-v3-moe-inr-ionization-size652-H_plus/20260812_132935_644613/metrics/exploration_psnr.tsv,,,,,,通过：最终 PSNR=36.564 dB，首探针增益=+7.675 dB，较峰值回落=0.077 dB。
explorationv3,explorationv3 / MoE-INR / 正式 Size 矩阵烟雾测试,MoE-INR,reconstruction,Size652,formal,H2,对正式 RD-curve 矩阵的五个 Size 档位进行 50 epoch-equivalent 烟雾测试，检查可训练性、收益与塌陷。,configs_exploration_v3/MoE-INR/Size652/ionization__H2.yaml,ok,true,35.273802,38.972612,50,38.972612,3.69881,0,false,,v3 官方严格校验,"5:35.273802,10:35.589651,15:36.528139,20:36.511293,25:36.84795,30:37.346991,35:37.823794,40:37.950786,45:38.518688,50:38.972612",,batch exploration_summary.tsv,runs/exploration_v3/explore-v3-moe-inr-ionization-size652-H2/20260812_132936_037174/metrics/exploration_psnr.tsv,,,,,,通过：最终 PSNR=38.973 dB，首探针增益=+3.699 dB，较峰值回落=0.000 dB。
explorationv3,explorationv3 / MoE-INR / 正式 Size 矩阵烟雾测试,MoE-INR,reconstruction,Size652,formal,He,对正式 RD-curve 矩阵的五个 Size 档位进行 50 epoch-equivalent 烟雾测试，检查可训练性、收益与塌陷。,configs_exploration_v3/MoE-INR/Size652/ionization__He.yaml,ok,true,28.232951,35.135413,50,35.135413,6.902462,0,false,,v3 官方严格校验,"5:28.232951,10:30.084666,15:30.223487,20:32.236466,25:32.657776,30:33.6091,35:34.237429,40:33.62642,45:35.105205,50:35.135413",,batch exploration_summary.tsv,runs/exploration_v3/explore-v3-moe-inr-ionization-size652-He/20260812_132936_029661/metrics/exploration_psnr.tsv,,,,,,通过：最终 PSNR=35.135 dB，首探针增益=+6.902 dB，较峰值回落=0.000 dB。
explorationv3,explorationv3 / MoE-INR / 正式 Size 矩阵烟雾测试,MoE-INR,reconstruction,Size652,formal,PD,对正式 RD-curve 矩阵的五个 Size 档位进行 50 epoch-equivalent 烟雾测试，检查可训练性、收益与塌陷。,configs_exploration_v3/MoE-INR/Size652/ionization__PD.yaml,ok,true,33.955347,41.242548,45,40.584391,6.629044,0.658157,false,,v3 官方严格校验,"5:33.955347,10:36.639609,15:36.130369,20:37.800845,25:38.759305,30:38.897669,35:40.319494,40:40.134499,45:41.242548,50:40.584391",,batch exploration_summary.tsv,runs/exploration_v3/explore-v3-moe-inr-ionization-size652-PD/20260812_132935_149931/metrics/exploration_psnr.tsv,,,,,,通过：最终 PSNR=40.584 dB，首探针增益=+6.629 dB，较峰值回落=0.658 dB。
explorationv3,explorationv3 / NeuralExpert / 正式 Size 矩阵烟雾测试,NeuralExpert,manager_pretraining,Size082,formal,GT,对正式 RD-curve 矩阵的五个 Size 档位进行 50 epoch-equivalent 烟雾测试，检查可训练性、收益与塌陷。,configs_exploration_v3/NeuralExpert/Size082/ionization__GT__managerpretrain.yaml,ok,false,,,,,,,false,,管理器预训练阶段不适用重建探针校验,,,batch exploration_summary.tsv,batch_logs/exploration_v3/20260810_070740/exploration_summary.tsv,,,,,,成功：管理器预训练完成；该阶段不产生重建 PSNR。
explorationv3,explorationv3 / NeuralExpert / 正式 Size 矩阵烟雾测试,NeuralExpert,reconstruction,Size082,formal,GT,对正式 RD-curve 矩阵的五个 Size 档位进行 50 epoch-equivalent 烟雾测试，检查可训练性、收益与塌陷。,configs_exploration_v3/NeuralExpert/Size082/ionization__GT.yaml,ok,true,33.730377,37.430155,50,37.430155,3.699778,0,false,,v3 官方严格校验,"5:33.730377,10:36.016979,15:36.744206,20:37.134256,25:37.30758,30:37.349137,35:37.395949,40:37.421807,45:37.422023,50:37.430155",,batch exploration_summary.tsv,runs/exploration_v3/explore-v3-neural-expert-ionization-size082-GT/20260813_114930/metrics/exploration_psnr.tsv,,,,,,通过：最终 PSNR=37.430 dB，首探针增益=+3.700 dB，较峰值回落=0.000 dB。
explorationv3,explorationv3 / NeuralExpert / 正式 Size 矩阵烟雾测试,NeuralExpert,manager_pretraining,Size082,formal,H_plus,对正式 RD-curve 矩阵的五个 Size 档位进行 50 epoch-equivalent 烟雾测试，检查可训练性、收益与塌陷。,configs_exploration_v3/NeuralExpert/Size082/ionization__H_plus__managerpretrain.yaml,ok,false,,,,,,,false,,管理器预训练阶段不适用重建探针校验,,,batch exploration_summary.tsv,batch_logs/exploration_v3/20260810_070740/exploration_summary.tsv,,,,,,成功：管理器预训练完成；该阶段不产生重建 PSNR。
explorationv3,explorationv3 / NeuralExpert / 正式 Size 矩阵烟雾测试,NeuralExpert,reconstruction,Size082,formal,H_plus,对正式 RD-curve 矩阵的五个 Size 档位进行 50 epoch-equivalent 烟雾测试，检查可训练性、收益与塌陷。,configs_exploration_v3/NeuralExpert/Size082/ionization__H_plus.yaml,ok,true,30.088665,33.605956,50,33.605956,3.517291,0,false,,v3 官方严格校验,"5:30.088665,10:31.976485,15:32.754521,20:33.136533,25:33.460241,30:33.504186,35:33.555975,40:33.587208,45:33.596113,50:33.605956",,batch exploration_summary.tsv,runs/exploration_v3/explore-v3-neural-expert-ionization-size082-H_plus/20260813_114930/metrics/exploration_psnr.tsv,,,,,,通过：最终 PSNR=33.606 dB，首探针增益=+3.517 dB，较峰值回落=0.000 dB。
explorationv3,explorationv3 / NeuralExpert / 正式 Size 矩阵烟雾测试,NeuralExpert,manager_pretraining,Size082,formal,H2,对正式 RD-curve 矩阵的五个 Size 档位进行 50 epoch-equivalent 烟雾测试，检查可训练性、收益与塌陷。,configs_exploration_v3/NeuralExpert/Size082/ionization__H2__managerpretrain.yaml,ok,false,,,,,,,false,,管理器预训练阶段不适用重建探针校验,,,batch exploration_summary.tsv,batch_logs/exploration_v3/20260810_070740/exploration_summary.tsv,,,,,,成功：管理器预训练完成；该阶段不产生重建 PSNR。
explorationv3,explorationv3 / NeuralExpert / 正式 Size 矩阵烟雾测试,NeuralExpert,reconstruction,Size082,formal,H2,对正式 RD-curve 矩阵的五个 Size 档位进行 50 epoch-equivalent 烟雾测试，检查可训练性、收益与塌陷。,configs_exploration_v3/NeuralExpert/Size082/ionization__H2.yaml,ok,true,34.279964,37.42581,50,37.42581,3.145846,0,false,,v3 官方严格校验,"5:34.279964,10:36.266798,15:36.863973,20:37.164618,25:37.25444,30:37.380242,35:37.407238,40:37.417309,45:37.419758,50:37.42581",,batch exploration_summary.tsv,runs/exploration_v3/explore-v3-neural-expert-ionization-size082-H2/20260813_114930/metrics/exploration_psnr.tsv,,,,,,通过：最终 PSNR=37.426 dB，首探针增益=+3.146 dB，较峰值回落=0.000 dB。
explorationv3,explorationv3 / NeuralExpert / 正式 Size 矩阵烟雾测试,NeuralExpert,manager_pretraining,Size082,formal,He,对正式 RD-curve 矩阵的五个 Size 档位进行 50 epoch-equivalent 烟雾测试，检查可训练性、收益与塌陷。,configs_exploration_v3/NeuralExpert/Size082/ionization__He__managerpretrain.yaml,ok,false,,,,,,,false,,管理器预训练阶段不适用重建探针校验,,,batch exploration_summary.tsv,batch_logs/exploration_v3/20260810_070740/exploration_summary.tsv,,,,,,成功：管理器预训练完成；该阶段不产生重建 PSNR。
explorationv3,explorationv3 / NeuralExpert / 正式 Size 矩阵烟雾测试,NeuralExpert,reconstruction,Size082,formal,He,对正式 RD-curve 矩阵的五个 Size 档位进行 50 epoch-equivalent 烟雾测试，检查可训练性、收益与塌陷。,configs_exploration_v3/NeuralExpert/Size082/ionization__He.yaml,ok,true,29.335329,32.685313,50,32.685313,3.349984,0,false,,v3 官方严格校验,"5:29.335329,10:31.057857,15:31.91302,20:32.344576,25:32.524662,30:32.578106,35:32.667143,40:32.664625,45:32.674277,50:32.685313",,batch exploration_summary.tsv,runs/exploration_v3/explore-v3-neural-expert-ionization-size082-He/20260813_114930/metrics/exploration_psnr.tsv,,,,,,通过：最终 PSNR=32.685 dB，首探针增益=+3.350 dB，较峰值回落=0.000 dB。
explorationv3,explorationv3 / NeuralExpert / 正式 Size 矩阵烟雾测试,NeuralExpert,manager_pretraining,Size082,formal,PD,对正式 RD-curve 矩阵的五个 Size 档位进行 50 epoch-equivalent 烟雾测试，检查可训练性、收益与塌陷。,configs_exploration_v3/NeuralExpert/Size082/ionization__PD__managerpretrain.yaml,ok,false,,,,,,,false,,管理器预训练阶段不适用重建探针校验,,,batch exploration_summary.tsv,batch_logs/exploration_v3/20260810_070740/exploration_summary.tsv,,,,,,成功：管理器预训练完成；该阶段不产生重建 PSNR。
explorationv3,explorationv3 / NeuralExpert / 正式 Size 矩阵烟雾测试,NeuralExpert,reconstruction,Size082,formal,PD,对正式 RD-curve 矩阵的五个 Size 档位进行 50 epoch-equivalent 烟雾测试，检查可训练性、收益与塌陷。,configs_exploration_v3/NeuralExpert/Size082/ionization__PD.yaml,ok,true,33.561658,36.726659,45,36.724194,3.162536,0.002465,false,,v3 官方严格校验,"5:33.561658,10:35.350725,15:36.125321,20:36.468606,25:36.597896,30:36.677689,35:36.702636,40:36.712652,45:36.726659,50:36.724194",,batch exploration_summary.tsv,runs/exploration_v3/explore-v3-neural-expert-ionization-size082-PD/20260813_114930/metrics/exploration_psnr.tsv,,,,,,通过：最终 PSNR=36.724 dB，首探针增益=+3.163 dB，较峰值回落=0.002 dB。
explorationv3,explorationv3 / NeuralExpert / 正式 Size 矩阵烟雾测试,NeuralExpert,manager_pretraining,Size1304,formal,GT,对正式 RD-curve 矩阵的五个 Size 档位进行 50 epoch-equivalent 烟雾测试，检查可训练性、收益与塌陷。,configs_exploration_v3/NeuralExpert/Size1304/ionization__GT__managerpretrain.yaml,ok,false,,,,,,,false,,管理器预训练阶段不适用重建探针校验,,,batch exploration_summary.tsv,batch_logs/exploration_v3/20260810_070740/exploration_summary.tsv,,,,,,成功：管理器预训练完成；该阶段不产生重建 PSNR。
explorationv3,explorationv3 / NeuralExpert / 正式 Size 矩阵烟雾测试,NeuralExpert,reconstruction,Size1304,formal,GT,对正式 RD-curve 矩阵的五个 Size 档位进行 50 epoch-equivalent 烟雾测试，检查可训练性、收益与塌陷。,configs_exploration_v3/NeuralExpert/Size1304/ionization__GT.yaml,ok,true,37.975259,43.373171,50,43.373171,5.397912,0,false,,v3 官方严格校验,"5:37.975259,10:40.573532,15:41.762488,20:42.655958,25:43.04914,30:43.192495,35:43.315065,40:43.350695,45:43.357567,50:43.373171",,batch exploration_summary.tsv,runs/exploration_v3/explore-v3-neural-expert-ionization-size1304-GT/20260813_175744/metrics/exploration_psnr.tsv,,,,,,通过：最终 PSNR=43.373 dB，首探针增益=+5.398 dB，较峰值回落=0.000 dB。
explorationv3,explorationv3 / NeuralExpert / 正式 Size 矩阵烟雾测试,NeuralExpert,manager_pretraining,Size1304,formal,H_plus,对正式 RD-curve 矩阵的五个 Size 档位进行 50 epoch-equivalent 烟雾测试，检查可训练性、收益与塌陷。,configs_exploration_v3/NeuralExpert/Size1304/ionization__H_plus__managerpretrain.yaml,ok,false,,,,,,,false,,管理器预训练阶段不适用重建探针校验,,,batch exploration_summary.tsv,batch_logs/exploration_v3/20260810_070740/exploration_summary.tsv,,,,,,成功：管理器预训练完成；该阶段不产生重建 PSNR。
explorationv3,explorationv3 / NeuralExpert / 正式 Size 矩阵烟雾测试,NeuralExpert,reconstruction,Size1304,formal,H_plus,对正式 RD-curve 矩阵的五个 Size 档位进行 50 epoch-equivalent 烟雾测试，检查可训练性、收益与塌陷。,configs_exploration_v3/NeuralExpert/Size1304/ionization__H_plus.yaml,ok,true,33.654666,42.774814,50,42.774814,9.120148,0,false,,v3 官方严格校验,"5:33.654666,10:37.548943,15:39.89194,20:41.197297,25:42.217059,30:42.394204,35:42.549232,40:42.735306,45:42.746444,50:42.774814",,batch exploration_summary.tsv,runs/exploration_v3/explore-v3-neural-expert-ionization-size1304-H_plus/20260813_175743/metrics/exploration_psnr.tsv,,,,,,通过：最终 PSNR=42.775 dB，首探针增益=+9.120 dB，较峰值回落=0.000 dB。
explorationv3,explorationv3 / NeuralExpert / 正式 Size 矩阵烟雾测试,NeuralExpert,manager_pretraining,Size1304,formal,H2,对正式 RD-curve 矩阵的五个 Size 档位进行 50 epoch-equivalent 烟雾测试，检查可训练性、收益与塌陷。,configs_exploration_v3/NeuralExpert/Size1304/ionization__H2__managerpretrain.yaml,ok,false,,,,,,,false,,管理器预训练阶段不适用重建探针校验,,,batch exploration_summary.tsv,batch_logs/exploration_v3/20260810_070740/exploration_summary.tsv,,,,,,成功：管理器预训练完成；该阶段不产生重建 PSNR。
explorationv3,explorationv3 / NeuralExpert / 正式 Size 矩阵烟雾测试,NeuralExpert,reconstruction,Size1304,formal,H2,对正式 RD-curve 矩阵的五个 Size 档位进行 50 epoch-equivalent 烟雾测试，检查可训练性、收益与塌陷。,configs_exploration_v3/NeuralExpert/Size1304/ionization__H2.yaml,ok,true,37.873335,43.081535,50,43.081535,5.2082,0,false,,v3 官方严格校验,"5:37.873335,10:40.372491,15:41.075695,20:42.285022,25:42.76544,30:42.887276,35:42.967177,40:43.022456,45:43.054237,50:43.081535",,batch exploration_summary.tsv,runs/exploration_v3/explore-v3-neural-expert-ionization-size1304-H2/20260813_175743/metrics/exploration_psnr.tsv,,,,,,通过：最终 PSNR=43.082 dB，首探针增益=+5.208 dB，较峰值回落=0.000 dB。
explorationv3,explorationv3 / NeuralExpert / 正式 Size 矩阵烟雾测试,NeuralExpert,manager_pretraining,Size1304,formal,He,对正式 RD-curve 矩阵的五个 Size 档位进行 50 epoch-equivalent 烟雾测试，检查可训练性、收益与塌陷。,configs_exploration_v3/NeuralExpert/Size1304/ionization__He__managerpretrain.yaml,ok,false,,,,,,,false,,管理器预训练阶段不适用重建探针校验,,,batch exploration_summary.tsv,batch_logs/exploration_v3/20260810_070740/exploration_summary.tsv,,,,,,成功：管理器预训练完成；该阶段不产生重建 PSNR。
explorationv3,explorationv3 / NeuralExpert / 正式 Size 矩阵烟雾测试,NeuralExpert,reconstruction,Size1304,formal,He,对正式 RD-curve 矩阵的五个 Size 档位进行 50 epoch-equivalent 烟雾测试，检查可训练性、收益与塌陷。,configs_exploration_v3/NeuralExpert/Size1304/ionization__He.yaml,ok,true,32.139558,41.89434,50,41.89434,9.754782,0,false,,v3 官方严格校验,"5:32.139558,10:36.1503,15:38.237679,20:39.892062,25:40.874712,30:41.331,35:41.818801,40:41.843565,45:41.867881,50:41.89434",,batch exploration_summary.tsv,runs/exploration_v3/explore-v3-neural-expert-ionization-size1304-He/20260813_175744/metrics/exploration_psnr.tsv,,,,,,通过：最终 PSNR=41.894 dB，首探针增益=+9.755 dB，较峰值回落=0.000 dB。
explorationv3,explorationv3 / NeuralExpert / 正式 Size 矩阵烟雾测试,NeuralExpert,manager_pretraining,Size1304,formal,PD,对正式 RD-curve 矩阵的五个 Size 档位进行 50 epoch-equivalent 烟雾测试，检查可训练性、收益与塌陷。,configs_exploration_v3/NeuralExpert/Size1304/ionization__PD__managerpretrain.yaml,ok,false,,,,,,,false,,管理器预训练阶段不适用重建探针校验,,,batch exploration_summary.tsv,batch_logs/exploration_v3/20260810_070740/exploration_summary.tsv,,,,,,成功：管理器预训练完成；该阶段不产生重建 PSNR。
explorationv3,explorationv3 / NeuralExpert / 正式 Size 矩阵烟雾测试,NeuralExpert,reconstruction,Size1304,formal,PD,对正式 RD-curve 矩阵的五个 Size 档位进行 50 epoch-equivalent 烟雾测试，检查可训练性、收益与塌陷。,configs_exploration_v3/NeuralExpert/Size1304/ionization__PD.yaml,ok,true,39.030037,45.660553,50,45.660553,6.630516,0,false,,v3 官方严格校验,"5:39.030037,10:41.845838,15:43.717469,20:44.625923,25:45.247687,30:45.425957,35:45.560754,40:45.625197,45:45.647137,50:45.660553",,batch exploration_summary.tsv,runs/exploration_v3/explore-v3-neural-expert-ionization-size1304-PD/20260813_175743/metrics/exploration_psnr.tsv,,,,,,通过：最终 PSNR=45.661 dB，首探针增益=+6.631 dB，较峰值回落=0.000 dB。
explorationv3,explorationv3 / NeuralExpert / 正式 Size 矩阵烟雾测试,NeuralExpert,manager_pretraining,Size163,formal,GT,对正式 RD-curve 矩阵的五个 Size 档位进行 50 epoch-equivalent 烟雾测试，检查可训练性、收益与塌陷。,configs_exploration_v3/NeuralExpert/Size163/ionization__GT__managerpretrain.yaml,ok,false,,,,,,,false,,管理器预训练阶段不适用重建探针校验,,,batch exploration_summary.tsv,batch_logs/exploration_v3/20260810_070740/exploration_summary.tsv,,,,,,成功：管理器预训练完成；该阶段不产生重建 PSNR。
explorationv3,explorationv3 / NeuralExpert / 正式 Size 矩阵烟雾测试,NeuralExpert,reconstruction,Size163,formal,GT,对正式 RD-curve 矩阵的五个 Size 档位进行 50 epoch-equivalent 烟雾测试，检查可训练性、收益与塌陷。,configs_exploration_v3/NeuralExpert/Size163/ionization__GT.yaml,ok,true,36.105009,39.379671,50,39.379671,3.274662,0,false,,v3 官方严格校验,"5:36.105009,10:38.061203,15:38.696233,20:39.018654,25:39.234621,30:39.302266,35:39.348121,40:39.372864,45:39.376069,50:39.379671",,batch exploration_summary.tsv,runs/exploration_v3/explore-v3-neural-expert-ionization-size163-GT/20260813_130602/metrics/exploration_psnr.tsv,,,,,,通过：最终 PSNR=39.380 dB，首探针增益=+3.275 dB，较峰值回落=0.000 dB。
explorationv3,explorationv3 / NeuralExpert / 正式 Size 矩阵烟雾测试,NeuralExpert,manager_pretraining,Size163,formal,H_plus,对正式 RD-curve 矩阵的五个 Size 档位进行 50 epoch-equivalent 烟雾测试，检查可训练性、收益与塌陷。,configs_exploration_v3/NeuralExpert/Size163/ionization__H_plus__managerpretrain.yaml,ok,false,,,,,,,false,,管理器预训练阶段不适用重建探针校验,,,batch exploration_summary.tsv,batch_logs/exploration_v3/20260810_070740/exploration_summary.tsv,,,,,,成功：管理器预训练完成；该阶段不产生重建 PSNR。
explorationv3,explorationv3 / NeuralExpert / 正式 Size 矩阵烟雾测试,NeuralExpert,reconstruction,Size163,formal,H_plus,对正式 RD-curve 矩阵的五个 Size 档位进行 50 epoch-equivalent 烟雾测试，检查可训练性、收益与塌陷。,configs_exploration_v3/NeuralExpert/Size163/ionization__H_plus.yaml,ok,true,31.586243,36.902547,50,36.902547,5.316304,0,false,,v3 官方严格校验,"5:31.586243,10:34.22815,15:35.531591,20:36.05554,25:36.580723,30:36.789276,35:36.793712,40:36.880916,45:36.876557,50:36.902547",,batch exploration_summary.tsv,runs/exploration_v3/explore-v3-neural-expert-ionization-size163-H_plus/20260813_130602/metrics/exploration_psnr.tsv,,,,,,通过：最终 PSNR=36.903 dB，首探针增益=+5.316 dB，较峰值回落=0.000 dB。
explorationv3,explorationv3 / NeuralExpert / 正式 Size 矩阵烟雾测试,NeuralExpert,manager_pretraining,Size163,formal,H2,对正式 RD-curve 矩阵的五个 Size 档位进行 50 epoch-equivalent 烟雾测试，检查可训练性、收益与塌陷。,configs_exploration_v3/NeuralExpert/Size163/ionization__H2__managerpretrain.yaml,ok,false,,,,,,,false,,管理器预训练阶段不适用重建探针校验,,,batch exploration_summary.tsv,batch_logs/exploration_v3/20260810_070740/exploration_summary.tsv,,,,,,成功：管理器预训练完成；该阶段不产生重建 PSNR。
explorationv3,explorationv3 / NeuralExpert / 正式 Size 矩阵烟雾测试,NeuralExpert,reconstruction,Size163,formal,H2,对正式 RD-curve 矩阵的五个 Size 档位进行 50 epoch-equivalent 烟雾测试，检查可训练性、收益与塌陷。,configs_exploration_v3/NeuralExpert/Size163/ionization__H2.yaml,ok,true,36.063599,39.230686,45,39.224989,3.16139,0.005697,false,,v3 官方严格校验,"5:36.063599,10:37.815955,15:38.521243,20:38.84767,25:39.025184,30:39.163685,35:39.190784,40:39.213115,45:39.230686,50:39.224989",,batch exploration_summary.tsv,runs/exploration_v3/explore-v3-neural-expert-ionization-size163-H2/20260813_130602/metrics/exploration_psnr.tsv,,,,,,通过：最终 PSNR=39.225 dB，首探针增益=+3.161 dB，较峰值回落=0.006 dB。
explorationv3,explorationv3 / NeuralExpert / 正式 Size 矩阵烟雾测试,NeuralExpert,manager_pretraining,Size163,formal,He,对正式 RD-curve 矩阵的五个 Size 档位进行 50 epoch-equivalent 烟雾测试，检查可训练性、收益与塌陷。,configs_exploration_v3/NeuralExpert/Size163/ionization__He__managerpretrain.yaml,ok,false,,,,,,,false,,管理器预训练阶段不适用重建探针校验,,,batch exploration_summary.tsv,batch_logs/exploration_v3/20260810_070740/exploration_summary.tsv,,,,,,成功：管理器预训练完成；该阶段不产生重建 PSNR。
explorationv3,explorationv3 / NeuralExpert / 正式 Size 矩阵烟雾测试,NeuralExpert,reconstruction,Size163,formal,He,对正式 RD-curve 矩阵的五个 Size 档位进行 50 epoch-equivalent 烟雾测试，检查可训练性、收益与塌陷。,configs_exploration_v3/NeuralExpert/Size163/ionization__He.yaml,ok,true,30.340256,35.613991,50,35.613991,5.273735,0,false,,v3 官方严格校验,"5:30.340256,10:33.049903,15:34.404745,20:34.794095,25:35.368531,30:35.45774,35:35.57506,40:35.575312,45:35.603584,50:35.613991",,batch exploration_summary.tsv,runs/exploration_v3/explore-v3-neural-expert-ionization-size163-He/20260813_130602/metrics/exploration_psnr.tsv,,,,,,通过：最终 PSNR=35.614 dB，首探针增益=+5.274 dB，较峰值回落=0.000 dB。
explorationv3,explorationv3 / NeuralExpert / 正式 Size 矩阵烟雾测试,NeuralExpert,manager_pretraining,Size163,formal,PD,对正式 RD-curve 矩阵的五个 Size 档位进行 50 epoch-equivalent 烟雾测试，检查可训练性、收益与塌陷。,configs_exploration_v3/NeuralExpert/Size163/ionization__PD__managerpretrain.yaml,ok,false,,,,,,,false,,管理器预训练阶段不适用重建探针校验,,,batch exploration_summary.tsv,batch_logs/exploration_v3/20260810_070740/exploration_summary.tsv,,,,,,成功：管理器预训练完成；该阶段不产生重建 PSNR。
explorationv3,explorationv3 / NeuralExpert / 正式 Size 矩阵烟雾测试,NeuralExpert,reconstruction,Size163,formal,PD,对正式 RD-curve 矩阵的五个 Size 档位进行 50 epoch-equivalent 烟雾测试，检查可训练性、收益与塌陷。,configs_exploration_v3/NeuralExpert/Size163/ionization__PD.yaml,ok,true,34.528583,38.366657,50,38.366657,3.838074,0,false,,v3 官方严格校验,"5:34.528583,10:36.297799,15:37.454972,20:37.877449,25:38.168646,30:38.294111,35:38.33006,40:38.354683,45:38.364743,50:38.366657",,batch exploration_summary.tsv,runs/exploration_v3/explore-v3-neural-expert-ionization-size163-PD/20260813_130602/metrics/exploration_psnr.tsv,,,,,,通过：最终 PSNR=38.367 dB，首探针增益=+3.838 dB，较峰值回落=0.000 dB。
explorationv3,explorationv3 / NeuralExpert / 正式 Size 矩阵烟雾测试,NeuralExpert,manager_pretraining,Size326,formal,GT,对正式 RD-curve 矩阵的五个 Size 档位进行 50 epoch-equivalent 烟雾测试，检查可训练性、收益与塌陷。,configs_exploration_v3/NeuralExpert/Size326/ionization__GT__managerpretrain.yaml,ok,false,,,,,,,false,,管理器预训练阶段不适用重建探针校验,,,batch exploration_summary.tsv,batch_logs/exploration_v3/20260810_070740/exploration_summary.tsv,,,,,,成功：管理器预训练完成；该阶段不产生重建 PSNR。
explorationv3,explorationv3 / NeuralExpert / 正式 Size 矩阵烟雾测试,NeuralExpert,reconstruction,Size326,formal,GT,对正式 RD-curve 矩阵的五个 Size 档位进行 50 epoch-equivalent 烟雾测试，检查可训练性、收益与塌陷。,configs_exploration_v3/NeuralExpert/Size326/ionization__GT.yaml,ok,true,36.918506,40.983532,50,40.983532,4.065026,0,false,,v3 官方严格校验,"5:36.918506,10:39.216666,15:40.069515,20:40.575975,25:40.793865,30:40.862462,35:40.943518,40:40.968625,45:40.97187,50:40.983532",,batch exploration_summary.tsv,runs/exploration_v3/explore-v3-neural-expert-ionization-size326-GT/20260813_142716/metrics/exploration_psnr.tsv,,,,,,通过：最终 PSNR=40.984 dB，首探针增益=+4.065 dB，较峰值回落=0.000 dB。
explorationv3,explorationv3 / NeuralExpert / 正式 Size 矩阵烟雾测试,NeuralExpert,manager_pretraining,Size326,formal,H_plus,对正式 RD-curve 矩阵的五个 Size 档位进行 50 epoch-equivalent 烟雾测试，检查可训练性、收益与塌陷。,configs_exploration_v3/NeuralExpert/Size326/ionization__H_plus__managerpretrain.yaml,ok,false,,,,,,,false,,管理器预训练阶段不适用重建探针校验,,,batch exploration_summary.tsv,batch_logs/exploration_v3/20260810_070740/exploration_summary.tsv,,,,,,成功：管理器预训练完成；该阶段不产生重建 PSNR。
explorationv3,explorationv3 / NeuralExpert / 正式 Size 矩阵烟雾测试,NeuralExpert,reconstruction,Size326,formal,H_plus,对正式 RD-curve 矩阵的五个 Size 档位进行 50 epoch-equivalent 烟雾测试，检查可训练性、收益与塌陷。,configs_exploration_v3/NeuralExpert/Size326/ionization__H_plus.yaml,ok,true,32.382913,38.633103,45,38.622552,6.239639,0.010551,false,,v3 官方严格校验,"5:32.382913,10:35.672585,15:37.039176,20:37.746932,25:38.223834,30:38.520694,35:38.558393,40:38.628401,45:38.633103,50:38.622552",,batch exploration_summary.tsv,runs/exploration_v3/explore-v3-neural-expert-ionization-size326-H_plus/20260813_142716/metrics/exploration_psnr.tsv,,,,,,通过：最终 PSNR=38.623 dB，首探针增益=+6.240 dB，较峰值回落=0.011 dB。
explorationv3,explorationv3 / NeuralExpert / 正式 Size 矩阵烟雾测试,NeuralExpert,manager_pretraining,Size326,formal,H2,对正式 RD-curve 矩阵的五个 Size 档位进行 50 epoch-equivalent 烟雾测试，检查可训练性、收益与塌陷。,configs_exploration_v3/NeuralExpert/Size326/ionization__H2__managerpretrain.yaml,ok,false,,,,,,,false,,管理器预训练阶段不适用重建探针校验,,,batch exploration_summary.tsv,batch_logs/exploration_v3/20260810_070740/exploration_summary.tsv,,,,,,成功：管理器预训练完成；该阶段不产生重建 PSNR。
explorationv3,explorationv3 / NeuralExpert / 正式 Size 矩阵烟雾测试,NeuralExpert,reconstruction,Size326,formal,H2,对正式 RD-curve 矩阵的五个 Size 档位进行 50 epoch-equivalent 烟雾测试，检查可训练性、收益与塌陷。,configs_exploration_v3/NeuralExpert/Size326/ionization__H2.yaml,ok,true,36.479484,39.944902,50,39.944902,3.465418,0,false,,v3 官方严格校验,"5:36.479484,10:38.440533,15:39.33009,20:39.61612,25:39.778206,30:39.881153,35:39.891253,40:39.930199,45:39.929163,50:39.944902",,batch exploration_summary.tsv,runs/exploration_v3/explore-v3-neural-expert-ionization-size326-H2/20260813_142715/metrics/exploration_psnr.tsv,,,,,,通过：最终 PSNR=39.945 dB，首探针增益=+3.465 dB，较峰值回落=0.000 dB。
explorationv3,explorationv3 / NeuralExpert / 正式 Size 矩阵烟雾测试,NeuralExpert,manager_pretraining,Size326,formal,He,对正式 RD-curve 矩阵的五个 Size 档位进行 50 epoch-equivalent 烟雾测试，检查可训练性、收益与塌陷。,configs_exploration_v3/NeuralExpert/Size326/ionization__He__managerpretrain.yaml,ok,false,,,,,,,false,,管理器预训练阶段不适用重建探针校验,,,batch exploration_summary.tsv,batch_logs/exploration_v3/20260810_070740/exploration_summary.tsv,,,,,,成功：管理器预训练完成；该阶段不产生重建 PSNR。
explorationv3,explorationv3 / NeuralExpert / 正式 Size 矩阵烟雾测试,NeuralExpert,reconstruction,Size326,formal,He,对正式 RD-curve 矩阵的五个 Size 档位进行 50 epoch-equivalent 烟雾测试，检查可训练性、收益与塌陷。,configs_exploration_v3/NeuralExpert/Size326/ionization__He.yaml,ok,true,32.305723,38.642359,50,38.642359,6.336636,0,false,,v3 官方严格校验,"5:32.305723,10:35.555518,15:36.697493,20:37.571372,25:38.282607,30:38.317158,35:38.561998,40:38.603725,45:38.597198,50:38.642359",,batch exploration_summary.tsv,runs/exploration_v3/explore-v3-neural-expert-ionization-size326-He/20260813_142716/metrics/exploration_psnr.tsv,,,,,,通过：最终 PSNR=38.642 dB，首探针增益=+6.337 dB，较峰值回落=0.000 dB。
explorationv3,explorationv3 / NeuralExpert / 正式 Size 矩阵烟雾测试,NeuralExpert,manager_pretraining,Size326,formal,PD,对正式 RD-curve 矩阵的五个 Size 档位进行 50 epoch-equivalent 烟雾测试，检查可训练性、收益与塌陷。,configs_exploration_v3/NeuralExpert/Size326/ionization__PD__managerpretrain.yaml,ok,false,,,,,,,false,,管理器预训练阶段不适用重建探针校验,,,batch exploration_summary.tsv,batch_logs/exploration_v3/20260810_070740/exploration_summary.tsv,,,,,,成功：管理器预训练完成；该阶段不产生重建 PSNR。
explorationv3,explorationv3 / NeuralExpert / 正式 Size 矩阵烟雾测试,NeuralExpert,reconstruction,Size326,formal,PD,对正式 RD-curve 矩阵的五个 Size 档位进行 50 epoch-equivalent 烟雾测试，检查可训练性、收益与塌陷。,configs_exploration_v3/NeuralExpert/Size326/ionization__PD.yaml,ok,true,35.289777,39.219599,50,39.219599,3.929822,0,false,,v3 官方严格校验,"5:35.289777,10:37.23945,15:38.304033,20:38.739874,25:39.017673,30:39.128678,35:39.17488,40:39.213332,45:39.208948,50:39.219599",,batch exploration_summary.tsv,runs/exploration_v3/explore-v3-neural-expert-ionization-size326-PD/20260813_142716/metrics/exploration_psnr.tsv,,,,,,通过：最终 PSNR=39.220 dB，首探针增益=+3.930 dB，较峰值回落=0.000 dB。
explorationv3,explorationv3 / NeuralExpert / 正式 Size 矩阵烟雾测试,NeuralExpert,manager_pretraining,Size652,formal,GT,对正式 RD-curve 矩阵的五个 Size 档位进行 50 epoch-equivalent 烟雾测试，检查可训练性、收益与塌陷。,configs_exploration_v3/NeuralExpert/Size652/ionization__GT__managerpretrain.yaml,ok,false,,,,,,,false,,管理器预训练阶段不适用重建探针校验,,,batch exploration_summary.tsv,batch_logs/exploration_v3/20260810_070740/exploration_summary.tsv,,,,,,成功：管理器预训练完成；该阶段不产生重建 PSNR。
explorationv3,explorationv3 / NeuralExpert / 正式 Size 矩阵烟雾测试,NeuralExpert,reconstruction,Size652,formal,GT,对正式 RD-curve 矩阵的五个 Size 档位进行 50 epoch-equivalent 烟雾测试，检查可训练性、收益与塌陷。,configs_exploration_v3/NeuralExpert/Size652/ionization__GT.yaml,ok,true,38.030379,43.277363,50,43.277363,5.246984,0,false,,v3 官方严格校验,"5:38.030379,10:40.619794,15:42.108966,20:42.697734,25:42.970555,30:43.109496,35:43.211693,40:43.245582,45:43.257117,50:43.277363",,batch exploration_summary.tsv,runs/exploration_v3/explore-v3-neural-expert-ionization-size652-GT/20260813_160435/metrics/exploration_psnr.tsv,,,,,,通过：最终 PSNR=43.277 dB，首探针增益=+5.247 dB，较峰值回落=0.000 dB。
explorationv3,explorationv3 / NeuralExpert / 正式 Size 矩阵烟雾测试,NeuralExpert,manager_pretraining,Size652,formal,H_plus,对正式 RD-curve 矩阵的五个 Size 档位进行 50 epoch-equivalent 烟雾测试，检查可训练性、收益与塌陷。,configs_exploration_v3/NeuralExpert/Size652/ionization__H_plus__managerpretrain.yaml,ok,false,,,,,,,false,,管理器预训练阶段不适用重建探针校验,,,batch exploration_summary.tsv,batch_logs/exploration_v3/20260810_070740/exploration_summary.tsv,,,,,,成功：管理器预训练完成；该阶段不产生重建 PSNR。
explorationv3,explorationv3 / NeuralExpert / 正式 Size 矩阵烟雾测试,NeuralExpert,reconstruction,Size652,formal,H_plus,对正式 RD-curve 矩阵的五个 Size 档位进行 50 epoch-equivalent 烟雾测试，检查可训练性、收益与塌陷。,configs_exploration_v3/NeuralExpert/Size652/ionization__H_plus.yaml,ok,true,33.936504,41.278521,50,41.278521,7.342017,0,false,,v3 官方严格校验,"5:33.936504,10:36.985039,15:38.970276,20:39.949031,25:40.751816,30:41.055443,35:41.144292,40:41.257699,45:41.257397,50:41.278521",,batch exploration_summary.tsv,runs/exploration_v3/explore-v3-neural-expert-ionization-size652-H_plus/20260813_160435/metrics/exploration_psnr.tsv,,,,,,通过：最终 PSNR=41.279 dB，首探针增益=+7.342 dB，较峰值回落=0.000 dB。
explorationv3,explorationv3 / NeuralExpert / 正式 Size 矩阵烟雾测试,NeuralExpert,manager_pretraining,Size652,formal,H2,对正式 RD-curve 矩阵的五个 Size 档位进行 50 epoch-equivalent 烟雾测试，检查可训练性、收益与塌陷。,configs_exploration_v3/NeuralExpert/Size652/ionization__H2__managerpretrain.yaml,ok,false,,,,,,,false,,管理器预训练阶段不适用重建探针校验,,,batch exploration_summary.tsv,batch_logs/exploration_v3/20260810_070740/exploration_summary.tsv,,,,,,成功：管理器预训练完成；该阶段不产生重建 PSNR。
explorationv3,explorationv3 / NeuralExpert / 正式 Size 矩阵烟雾测试,NeuralExpert,reconstruction,Size652,formal,H2,对正式 RD-curve 矩阵的五个 Size 档位进行 50 epoch-equivalent 烟雾测试，检查可训练性、收益与塌陷。,configs_exploration_v3/NeuralExpert/Size652/ionization__H2.yaml,ok,true,36.522117,41.052022,45,41.044414,4.522297,0.007608,false,,v3 官方严格校验,"5:36.522117,10:39.027929,15:40.095945,20:40.51099,25:40.788249,30:41.000331,35:40.955938,40:41.050137,45:41.052022,50:41.044414",,batch exploration_summary.tsv,runs/exploration_v3/explore-v3-neural-expert-ionization-size652-H2/20260813_160435/metrics/exploration_psnr.tsv,,,,,,通过：最终 PSNR=41.044 dB，首探针增益=+4.522 dB，较峰值回落=0.008 dB。
explorationv3,explorationv3 / NeuralExpert / 正式 Size 矩阵烟雾测试,NeuralExpert,manager_pretraining,Size652,formal,He,对正式 RD-curve 矩阵的五个 Size 档位进行 50 epoch-equivalent 烟雾测试，检查可训练性、收益与塌陷。,configs_exploration_v3/NeuralExpert/Size652/ionization__He__managerpretrain.yaml,ok,false,,,,,,,false,,管理器预训练阶段不适用重建探针校验,,,batch exploration_summary.tsv,batch_logs/exploration_v3/20260810_070740/exploration_summary.tsv,,,,,,成功：管理器预训练完成；该阶段不产生重建 PSNR。
explorationv3,explorationv3 / NeuralExpert / 正式 Size 矩阵烟雾测试,NeuralExpert,reconstruction,Size652,formal,He,对正式 RD-curve 矩阵的五个 Size 档位进行 50 epoch-equivalent 烟雾测试，检查可训练性、收益与塌陷。,configs_exploration_v3/NeuralExpert/Size652/ionization__He.yaml,ok,true,32.630953,39.967747,50,39.967747,7.336794,0,false,,v3 官方严格校验,"5:32.630953,10:35.957885,15:37.742064,20:38.556543,25:39.484983,30:39.593517,35:39.856893,40:39.903939,45:39.936456,50:39.967747",,batch exploration_summary.tsv,runs/exploration_v3/explore-v3-neural-expert-ionization-size652-He/20260813_160435/metrics/exploration_psnr.tsv,,,,,,通过：最终 PSNR=39.968 dB，首探针增益=+7.337 dB，较峰值回落=0.000 dB。
explorationv3,explorationv3 / NeuralExpert / 正式 Size 矩阵烟雾测试,NeuralExpert,manager_pretraining,Size652,formal,PD,对正式 RD-curve 矩阵的五个 Size 档位进行 50 epoch-equivalent 烟雾测试，检查可训练性、收益与塌陷。,configs_exploration_v3/NeuralExpert/Size652/ionization__PD__managerpretrain.yaml,ok,false,,,,,,,false,,管理器预训练阶段不适用重建探针校验,,,batch exploration_summary.tsv,batch_logs/exploration_v3/20260810_070740/exploration_summary.tsv,,,,,,成功：管理器预训练完成；该阶段不产生重建 PSNR。
explorationv3,explorationv3 / NeuralExpert / 正式 Size 矩阵烟雾测试,NeuralExpert,reconstruction,Size652,formal,PD,对正式 RD-curve 矩阵的五个 Size 档位进行 50 epoch-equivalent 烟雾测试，检查可训练性、收益与塌陷。,configs_exploration_v3/NeuralExpert/Size652/ionization__PD.yaml,ok,true,37.53103,43.141793,50,43.141793,5.610763,0,false,,v3 官方严格校验,"5:37.53103,10:40.300631,15:41.773866,20:42.377517,25:42.871515,30:43.028998,35:43.056704,40:43.118948,45:43.127921,50:43.141793",,batch exploration_summary.tsv,runs/exploration_v3/explore-v3-neural-expert-ionization-size652-PD/20260813_160435/metrics/exploration_psnr.tsv,,,,,,通过：最终 PSNR=43.142 dB，首探针增益=+5.611 dB，较峰值回落=0.000 dB。
explorationv3,explorationv3 / RMDSRN / 正式 Size 矩阵烟雾测试,RMDSRN,reconstruction,Size082,formal,GT,对正式 RD-curve 矩阵的五个 Size 档位进行 50 epoch-equivalent 烟雾测试，检查可训练性、收益与塌陷。,configs_exploration_v3/RMDSRN/Size082/ionization__GT.yaml,ok,true,30.840369,30.840369,5,27.071253,-3.769116,3.769116,true,"collapse=3.7691dB,gain=-3.7691dB",v3 官方严格校验,"5:30.840369,10:30.371905,15:29.646729,20:28.890606,25:27.248526,30:26.651125,35:26.570001,40:26.909244,45:27.033811,50:27.071253",,batch exploration_summary.tsv,runs/exploration_v3/explore-v3-rmdsrn-ionization-size082-GT/20260812_172752_643707/metrics/exploration_psnr.tsv,,,,,,"需关注：最终 PSNR=27.071 dB，首探针增益=-3.769 dB，较峰值回落=3.769 dB；collapse=3.7691dB,gain=-3.7691dB。"
explorationv3,explorationv3 / RMDSRN / 正式 Size 矩阵烟雾测试,RMDSRN,reconstruction,Size082,formal,H_plus,对正式 RD-curve 矩阵的五个 Size 档位进行 50 epoch-equivalent 烟雾测试，检查可训练性、收益与塌陷。,configs_exploration_v3/RMDSRN/Size082/ionization__H_plus.yaml,ok,true,28.511506,28.511506,5,27.774199,-0.737307,0.737307,true,gain=-0.7373dB,v3 官方严格校验,"5:28.511506,10:28.437387,15:27.866849,20:27.542925,25:27.470699,30:27.192102,35:27.362627,40:27.581876,45:27.753476,50:27.774199",,batch exploration_summary.tsv,runs/exploration_v3/explore-v3-rmdsrn-ionization-size082-H_plus/20260812_172752_650144/metrics/exploration_psnr.tsv,,,,,,需关注：最终 PSNR=27.774 dB，首探针增益=-0.737 dB，较峰值回落=0.737 dB；gain=-0.7373dB。
explorationv3,explorationv3 / RMDSRN / 正式 Size 矩阵烟雾测试,RMDSRN,reconstruction,Size082,formal,H2,对正式 RD-curve 矩阵的五个 Size 档位进行 50 epoch-equivalent 烟雾测试，检查可训练性、收益与塌陷。,configs_exploration_v3/RMDSRN/Size082/ionization__H2.yaml,ok,true,34.014211,34.014211,5,33.275757,-0.738454,0.738454,true,gain=-0.7385dB,v3 官方严格校验,"5:34.014211,10:33.694123,15:33.252759,20:32.566497,25:32.200747,30:31.975197,35:31.979009,40:32.546276,45:33.264988,50:33.275757",,batch exploration_summary.tsv,runs/exploration_v3/explore-v3-rmdsrn-ionization-size082-H2/20260812_172752_931468/metrics/exploration_psnr.tsv,,,,,,需关注：最终 PSNR=33.276 dB，首探针增益=-0.738 dB，较峰值回落=0.738 dB；gain=-0.7385dB。
explorationv3,explorationv3 / RMDSRN / 正式 Size 矩阵烟雾测试,RMDSRN,reconstruction,Size082,formal,He,对正式 RD-curve 矩阵的五个 Size 档位进行 50 epoch-equivalent 烟雾测试，检查可训练性、收益与塌陷。,configs_exploration_v3/RMDSRN/Size082/ionization__He.yaml,ok,true,27.594969,27.594969,5,27.438717,-0.156252,0.156252,true,gain=-0.1563dB,v3 官方严格校验,"5:27.594969,10:27.500629,15:27.304396,20:26.777074,25:26.868408,30:27.089421,35:27.095967,40:27.289677,45:27.382931,50:27.438717",,batch exploration_summary.tsv,runs/exploration_v3/explore-v3-rmdsrn-ionization-size082-He/20260812_172752_611528/metrics/exploration_psnr.tsv,,,,,,需关注：最终 PSNR=27.439 dB，首探针增益=-0.156 dB，较峰值回落=0.156 dB；gain=-0.1563dB。
explorationv3,explorationv3 / RMDSRN / 正式 Size 矩阵烟雾测试,RMDSRN,reconstruction,Size082,formal,PD,对正式 RD-curve 矩阵的五个 Size 档位进行 50 epoch-equivalent 烟雾测试，检查可训练性、收益与塌陷。,configs_exploration_v3/RMDSRN/Size082/ionization__PD.yaml,ok,true,31.553338,31.553338,5,27.934413,-3.618925,3.618925,true,"collapse=3.6189dB,gain=-3.6189dB",v3 官方严格校验,"5:31.553338,10:31.153858,15:30.454477,20:29.512481,25:28.469988,30:28.554171,35:28.324513,40:28.434971,45:28.124421,50:27.934413",,batch exploration_summary.tsv,runs/exploration_v3/explore-v3-rmdsrn-ionization-size082-PD/20260812_172752_609390/metrics/exploration_psnr.tsv,,,,,,"需关注：最终 PSNR=27.934 dB，首探针增益=-3.619 dB，较峰值回落=3.619 dB；collapse=3.6189dB,gain=-3.6189dB。"
explorationv3,explorationv3 / RMDSRN / 正式 Size 矩阵烟雾测试,RMDSRN,reconstruction,Size1304,formal,GT,对正式 RD-curve 矩阵的五个 Size 档位进行 50 epoch-equivalent 烟雾测试，检查可训练性、收益与塌陷。,configs_exploration_v3/RMDSRN/Size1304/ionization__GT.yaml,ok,true,32.534689,32.534689,5,28.625178,-3.909511,3.909511,true,"collapse=3.9095dB,gain=-3.9095dB",v3 官方严格校验,"5:32.534689,10:31.527702,15:30.779066,20:29.767888,25:28.976198,30:28.624018,35:28.470597,40:28.518757,45:28.631102,50:28.625178",,batch exploration_summary.tsv,runs/exploration_v3/explore-v3-rmdsrn-ionization-size1304-GT/20260812_194146_315615/metrics/exploration_psnr.tsv,,,,,,"需关注：最终 PSNR=28.625 dB，首探针增益=-3.910 dB，较峰值回落=3.910 dB；collapse=3.9095dB,gain=-3.9095dB。"
explorationv3,explorationv3 / RMDSRN / 正式 Size 矩阵烟雾测试,RMDSRN,reconstruction,Size1304,formal,H_plus,对正式 RD-curve 矩阵的五个 Size 档位进行 50 epoch-equivalent 烟雾测试，检查可训练性、收益与塌陷。,configs_exploration_v3/RMDSRN/Size1304/ionization__H_plus.yaml,ok,true,30.258853,30.258853,5,28.836032,-1.422821,1.422821,true,"collapse=1.4228dB,gain=-1.4228dB",v3 官方严格校验,"5:30.258853,10:29.598293,15:29.073904,20:28.876133,25:28.477768,30:28.333037,35:28.624538,40:28.85495,45:28.874164,50:28.836032",,batch exploration_summary.tsv,runs/exploration_v3/explore-v3-rmdsrn-ionization-size1304-H_plus/20260812_194146_027559/metrics/exploration_psnr.tsv,,,,,,"需关注：最终 PSNR=28.836 dB，首探针增益=-1.423 dB，较峰值回落=1.423 dB；collapse=1.4228dB,gain=-1.4228dB。"
explorationv3,explorationv3 / RMDSRN / 正式 Size 矩阵烟雾测试,RMDSRN,reconstruction,Size1304,formal,H2,对正式 RD-curve 矩阵的五个 Size 档位进行 50 epoch-equivalent 烟雾测试，检查可训练性、收益与塌陷。,configs_exploration_v3/RMDSRN/Size1304/ionization__H2.yaml,ok,true,34.585191,34.585191,5,32.874932,-1.710259,1.710259,true,"collapse=1.7103dB,gain=-1.7103dB",v3 官方严格校验,"5:34.585191,10:34.14539,15:33.502738,20:32.526501,25:32.030875,30:31.053893,35:31.276049,40:32.369188,45:32.765976,50:32.874932",,batch exploration_summary.tsv,runs/exploration_v3/explore-v3-rmdsrn-ionization-size1304-H2/20260812_194146_237009/metrics/exploration_psnr.tsv,,,,,,"需关注：最终 PSNR=32.875 dB，首探针增益=-1.710 dB，较峰值回落=1.710 dB；collapse=1.7103dB,gain=-1.7103dB。"
explorationv3,explorationv3 / RMDSRN / 正式 Size 矩阵烟雾测试,RMDSRN,reconstruction,Size1304,formal,He,对正式 RD-curve 矩阵的五个 Size 档位进行 50 epoch-equivalent 烟雾测试，检查可训练性、收益与塌陷。,configs_exploration_v3/RMDSRN/Size1304/ionization__He.yaml,ok,true,29.790682,29.790682,5,29.498399,-0.292283,0.292283,true,gain=-0.2923dB,v3 官方严格校验,"5:29.790682,10:29.274596,15:28.761469,20:28.301503,25:28.32798,30:28.374842,35:28.691988,40:29.228642,45:29.459317,50:29.498399",,batch exploration_summary.tsv,runs/exploration_v3/explore-v3-rmdsrn-ionization-size1304-He/20260812_194146_410679/metrics/exploration_psnr.tsv,,,,,,需关注：最终 PSNR=29.498 dB，首探针增益=-0.292 dB，较峰值回落=0.292 dB；gain=-0.2923dB。
explorationv3,explorationv3 / RMDSRN / 正式 Size 矩阵烟雾测试,RMDSRN,reconstruction,Size1304,formal,PD,对正式 RD-curve 矩阵的五个 Size 档位进行 50 epoch-equivalent 烟雾测试，检查可训练性、收益与塌陷。,configs_exploration_v3/RMDSRN/Size1304/ionization__PD.yaml,ok,true,33.365819,33.365819,5,28.663729,-4.70209,4.70209,true,"collapse=4.7021dB,gain=-4.7021dB",v3 官方严格校验,"5:33.365819,10:32.115848,15:31.127643,20:30.207443,25:29.570319,30:29.264098,35:28.990941,40:28.834456,45:28.691647,50:28.663729",,batch exploration_summary.tsv,runs/exploration_v3/explore-v3-rmdsrn-ionization-size1304-PD/20260812_194146_105334/metrics/exploration_psnr.tsv,,,,,,"需关注：最终 PSNR=28.664 dB，首探针增益=-4.702 dB，较峰值回落=4.702 dB；collapse=4.7021dB,gain=-4.7021dB。"
explorationv3,explorationv3 / RMDSRN / 正式 Size 矩阵烟雾测试,RMDSRN,reconstruction,Size163,formal,GT,对正式 RD-curve 矩阵的五个 Size 档位进行 50 epoch-equivalent 烟雾测试，检查可训练性、收益与塌陷。,configs_exploration_v3/RMDSRN/Size163/ionization__GT.yaml,ok,true,31.067276,31.067276,5,27.88436,-3.182916,3.182916,true,"collapse=3.1829dB,gain=-3.1829dB",v3 官方严格校验,"5:31.067276,10:30.389516,15:29.789275,20:29.127997,25:28.322792,30:27.784388,35:27.501927,40:27.848935,45:27.884814,50:27.88436",,batch exploration_summary.tsv,runs/exploration_v3/explore-v3-rmdsrn-ionization-size163-GT/20260812_175703_550723/metrics/exploration_psnr.tsv,,,,,,"需关注：最终 PSNR=27.884 dB，首探针增益=-3.183 dB，较峰值回落=3.183 dB；collapse=3.1829dB,gain=-3.1829dB。"
explorationv3,explorationv3 / RMDSRN / 正式 Size 矩阵烟雾测试,RMDSRN,reconstruction,Size163,formal,H_plus,对正式 RD-curve 矩阵的五个 Size 档位进行 50 epoch-equivalent 烟雾测试，检查可训练性、收益与塌陷。,configs_exploration_v3/RMDSRN/Size163/ionization__H_plus.yaml,ok,true,28.686903,28.686903,5,27.675826,-1.011077,1.011077,true,"collapse=1.0111dB,gain=-1.0111dB",v3 官方严格校验,"5:28.686903,10:28.152626,15:27.800019,20:27.572072,25:27.114452,30:27.19741,35:27.473964,40:27.567341,45:27.632201,50:27.675826",,batch exploration_summary.tsv,runs/exploration_v3/explore-v3-rmdsrn-ionization-size163-H_plus/20260812_175703_560802/metrics/exploration_psnr.tsv,,,,,,"需关注：最终 PSNR=27.676 dB，首探针增益=-1.011 dB，较峰值回落=1.011 dB；collapse=1.0111dB,gain=-1.0111dB。"
explorationv3,explorationv3 / RMDSRN / 正式 Size 矩阵烟雾测试,RMDSRN,reconstruction,Size163,formal,H2,对正式 RD-curve 矩阵的五个 Size 档位进行 50 epoch-equivalent 烟雾测试，检查可训练性、收益与塌陷。,configs_exploration_v3/RMDSRN/Size163/ionization__H2.yaml,ok,true,33.85523,33.85523,5,33.142065,-0.713165,0.713165,true,gain=-0.7132dB,v3 官方严格校验,"5:33.85523,10:33.43202,15:32.508028,20:32.67883,25:32.374667,30:31.698704,35:30.024437,40:32.921005,45:33.145772,50:33.142065",,batch exploration_summary.tsv,runs/exploration_v3/explore-v3-rmdsrn-ionization-size163-H2/20260812_175702_889050/metrics/exploration_psnr.tsv,,,,,,需关注：最终 PSNR=33.142 dB，首探针增益=-0.713 dB，较峰值回落=0.713 dB；gain=-0.7132dB。
explorationv3,explorationv3 / RMDSRN / 正式 Size 矩阵烟雾测试,RMDSRN,reconstruction,Size163,formal,He,对正式 RD-curve 矩阵的五个 Size 档位进行 50 epoch-equivalent 烟雾测试，检查可训练性、收益与塌陷。,configs_exploration_v3/RMDSRN/Size163/ionization__He.yaml,ok,true,27.782643,27.782643,5,26.986699,-0.795944,0.795944,true,gain=-0.7959dB,v3 官方严格校验,"5:27.782643,10:27.678076,15:27.185264,20:26.920976,25:26.779766,30:26.636071,35:26.827839,40:26.936281,45:26.990931,50:26.986699",,batch exploration_summary.tsv,runs/exploration_v3/explore-v3-rmdsrn-ionization-size163-He/20260812_175703_517238/metrics/exploration_psnr.tsv,,,,,,需关注：最终 PSNR=26.987 dB，首探针增益=-0.796 dB，较峰值回落=0.796 dB；gain=-0.7959dB。
explorationv3,explorationv3 / RMDSRN / 正式 Size 矩阵烟雾测试,RMDSRN,reconstruction,Size163,formal,PD,对正式 RD-curve 矩阵的五个 Size 档位进行 50 epoch-equivalent 烟雾测试，检查可训练性、收益与塌陷。,configs_exploration_v3/RMDSRN/Size163/ionization__PD.yaml,ok,true,31.831624,31.831624,5,27.808718,-4.022906,4.022906,true,"collapse=4.0229dB,gain=-4.0229dB",v3 官方严格校验,"5:31.831624,10:30.939565,15:30.375471,20:29.776576,25:29.251871,30:28.7389,35:27.487064,40:27.518656,45:27.711418,50:27.808718",,batch exploration_summary.tsv,runs/exploration_v3/explore-v3-rmdsrn-ionization-size163-PD/20260812_175703_573063/metrics/exploration_psnr.tsv,,,,,,"需关注：最终 PSNR=27.809 dB，首探针增益=-4.023 dB，较峰值回落=4.023 dB；collapse=4.0229dB,gain=-4.0229dB。"
explorationv3,explorationv3 / RMDSRN / 正式 Size 矩阵烟雾测试,RMDSRN,reconstruction,Size326,formal,GT,对正式 RD-curve 矩阵的五个 Size 档位进行 50 epoch-equivalent 烟雾测试，检查可训练性、收益与塌陷。,configs_exploration_v3/RMDSRN/Size326/ionization__GT.yaml,ok,true,31.711639,31.711639,5,28.535144,-3.176495,3.176495,true,"collapse=3.1765dB,gain=-3.1765dB",v3 官方严格校验,"5:31.711639,10:31.138812,15:30.012669,20:29.488477,25:28.329336,30:28.36275,35:28.044829,40:28.413659,45:28.536562,50:28.535144",,batch exploration_summary.tsv,runs/exploration_v3/explore-v3-rmdsrn-ionization-size326-GT/20260812_182739_930664/metrics/exploration_psnr.tsv,,,,,,"需关注：最终 PSNR=28.535 dB，首探针增益=-3.176 dB，较峰值回落=3.176 dB；collapse=3.1765dB,gain=-3.1765dB。"
explorationv3,explorationv3 / RMDSRN / 正式 Size 矩阵烟雾测试,RMDSRN,reconstruction,Size326,formal,H_plus,对正式 RD-curve 矩阵的五个 Size 档位进行 50 epoch-equivalent 烟雾测试，检查可训练性、收益与塌陷。,configs_exploration_v3/RMDSRN/Size326/ionization__H_plus.yaml,ok,true,29.179235,29.179235,5,28.613733,-0.565502,0.565502,true,gain=-0.5655dB,v3 官方严格校验,"5:29.179235,10:28.802081,15:28.180442,20:27.926763,25:27.817106,30:27.885255,35:28.179046,40:28.468649,45:28.582609,50:28.613733",,batch exploration_summary.tsv,runs/exploration_v3/explore-v3-rmdsrn-ionization-size326-H_plus/20260812_182739_744432/metrics/exploration_psnr.tsv,,,,,,需关注：最终 PSNR=28.614 dB，首探针增益=-0.566 dB，较峰值回落=0.566 dB；gain=-0.5655dB。
explorationv3,explorationv3 / RMDSRN / 正式 Size 矩阵烟雾测试,RMDSRN,reconstruction,Size326,formal,H2,对正式 RD-curve 矩阵的五个 Size 档位进行 50 epoch-equivalent 烟雾测试，检查可训练性、收益与塌陷。,configs_exploration_v3/RMDSRN/Size326/ionization__H2.yaml,ok,true,34.014863,34.014863,5,32.512468,-1.502395,1.502395,true,"collapse=1.5024dB,gain=-1.5024dB",v3 官方严格校验,"5:34.014863,10:33.837005,15:33.188619,20:32.832447,25:32.825556,30:30.905215,35:30.596203,40:32.657975,45:32.426833,50:32.512468",,batch exploration_summary.tsv,runs/exploration_v3/explore-v3-rmdsrn-ionization-size326-H2/20260812_182739_917986/metrics/exploration_psnr.tsv,,,,,,"需关注：最终 PSNR=32.512 dB，首探针增益=-1.502 dB，较峰值回落=1.502 dB；collapse=1.5024dB,gain=-1.5024dB。"
explorationv3,explorationv3 / RMDSRN / 正式 Size 矩阵烟雾测试,RMDSRN,reconstruction,Size326,formal,He,对正式 RD-curve 矩阵的五个 Size 档位进行 50 epoch-equivalent 烟雾测试，检查可训练性、收益与塌陷。,configs_exploration_v3/RMDSRN/Size326/ionization__He.yaml,ok,true,28.313669,28.655261,50,28.655261,0.341592,0,false,,v3 官方严格校验,"5:28.313669,10:28.135327,15:27.724807,20:27.318333,25:27.250523,30:27.601187,35:28.210325,40:28.44971,45:28.606503,50:28.655261",,batch exploration_summary.tsv,runs/exploration_v3/explore-v3-rmdsrn-ionization-size326-He/20260812_182739_678262/metrics/exploration_psnr.tsv,,,,,,通过：最终 PSNR=28.655 dB，首探针增益=+0.342 dB，较峰值回落=0.000 dB。
explorationv3,explorationv3 / RMDSRN / 正式 Size 矩阵烟雾测试,RMDSRN,reconstruction,Size326,formal,PD,对正式 RD-curve 矩阵的五个 Size 档位进行 50 epoch-equivalent 烟雾测试，检查可训练性、收益与塌陷。,configs_exploration_v3/RMDSRN/Size326/ionization__PD.yaml,ok,true,32.28676,32.28676,5,28.771996,-3.514764,3.514764,true,"collapse=3.5148dB,gain=-3.5148dB",v3 官方严格校验,"5:32.28676,10:31.495288,15:30.567692,20:29.239727,25:28.758598,30:28.74342,35:28.564369,40:28.500386,45:28.691096,50:28.771996",,batch exploration_summary.tsv,runs/exploration_v3/explore-v3-rmdsrn-ionization-size326-PD/20260812_182739_947911/metrics/exploration_psnr.tsv,,,,,,"需关注：最终 PSNR=28.772 dB，首探针增益=-3.515 dB，较峰值回落=3.515 dB；collapse=3.5148dB,gain=-3.5148dB。"
explorationv3,explorationv3 / RMDSRN / 正式 Size 矩阵烟雾测试,RMDSRN,reconstruction,Size652,formal,GT,对正式 RD-curve 矩阵的五个 Size 档位进行 50 epoch-equivalent 烟雾测试，检查可训练性、收益与塌陷。,configs_exploration_v3/RMDSRN/Size652/ionization__GT.yaml,ok,true,32.619246,32.619246,5,28.203464,-4.415782,4.415782,true,"collapse=4.4158dB,gain=-4.4158dB",v3 官方严格校验,"5:32.619246,10:31.283565,15:30.57261,20:29.664498,25:29.083718,30:28.566079,35:28.242287,40:28.113781,45:28.199067,50:28.203464",,batch exploration_summary.tsv,runs/exploration_v3/explore-v3-rmdsrn-ionization-size652-GT/20260812_190327_042239/metrics/exploration_psnr.tsv,,,,,,"需关注：最终 PSNR=28.203 dB，首探针增益=-4.416 dB，较峰值回落=4.416 dB；collapse=4.4158dB,gain=-4.4158dB。"
explorationv3,explorationv3 / RMDSRN / 正式 Size 矩阵烟雾测试,RMDSRN,reconstruction,Size652,formal,H_plus,对正式 RD-curve 矩阵的五个 Size 档位进行 50 epoch-equivalent 烟雾测试，检查可训练性、收益与塌陷。,configs_exploration_v3/RMDSRN/Size652/ionization__H_plus.yaml,ok,true,30.876648,30.876648,5,29.622549,-1.254099,1.254099,true,"collapse=1.2541dB,gain=-1.2541dB",v3 官方严格校验,"5:30.876648,10:30.513274,15:29.934913,20:29.499036,25:29.143,30:29.081724,35:29.298217,40:29.497536,45:29.600922,50:29.622549",,batch exploration_summary.tsv,runs/exploration_v3/explore-v3-rmdsrn-ionization-size652-H_plus/20260812_190326_929614/metrics/exploration_psnr.tsv,,,,,,"需关注：最终 PSNR=29.623 dB，首探针增益=-1.254 dB，较峰值回落=1.254 dB；collapse=1.2541dB,gain=-1.2541dB。"
explorationv3,explorationv3 / RMDSRN / 正式 Size 矩阵烟雾测试,RMDSRN,reconstruction,Size652,formal,H2,对正式 RD-curve 矩阵的五个 Size 档位进行 50 epoch-equivalent 烟雾测试，检查可训练性、收益与塌陷。,configs_exploration_v3/RMDSRN/Size652/ionization__H2.yaml,ok,true,35.088882,35.088882,5,34.043079,-1.045803,1.045803,true,"collapse=1.0458dB,gain=-1.0458dB",v3 官方严格校验,"5:35.088882,10:34.590165,15:33.927841,20:33.016164,25:32.558123,30:30.340119,35:32.080806,40:33.271574,45:34.010306,50:34.043079",,batch exploration_summary.tsv,runs/exploration_v3/explore-v3-rmdsrn-ionization-size652-H2/20260812_190327_048203/metrics/exploration_psnr.tsv,,,,,,"需关注：最终 PSNR=34.043 dB，首探针增益=-1.046 dB，较峰值回落=1.046 dB；collapse=1.0458dB,gain=-1.0458dB。"
explorationv3,explorationv3 / RMDSRN / 正式 Size 矩阵烟雾测试,RMDSRN,reconstruction,Size652,formal,He,对正式 RD-curve 矩阵的五个 Size 档位进行 50 epoch-equivalent 烟雾测试，检查可训练性、收益与塌陷。,configs_exploration_v3/RMDSRN/Size652/ionization__He.yaml,ok,true,30.224577,30.224577,5,29.823849,-0.400728,0.400728,true,gain=-0.4007dB,v3 官方严格校验,"5:30.224577,10:30.109255,15:29.822119,20:29.312937,25:29.140033,30:29.232967,35:29.490093,40:29.649013,45:29.801544,50:29.823849",,batch exploration_summary.tsv,runs/exploration_v3/explore-v3-rmdsrn-ionization-size652-He/20260812_190327_185505/metrics/exploration_psnr.tsv,,,,,,需关注：最终 PSNR=29.824 dB，首探针增益=-0.401 dB，较峰值回落=0.401 dB；gain=-0.4007dB。
explorationv3,explorationv3 / RMDSRN / 正式 Size 矩阵烟雾测试,RMDSRN,reconstruction,Size652,formal,PD,对正式 RD-curve 矩阵的五个 Size 档位进行 50 epoch-equivalent 烟雾测试，检查可训练性、收益与塌陷。,configs_exploration_v3/RMDSRN/Size652/ionization__PD.yaml,ok,true,33.64843,33.64843,5,29.352129,-4.296301,4.296301,true,"collapse=4.2963dB,gain=-4.2963dB",v3 官方严格校验,"5:33.64843,10:32.537447,15:31.682289,20:30.816498,25:29.887591,30:28.894427,35:28.738837,40:29.02941,45:29.265398,50:29.352129",,batch exploration_summary.tsv,runs/exploration_v3/explore-v3-rmdsrn-ionization-size652-PD/20260812_190326_869120/metrics/exploration_psnr.tsv,,,,,,"需关注：最终 PSNR=29.352 dB，首探针增益=-4.296 dB，较峰值回落=4.296 dB；collapse=4.2963dB,gain=-4.2963dB。"
explorationv3,explorationv3 / SIREN / 正式 Size 矩阵烟雾测试,SIREN,reconstruction,Size082,formal,GT,对正式 RD-curve 矩阵的五个 Size 档位进行 50 epoch-equivalent 烟雾测试，检查可训练性、收益与塌陷。,configs_exploration_v3/SIREN/Size082/ionization__GT.yaml,ok,true,32.914265,36.7282,50,36.7282,3.813935,0,false,,v3 官方严格校验,"5:32.914265,10:34.027371,15:34.839125,20:35.201891,25:35.429875,30:35.739669,35:35.988808,40:36.383619,45:36.612094,50:36.7282",,batch exploration_summary.tsv,runs/exploration_v3/explore-v3-siren-ionization-size082-GT/20260812_203540_474235/metrics/exploration_psnr.tsv,,,,,,通过：最终 PSNR=36.728 dB，首探针增益=+3.814 dB，较峰值回落=0.000 dB。
explorationv3,explorationv3 / SIREN / 正式 Size 矩阵烟雾测试,SIREN,reconstruction,Size082,formal,H_plus,对正式 RD-curve 矩阵的五个 Size 档位进行 50 epoch-equivalent 烟雾测试，检查可训练性、收益与塌陷。,configs_exploration_v3/SIREN/Size082/ionization__H_plus.yaml,ok,true,31.074783,34.503211,45,34.39947,3.324687,0.103741,false,,v3 官方严格校验,"5:31.074783,10:32.413866,15:32.907593,20:33.226414,25:33.590739,30:33.279193,35:33.641837,40:34.307679,45:34.503211,50:34.39947",,batch exploration_summary.tsv,runs/exploration_v3/explore-v3-siren-ionization-size082-H_plus/20260812_203539_855376/metrics/exploration_psnr.tsv,,,,,,通过：最终 PSNR=34.399 dB，首探针增益=+3.325 dB，较峰值回落=0.104 dB。
explorationv3,explorationv3 / SIREN / 正式 Size 矩阵烟雾测试,SIREN,reconstruction,Size082,formal,H2,对正式 RD-curve 矩阵的五个 Size 档位进行 50 epoch-equivalent 烟雾测试，检查可训练性、收益与塌陷。,configs_exploration_v3/SIREN/Size082/ionization__H2.yaml,ok,true,33.66359,40.257997,45,40.220162,6.556572,0.037835,false,,v3 官方严格校验,"5:33.66359,10:38.267578,15:38.790646,20:39.356352,25:39.702355,30:39.935407,35:39.90744,40:40.071035,45:40.257997,50:40.220162",,batch exploration_summary.tsv,runs/exploration_v3/explore-v3-siren-ionization-size082-H2/20260812_203539_321436/metrics/exploration_psnr.tsv,,,,,,通过：最终 PSNR=40.220 dB，首探针增益=+6.557 dB，较峰值回落=0.038 dB。
explorationv3,explorationv3 / SIREN / 正式 Size 矩阵烟雾测试,SIREN,reconstruction,Size082,formal,He,对正式 RD-curve 矩阵的五个 Size 档位进行 50 epoch-equivalent 烟雾测试，检查可训练性、收益与塌陷。,configs_exploration_v3/SIREN/Size082/ionization__He.yaml,ok,true,30.272226,33.535011,45,32.971372,2.699146,0.563639,false,,v3 官方严格校验,"5:30.272226,10:31.126005,15:31.581408,20:31.92274,25:32.551999,30:32.808627,35:32.817525,40:33.137839,45:33.535011,50:32.971372",,batch exploration_summary.tsv,runs/exploration_v3/explore-v3-siren-ionization-size082-He/20260812_203540_267619/metrics/exploration_psnr.tsv,,,,,,通过：最终 PSNR=32.971 dB，首探针增益=+2.699 dB，较峰值回落=0.564 dB。
explorationv3,explorationv3 / SIREN / 正式 Size 矩阵烟雾测试,SIREN,reconstruction,Size082,formal,PD,对正式 RD-curve 矩阵的五个 Size 档位进行 50 epoch-equivalent 烟雾测试，检查可训练性、收益与塌陷。,configs_exploration_v3/SIREN/Size082/ionization__PD.yaml,ok,true,34.53602,39.673467,50,39.673467,5.137447,0,false,,v3 官方严格校验,"5:34.53602,10:36.259268,15:37.275046,20:38.006566,25:38.461539,30:38.928939,35:38.878736,40:39.381354,45:39.665073,50:39.673467",,batch exploration_summary.tsv,runs/exploration_v3/explore-v3-siren-ionization-size082-PD/20260812_203540_063734/metrics/exploration_psnr.tsv,,,,,,通过：最终 PSNR=39.673 dB，首探针增益=+5.137 dB，较峰值回落=0.000 dB。
explorationv3,explorationv3 / SIREN / 正式 Size 矩阵烟雾测试,SIREN,reconstruction,Size1304,formal,GT,对正式 RD-curve 矩阵的五个 Size 档位进行 50 epoch-equivalent 烟雾测试，检查可训练性、收益与塌陷。,configs_exploration_v3/SIREN/Size1304/ionization__GT.yaml,ok,true,36.004141,39.79063,45,39.631715,3.627574,0.158915,false,,v3 官方严格校验,"5:36.004141,10:36.168184,15:37.389659,20:38.320489,25:38.735867,30:38.879833,35:38.556904,40:39.063557,45:39.79063,50:39.631715",,batch exploration_summary.tsv,runs/exploration_v3/explore-v3-siren-ionization-size1304-GT/20260813_000338_477109/metrics/exploration_psnr.tsv,,,,,,通过：最终 PSNR=39.632 dB，首探针增益=+3.628 dB，较峰值回落=0.159 dB。
explorationv3,explorationv3 / SIREN / 正式 Size 矩阵烟雾测试,SIREN,reconstruction,Size1304,formal,H_plus,对正式 RD-curve 矩阵的五个 Size 档位进行 50 epoch-equivalent 烟雾测试，检查可训练性、收益与塌陷。,configs_exploration_v3/SIREN/Size1304/ionization__H_plus.yaml,ok,true,31.703293,33.106748,25,31.334528,-0.368765,1.77222,true,"collapse=1.7722dB,gain=-0.3688dB",v3 官方严格校验,"5:31.703293,10:32.337653,15:32.723236,20:33.07725,25:33.106748,30:32.041506,35:31.536315,40:31.287013,45:31.676642,50:31.334528",,batch exploration_summary.tsv,runs/exploration_v3/explore-v3-siren-ionization-size1304-H_plus/20260813_000338_701529/metrics/exploration_psnr.tsv,,,,,,"需关注：最终 PSNR=31.335 dB，首探针增益=-0.369 dB，较峰值回落=1.772 dB；collapse=1.7722dB,gain=-0.3688dB。"
explorationv3,explorationv3 / SIREN / 正式 Size 矩阵烟雾测试,SIREN,reconstruction,Size1304,formal,H2,对正式 RD-curve 矩阵的五个 Size 档位进行 50 epoch-equivalent 烟雾测试，检查可训练性、收益与塌陷。,configs_exploration_v3/SIREN/Size1304/ionization__H2.yaml,ok,true,35.206389,37.688675,25,36.845184,1.638795,0.843491,false,,v3 官方严格校验,"5:35.206389,10:36.784585,15:37.403592,20:37.420143,25:37.688675,30:37.396418,35:37.36488,40:37.161254,45:37.210851,50:36.845184",,batch exploration_summary.tsv,runs/exploration_v3/explore-v3-siren-ionization-size1304-H2/20260813_000339_202086/metrics/exploration_psnr.tsv,,,,,,通过：最终 PSNR=36.845 dB，首探针增益=+1.639 dB，较峰值回落=0.843 dB。
explorationv3,explorationv3 / SIREN / 正式 Size 矩阵烟雾测试,SIREN,reconstruction,Size1304,formal,He,对正式 RD-curve 矩阵的五个 Size 档位进行 50 epoch-equivalent 烟雾测试，检查可训练性、收益与塌陷。,configs_exploration_v3/SIREN/Size1304/ionization__He.yaml,ok,true,30.387277,31.949738,15,30.358048,-0.029229,1.59169,true,"collapse=1.5917dB,gain=-0.0292dB",v3 官方严格校验,"5:30.387277,10:31.36896,15:31.949738,20:31.93007,25:31.498626,30:31.229383,35:30.663121,40:30.669665,45:30.720091,50:30.358048",,batch exploration_summary.tsv,runs/exploration_v3/explore-v3-siren-ionization-size1304-He/20260813_000339_162551/metrics/exploration_psnr.tsv,,,,,,"需关注：最终 PSNR=30.358 dB，首探针增益=-0.029 dB，较峰值回落=1.592 dB；collapse=1.5917dB,gain=-0.0292dB。"
explorationv3,explorationv3 / SIREN / 正式 Size 矩阵烟雾测试,SIREN,reconstruction,Size1304,formal,PD,对正式 RD-curve 矩阵的五个 Size 档位进行 50 epoch-equivalent 烟雾测试，检查可训练性、收益与塌陷。,configs_exploration_v3/SIREN/Size1304/ionization__PD.yaml,ok,true,36.974301,39.154045,30,38.591091,1.61679,0.562954,false,,v3 官方严格校验,"5:36.974301,10:38.010364,15:36.175272,20:38.936324,25:39.14797,30:39.154045,35:39.061193,40:38.952084,45:38.923799,50:38.591091",,batch exploration_summary.tsv,runs/exploration_v3/explore-v3-siren-ionization-size1304-PD/20260813_000339_142614/metrics/exploration_psnr.tsv,,,,,,通过：最终 PSNR=38.591 dB，首探针增益=+1.617 dB，较峰值回落=0.563 dB。
explorationv3,explorationv3 / SIREN / 正式 Size 矩阵烟雾测试,SIREN,reconstruction,Size163,formal,GT,对正式 RD-curve 矩阵的五个 Size 档位进行 50 epoch-equivalent 烟雾测试，检查可训练性、收益与塌陷。,configs_exploration_v3/SIREN/Size163/ionization__GT.yaml,ok,true,34.548698,37.56785,50,37.56785,3.019152,0,false,,v3 官方严格校验,"5:34.548698,10:35.4281,15:36.038033,20:36.353019,25:36.537888,30:36.930123,35:37.128127,40:37.201076,45:37.459845,50:37.56785",,batch exploration_summary.tsv,runs/exploration_v3/explore-v3-siren-ionization-size163-GT/20260812_210010_328695/metrics/exploration_psnr.tsv,,,,,,通过：最终 PSNR=37.568 dB，首探针增益=+3.019 dB，较峰值回落=0.000 dB。
explorationv3,explorationv3 / SIREN / 正式 Size 矩阵烟雾测试,SIREN,reconstruction,Size163,formal,H_plus,对正式 RD-curve 矩阵的五个 Size 档位进行 50 epoch-equivalent 烟雾测试，检查可训练性、收益与塌陷。,configs_exploration_v3/SIREN/Size163/ionization__H_plus.yaml,ok,true,31.754131,35.258746,50,35.258746,3.504615,0,false,,v3 官方严格校验,"5:31.754131,10:32.943502,15:33.428453,20:34.012098,25:34.412545,30:34.555282,35:34.36955,40:34.389244,45:35.17772,50:35.258746",,batch exploration_summary.tsv,runs/exploration_v3/explore-v3-siren-ionization-size163-H_plus/20260812_210009_928768/metrics/exploration_psnr.tsv,,,,,,通过：最终 PSNR=35.259 dB，首探针增益=+3.505 dB，较峰值回落=0.000 dB。
explorationv3,explorationv3 / SIREN / 正式 Size 矩阵烟雾测试,SIREN,reconstruction,Size163,formal,H2,对正式 RD-curve 矩阵的五个 Size 档位进行 50 epoch-equivalent 烟雾测试，检查可训练性、收益与塌陷。,configs_exploration_v3/SIREN/Size163/ionization__H2.yaml,ok,true,35.381619,40.805157,50,40.805157,5.423538,0,false,,v3 官方严格校验,"5:35.381619,10:37.886878,15:39.231048,20:39.300556,25:39.872283,30:40.158106,35:40.406459,40:40.183298,45:40.246497,50:40.805157",,batch exploration_summary.tsv,runs/exploration_v3/explore-v3-siren-ionization-size163-H2/20260812_210010_125788/metrics/exploration_psnr.tsv,,,,,,通过：最终 PSNR=40.805 dB，首探针增益=+5.424 dB，较峰值回落=0.000 dB。
explorationv3,explorationv3 / SIREN / 正式 Size 矩阵烟雾测试,SIREN,reconstruction,Size163,formal,He,对正式 RD-curve 矩阵的五个 Size 档位进行 50 epoch-equivalent 烟雾测试，检查可训练性、收益与塌陷。,configs_exploration_v3/SIREN/Size163/ionization__He.yaml,ok,true,30.681255,34.533118,45,34.486274,3.805019,0.046844,false,,v3 官方严格校验,"5:30.681255,10:31.685074,15:32.462929,20:32.820837,25:33.40508,30:33.511904,35:33.856228,40:33.903188,45:34.533118,50:34.486274",,batch exploration_summary.tsv,runs/exploration_v3/explore-v3-siren-ionization-size163-He/20260812_210009_655402/metrics/exploration_psnr.tsv,,,,,,通过：最终 PSNR=34.486 dB，首探针增益=+3.805 dB，较峰值回落=0.047 dB。
explorationv3,explorationv3 / SIREN / 正式 Size 矩阵烟雾测试,SIREN,reconstruction,Size163,formal,PD,对正式 RD-curve 矩阵的五个 Size 档位进行 50 epoch-equivalent 烟雾测试，检查可训练性、收益与塌陷。,configs_exploration_v3/SIREN/Size163/ionization__PD.yaml,ok,true,36.041549,41.029231,50,41.029231,4.987682,0,false,,v3 官方严格校验,"5:36.041549,10:37.738284,15:38.743228,20:39.299223,25:39.639671,30:39.922496,35:39.946306,40:40.518561,45:40.674766,50:41.029231",,batch exploration_summary.tsv,runs/exploration_v3/explore-v3-siren-ionization-size163-PD/20260812_210009_918266/metrics/exploration_psnr.tsv,,,,,,通过：最终 PSNR=41.029 dB，首探针增益=+4.988 dB，较峰值回落=0.000 dB。
explorationv3,explorationv3 / SIREN / 正式 Size 矩阵烟雾测试,SIREN,reconstruction,Size326,formal,GT,对正式 RD-curve 矩阵的五个 Size 档位进行 50 epoch-equivalent 烟雾测试，检查可训练性、收益与塌陷。,configs_exploration_v3/SIREN/Size326/ionization__GT.yaml,ok,true,35.247505,38.880804,50,38.880804,3.633299,0,false,,v3 官方严格校验,"5:35.247505,10:36.282352,15:36.759662,20:37.104827,25:37.531946,30:37.737513,35:37.884217,40:38.44621,45:38.629298,50:38.880804",,batch exploration_summary.tsv,runs/exploration_v3/explore-v3-siren-ionization-size326-GT/20260812_213242_921112/metrics/exploration_psnr.tsv,,,,,,通过：最终 PSNR=38.881 dB，首探针增益=+3.633 dB，较峰值回落=0.000 dB。
explorationv3,explorationv3 / SIREN / 正式 Size 矩阵烟雾测试,SIREN,reconstruction,Size326,formal,H_plus,对正式 RD-curve 矩阵的五个 Size 档位进行 50 epoch-equivalent 烟雾测试，检查可训练性、收益与塌陷。,configs_exploration_v3/SIREN/Size326/ionization__H_plus.yaml,ok,true,31.97219,35.666139,45,35.56055,3.58836,0.105589,false,,v3 官方严格校验,"5:31.97219,10:33.102078,15:33.580775,20:34.636295,25:34.769831,30:34.849664,35:34.747437,40:35.11302,45:35.666139,50:35.56055",,batch exploration_summary.tsv,runs/exploration_v3/explore-v3-siren-ionization-size326-H_plus/20260812_213243_721402/metrics/exploration_psnr.tsv,,,,,,通过：最终 PSNR=35.561 dB，首探针增益=+3.588 dB，较峰值回落=0.106 dB。
explorationv3,explorationv3 / SIREN / 正式 Size 矩阵烟雾测试,SIREN,reconstruction,Size326,formal,H2,对正式 RD-curve 矩阵的五个 Size 档位进行 50 epoch-equivalent 烟雾测试，检查可训练性、收益与塌陷。,configs_exploration_v3/SIREN/Size326/ionization__H2.yaml,ok,true,35.574662,40.962188,50,40.962188,5.387526,0,false,,v3 官方严格校验,"5:35.574662,10:38.063956,15:38.956819,20:39.434355,25:39.955534,30:39.882688,35:40.228877,40:40.837783,45:40.727413,50:40.962188",,batch exploration_summary.tsv,runs/exploration_v3/explore-v3-siren-ionization-size326-H2/20260812_213243_080086/metrics/exploration_psnr.tsv,,,,,,通过：最终 PSNR=40.962 dB，首探针增益=+5.388 dB，较峰值回落=0.000 dB。
explorationv3,explorationv3 / SIREN / 正式 Size 矩阵烟雾测试,SIREN,reconstruction,Size326,formal,He,对正式 RD-curve 矩阵的五个 Size 档位进行 50 epoch-equivalent 烟雾测试，检查可训练性、收益与塌陷。,configs_exploration_v3/SIREN/Size326/ionization__He.yaml,ok,true,30.656629,34.547199,45,34.494547,3.837918,0.052652,false,,v3 官方严格校验,"5:30.656629,10:32.134239,15:32.791617,20:33.459236,25:32.939827,30:33.642884,35:34.090908,40:34.126857,45:34.547199,50:34.494547",,batch exploration_summary.tsv,runs/exploration_v3/explore-v3-siren-ionization-size326-He/20260812_213243_107431/metrics/exploration_psnr.tsv,,,,,,通过：最终 PSNR=34.495 dB，首探针增益=+3.838 dB，较峰值回落=0.053 dB。
explorationv3,explorationv3 / SIREN / 正式 Size 矩阵烟雾测试,SIREN,reconstruction,Size326,formal,PD,对正式 RD-curve 矩阵的五个 Size 档位进行 50 epoch-equivalent 烟雾测试，检查可训练性、收益与塌陷。,configs_exploration_v3/SIREN/Size326/ionization__PD.yaml,ok,true,36.676372,41.800643,50,41.800643,5.124271,0,false,,v3 官方严格校验,"5:36.676372,10:38.510464,15:39.271581,20:39.600905,25:40.16528,30:40.681346,35:40.538876,40:40.969105,45:40.810179,50:41.800643",,batch exploration_summary.tsv,runs/exploration_v3/explore-v3-siren-ionization-size326-PD/20260812_213243_469998/metrics/exploration_psnr.tsv,,,,,,通过：最终 PSNR=41.801 dB，首探针增益=+5.124 dB，较峰值回落=0.000 dB。
explorationv3,explorationv3 / SIREN / 正式 Size 矩阵烟雾测试,SIREN,reconstruction,Size652,formal,GT,对正式 RD-curve 矩阵的五个 Size 档位进行 50 epoch-equivalent 烟雾测试，检查可训练性、收益与塌陷。,configs_exploration_v3/SIREN/Size652/ionization__GT.yaml,ok,true,35.741014,40.018036,50,40.018036,4.277022,0,false,,v3 官方严格校验,"5:35.741014,10:37.173042,15:37.629057,20:37.79352,25:38.366329,30:38.662825,35:38.932648,40:39.188425,45:39.607046,50:40.018036",,batch exploration_summary.tsv,runs/exploration_v3/explore-v3-siren-ionization-size652-GT/20260812_222825_753177/metrics/exploration_psnr.tsv,,,,,,通过：最终 PSNR=40.018 dB，首探针增益=+4.277 dB，较峰值回落=0.000 dB。
explorationv3,explorationv3 / SIREN / 正式 Size 矩阵烟雾测试,SIREN,reconstruction,Size652,formal,H_plus,对正式 RD-curve 矩阵的五个 Size 档位进行 50 epoch-equivalent 烟雾测试，检查可训练性、收益与塌陷。,configs_exploration_v3/SIREN/Size652/ionization__H_plus.yaml,ok,true,32.040966,35.940001,50,35.940001,3.899035,0,false,,v3 官方严格校验,"5:32.040966,10:32.86028,15:33.987455,20:34.414288,25:34.397551,30:34.730739,35:35.058351,40:34.996474,45:35.195928,50:35.940001",,batch exploration_summary.tsv,runs/exploration_v3/explore-v3-siren-ionization-size652-H_plus/20260812_222825_691523/metrics/exploration_psnr.tsv,,,,,,通过：最终 PSNR=35.940 dB，首探针增益=+3.899 dB，较峰值回落=0.000 dB。
explorationv3,explorationv3 / SIREN / 正式 Size 矩阵烟雾测试,SIREN,reconstruction,Size652,formal,H2,对正式 RD-curve 矩阵的五个 Size 档位进行 50 epoch-equivalent 烟雾测试，检查可训练性、收益与塌陷。,configs_exploration_v3/SIREN/Size652/ionization__H2.yaml,ok,true,36.064675,40.295568,50,40.295568,4.230893,0,false,,v3 官方严格校验,"5:36.064675,10:37.521176,15:38.554516,20:39.269148,25:39.071446,30:39.323254,35:39.570316,40:40.030201,45:40.218603,50:40.295568",,batch exploration_summary.tsv,runs/exploration_v3/explore-v3-siren-ionization-size652-H2/20260812_222825_453976/metrics/exploration_psnr.tsv,,,,,,通过：最终 PSNR=40.296 dB，首探针增益=+4.231 dB，较峰值回落=0.000 dB。
explorationv3,explorationv3 / SIREN / 正式 Size 矩阵烟雾测试,SIREN,reconstruction,Size652,formal,He,对正式 RD-curve 矩阵的五个 Size 档位进行 50 epoch-equivalent 烟雾测试，检查可训练性、收益与塌陷。,configs_exploration_v3/SIREN/Size652/ionization__He.yaml,ok,true,30.879098,34.964372,50,34.964372,4.085274,0,false,,v3 官方严格校验,"5:30.879098,10:31.912064,15:32.866241,20:32.683201,25:32.9828,30:33.399567,35:33.702931,40:33.827241,45:34.59037,50:34.964372",,batch exploration_summary.tsv,runs/exploration_v3/explore-v3-siren-ionization-size652-He/20260812_222825_449652/metrics/exploration_psnr.tsv,,,,,,通过：最终 PSNR=34.964 dB，首探针增益=+4.085 dB，较峰值回落=0.000 dB。
explorationv3,explorationv3 / SIREN / 正式 Size 矩阵烟雾测试,SIREN,reconstruction,Size652,formal,PD,对正式 RD-curve 矩阵的五个 Size 档位进行 50 epoch-equivalent 烟雾测试，检查可训练性、收益与塌陷。,configs_exploration_v3/SIREN/Size652/ionization__PD.yaml,ok,true,37.458336,41.549463,50,41.549463,4.091127,0,false,,v3 官方严格校验,"5:37.458336,10:38.710796,15:39.002902,20:40.240268,25:39.886647,30:40.381072,35:40.627214,40:41.353761,45:41.490006,50:41.549463",,batch exploration_summary.tsv,runs/exploration_v3/explore-v3-siren-ionization-size652-PD/20260812_222825_135352/metrics/exploration_psnr.tsv,,,,,,通过：最终 PSNR=41.549 dB，首探针增益=+4.091 dB，较峰值回落=0.000 dB。
explorationv3,explorationv3 / VarExpert / 正式 Size 矩阵烟雾测试,VarExpert,reconstruction,Size082,formal,aggregate,对正式 RD-curve 矩阵的五个 Size 档位进行 50 epoch-equivalent 烟雾测试，检查可训练性、收益与塌陷。,configs_exploration_v3/VarExpert/Size082/ionization.yaml,ok,true,35.995593,41.385484,50,41.385484,5.389891,0,false,,v3 官方严格校验,"5:35.995593,10:37.652558,15:38.73897,20:39.295314,25:39.67492,30:40.244077,35:40.519756,40:40.766733,45:41.227989,50:41.385484",,batch exploration_summary.tsv,runs/exploration_v3/explore-v3-var-expert-ionization-size082/20260813_015505_335118/metrics/exploration_psnr.tsv,,,,,,通过：最终 PSNR=41.385 dB，首探针增益=+5.390 dB，较峰值回落=0.000 dB。
explorationv3,explorationv3 / VarExpert / 正式 Size 矩阵烟雾测试,VarExpert,reconstruction,Size1304,formal,aggregate,对正式 RD-curve 矩阵的五个 Size 档位进行 50 epoch-equivalent 烟雾测试，检查可训练性、收益与塌陷。,configs_exploration_v3/VarExpert/Size1304/ionization.yaml,ok,true,36.934385,42.738285,45,42.449611,5.515226,0.288674,false,,v3 官方严格校验,"5:36.934385,10:39.039264,15:39.896113,20:40.409931,25:40.945042,30:41.756325,35:41.161787,40:42.251198,45:42.738285,50:42.449611",,batch exploration_summary.tsv,runs/exploration_v3/explore-v3-var-expert-ionization-size1304/20260813_083924_947506/metrics/exploration_psnr.tsv,,,,,,通过：最终 PSNR=42.450 dB，首探针增益=+5.515 dB，较峰值回落=0.289 dB。
explorationv3,explorationv3 / VarExpert / 正式 Size 矩阵烟雾测试,VarExpert,reconstruction,Size163,formal,aggregate,对正式 RD-curve 矩阵的五个 Size 档位进行 50 epoch-equivalent 烟雾测试，检查可训练性、收益与塌陷。,configs_exploration_v3/VarExpert/Size163/ionization.yaml,ok,true,36.714235,42.832758,50,42.832758,6.118523,0,false,,v3 官方严格校验,"5:36.714235,10:38.664496,15:40.103598,20:40.565477,25:40.992237,30:41.404425,35:41.781273,40:41.929019,45:42.547043,50:42.832758",,batch exploration_summary.tsv,runs/exploration_v3/explore-v3-var-expert-ionization-size163/20260813_031704_856145/metrics/exploration_psnr.tsv,,,,,,通过：最终 PSNR=42.833 dB，首探针增益=+6.119 dB，较峰值回落=0.000 dB。
explorationv3,explorationv3 / VarExpert / 正式 Size 矩阵烟雾测试,VarExpert,reconstruction,Size326,formal,aggregate,对正式 RD-curve 矩阵的五个 Size 档位进行 50 epoch-equivalent 烟雾测试，检查可训练性、收益与塌陷。,configs_exploration_v3/VarExpert/Size326/ionization.yaml,ok,true,37.591763,43.119078,50,43.119078,5.527315,0,false,,v3 官方严格校验,"5:37.591763,10:39.047499,15:39.711698,20:40.656442,25:41.479766,30:41.686918,35:41.790663,40:42.492211,45:42.733432,50:43.119078",,batch exploration_summary.tsv,runs/exploration_v3/explore-v3-var-expert-ionization-size326/20260813_044729_814338/metrics/exploration_psnr.tsv,,,,,,通过：最终 PSNR=43.119 dB，首探针增益=+5.527 dB，较峰值回落=0.000 dB。
explorationv3,explorationv3 / VarExpert / 正式 Size 矩阵烟雾测试,VarExpert,reconstruction,Size652,formal,aggregate,对正式 RD-curve 矩阵的五个 Size 档位进行 50 epoch-equivalent 烟雾测试，检查可训练性、收益与塌陷。,configs_exploration_v3/VarExpert/Size652/ionization.yaml,ok,true,37.311853,43.238796,45,42.793138,5.481285,0.445658,false,,v3 官方严格校验,"5:37.311853,10:39.436803,15:39.967015,20:40.469818,25:41.371847,30:41.699825,35:42.041307,40:42.380531,45:43.238796,50:42.793138",,batch exploration_summary.tsv,runs/exploration_v3/explore-v3-var-expert-ionization-size652/20260813_062427_104920/metrics/exploration_psnr.tsv,,,,,,通过：最终 PSNR=42.793 dB，首探针增益=+5.481 dB，较峰值回落=0.446 dB。
explorationv4,explorationv4 / CoordNet / 等参数深度与稳定性控制,CoordNet,reconstruction,Size1304,res10_base_lr,GT,在近似等参数量下比较 CoordNet 的 res2/res3/res5/res7/res10 深度，定位大模型塌陷是否由深度引起。,configs_exploration_v4/CoordNet/Size1304/res10_base_lr/ionization__GT.yaml,ok,true,30.3751,30.3751,5,9.7674,-20.6077,20.6077,true,"collapse=20.6077dB,gain=-20.6077dB",由 v4 日志按官方阈值重建（回落>1dB 或增益<0.1dB）,"5:30.3751,10:24.888,15:19.7152,20:17.0649,25:17.7504,30:16.1946,35:9.9036,40:9.7672,45:9.7671,50:9.7674",,batch log（v4 汇总 TSV 尚未生成）,batch_logs/exploration_v4/20260814_084447/logs/configs_exploration_v4__CoordNet__Size1304__res10_base_lr__ionization__GT.attempt-1.log,,,,,,"需关注：最终 PSNR=9.767 dB，首探针增益=-20.608 dB，较峰值回落=20.608 dB；collapse=20.6077dB,gain=-20.6077dB。"
explorationv4,explorationv4 / CoordNet / 等参数深度与稳定性控制,CoordNet,reconstruction,Size1304,res10_base_lr,H_plus,在近似等参数量下比较 CoordNet 的 res2/res3/res5/res7/res10 深度，定位大模型塌陷是否由深度引起。,configs_exploration_v4/CoordNet/Size1304/res10_base_lr/ionization__H_plus.yaml,ok,true,26.1624,26.4604,10,6.3153,-19.8471,20.1451,true,"collapse=20.1451dB,gain=-19.8471dB",由 v4 日志按官方阈值重建（回落>1dB 或增益<0.1dB）,"5:26.1624,10:26.4604,15:17.3857,20:12.4146,25:6.4964,30:6.3176,35:6.3155,40:6.3154,45:6.3154,50:6.3153",,batch log（v4 汇总 TSV 尚未生成）,batch_logs/exploration_v4/20260814_084447/logs/configs_exploration_v4__CoordNet__Size1304__res10_base_lr__ionization__H_plus.attempt-1.log,,,,,,"需关注：最终 PSNR=6.315 dB，首探针增益=-19.847 dB，较峰值回落=20.145 dB；collapse=20.1451dB,gain=-19.8471dB。"
explorationv4,explorationv4 / CoordNet / 等参数深度与稳定性控制,CoordNet,reconstruction,Size1304,res10_base_lr,He,在近似等参数量下比较 CoordNet 的 res2/res3/res5/res7/res10 深度，定位大模型塌陷是否由深度引起。,configs_exploration_v4/CoordNet/Size1304/res10_base_lr/ionization__He.yaml,ok,true,27.3643,27.3643,5,6.3129,-21.0514,21.0514,true,"collapse=21.0514dB,gain=-21.0514dB",由 v4 日志按官方阈值重建（回落>1dB 或增益<0.1dB）,"5:27.3643,10:25.3049,15:15.5313,20:13.7938,25:8.523,30:6.3303,35:6.3122,40:6.3125,45:6.3133,50:6.3129",,batch log（v4 汇总 TSV 尚未生成）,batch_logs/exploration_v4/20260814_084447/logs/configs_exploration_v4__CoordNet__Size1304__res10_base_lr__ionization__He.attempt-1.log,,,,,,"需关注：最终 PSNR=6.313 dB，首探针增益=-21.051 dB，较峰值回落=21.051 dB；collapse=21.0514dB,gain=-21.0514dB。"
explorationv4,explorationv4 / CoordNet / 等参数深度与稳定性控制,CoordNet,reconstruction,Size1304,res10_clip,GT,在 Size1304 上通过缩小学习率、梯度裁剪及浅层结构组合进行因果控制，定位训练塌陷来源。,configs_exploration_v4/CoordNet/Size1304/res10_clip/ionization__GT.yaml,ok,true,36.032,36.032,5,10.8851,-25.146899999999995,25.146899999999995,true,"collapse=25.1469dB,gain=-25.1469dB",由 v4 日志按官方阈值重建（回落>1dB 或增益<0.1dB）,"5:36.032,10:30.6953,15:31.583,20:27.3878,25:22.4853,30:19.1858,35:16.269,40:14.0388,45:12.4335,50:10.8851",,batch log（v4 汇总 TSV 尚未生成）,batch_logs/exploration_v4/20260814_084447/logs/configs_exploration_v4__CoordNet__Size1304__res10_clip__ionization__GT.attempt-1.log,,,,,,"需关注：最终 PSNR=10.885 dB，首探针增益=-25.147 dB，较峰值回落=25.147 dB；collapse=25.1469dB,gain=-25.1469dB。"
explorationv4,explorationv4 / CoordNet / 等参数深度与稳定性控制,CoordNet,reconstruction,Size1304,res10_clip,H_plus,在 Size1304 上通过缩小学习率、梯度裁剪及浅层结构组合进行因果控制，定位训练塌陷来源。,configs_exploration_v4/CoordNet/Size1304/res10_clip/ionization__H_plus.yaml,ok,true,21.7829,21.7829,5,6.3618,-15.421100000000003,15.421100000000003,true,"collapse=15.4211dB,gain=-15.4211dB",由 v4 日志按官方阈值重建（回落>1dB 或增益<0.1dB）,"5:21.7829,10:18.3214,15:7.44,20:12.2096,25:11.02,30:8.8264,35:7.1567,40:6.8556,45:6.5726,50:6.3618",,batch log（v4 汇总 TSV 尚未生成）,batch_logs/exploration_v4/20260814_084447/logs/configs_exploration_v4__CoordNet__Size1304__res10_clip__ionization__H_plus.attempt-1.log,,,,,,"需关注：最终 PSNR=6.362 dB，首探针增益=-15.421 dB，较峰值回落=15.421 dB；collapse=15.4211dB,gain=-15.4211dB。"
explorationv4,explorationv4 / CoordNet / 等参数深度与稳定性控制,CoordNet,reconstruction,Size1304,res10_clip,He,在 Size1304 上通过缩小学习率、梯度裁剪及浅层结构组合进行因果控制，定位训练塌陷来源。,configs_exploration_v4/CoordNet/Size1304/res10_clip/ionization__He.yaml,ok,true,20.7282,20.7282,5,6.3264,-14.401800000000001,14.401800000000001,true,"collapse=14.4018dB,gain=-14.4018dB",由 v4 日志按官方阈值重建（回落>1dB 或增益<0.1dB）,"5:20.7282,10:17.4439,15:14.9771,20:12.7037,25:11.2853,30:8.9995,35:7.3398,40:6.7311,45:6.413,50:6.3264",,batch log（v4 汇总 TSV 尚未生成）,batch_logs/exploration_v4/20260814_084447/logs/configs_exploration_v4__CoordNet__Size1304__res10_clip__ionization__He.attempt-1.log,,,,,,"需关注：最终 PSNR=6.326 dB，首探针增益=-14.402 dB，较峰值回落=14.402 dB；collapse=14.4018dB,gain=-14.4018dB。"
explorationv4,explorationv4 / CoordNet / 等参数深度与稳定性控制,CoordNet,reconstruction,Size1304,res10_scaled_lr,GT,在 Size1304 上通过缩小学习率、梯度裁剪及浅层结构组合进行因果控制，定位训练塌陷来源。,configs_exploration_v4/CoordNet/Size1304/res10_scaled_lr/ionization__GT.yaml,ok,true,32.4431,43.8346,45,42.8934,10.450299999999999,0.941200000000002,false,,由 v4 日志按官方阈值重建（回落>1dB 或增益<0.1dB）,"5:32.4431,10:35.9967,15:39.1548,20:39.564,25:39.648,30:41.485,35:42.1949,40:42.7746,45:43.8346,50:42.8934",,batch log（v4 汇总 TSV 尚未生成）,batch_logs/exploration_v4/20260814_084447/logs/configs_exploration_v4__CoordNet__Size1304__res10_scaled_lr__ionization__GT.attempt-1.log,,,,,,通过：最终 PSNR=42.893 dB，首探针增益=+10.450 dB，较峰值回落=0.941 dB。
explorationv4,explorationv4 / CoordNet / 等参数深度与稳定性控制,CoordNet,reconstruction,Size1304,res10_scaled_lr,H_plus,在 Size1304 上通过缩小学习率、梯度裁剪及浅层结构组合进行因果控制，定位训练塌陷来源。,configs_exploration_v4/CoordNet/Size1304/res10_scaled_lr/ionization__H_plus.yaml,ok,true,24.6694,35.1623,25,30.6355,5.966100000000001,4.5268000000000015,true,collapse=4.5268dB,由 v4 日志按官方阈值重建（回落>1dB 或增益<0.1dB）,"5:24.6694,10:31.4741,15:31.4986,20:34.8864,25:35.1623,30:31.6095,35:34.1404,40:30.5453,45:26.115,50:30.6355",,batch log（v4 汇总 TSV 尚未生成）,batch_logs/exploration_v4/20260814_084447/logs/configs_exploration_v4__CoordNet__Size1304__res10_scaled_lr__ionization__H_plus.attempt-1.log,,,,,,需关注：最终 PSNR=30.636 dB，首探针增益=+5.966 dB，较峰值回落=4.527 dB；collapse=4.5268dB。
explorationv4,explorationv4 / CoordNet / 等参数深度与稳定性控制,CoordNet,reconstruction,Size1304,res10_scaled_lr,He,在 Size1304 上通过缩小学习率、梯度裁剪及浅层结构组合进行因果控制，定位训练塌陷来源。,configs_exploration_v4/CoordNet/Size1304/res10_scaled_lr/ionization__He.yaml,ok,true,24.7444,34.7327,30,33.2238,8.479399999999998,1.5089000000000041,true,collapse=1.5089dB,由 v4 日志按官方阈值重建（回落>1dB 或增益<0.1dB）,"5:24.7444,10:29.6363,15:32.6479,20:31.9391,25:34.3264,30:34.7327,35:21.4668,40:32.245,45:34.5198,50:33.2238",,batch log（v4 汇总 TSV 尚未生成）,batch_logs/exploration_v4/20260814_084447/logs/configs_exploration_v4__CoordNet__Size1304__res10_scaled_lr__ionization__He.attempt-1.log,,,,,,需关注：最终 PSNR=33.224 dB，首探针增益=+8.479 dB，较峰值回落=1.509 dB；collapse=1.5089dB。
explorationv4,explorationv4 / CoordNet / 等参数深度与稳定性控制,CoordNet,reconstruction,Size1304,res2_base_lr,GT,在近似等参数量下比较 CoordNet 的 res2/res3/res5/res7/res10 深度，定位大模型塌陷是否由深度引起。,configs_exploration_v4/CoordNet/Size1304/res2_base_lr/ionization__GT.yaml,ok,true,32.1038,39.6484,50,39.6484,7.544600000000003,0,false,,由 v4 日志按官方阈值重建（回落>1dB 或增益<0.1dB）,"5:32.1038,10:36.2752,15:36.2018,20:35.8039,25:37.4865,30:37.2924,35:38.1894,40:38.7415,45:39.3524,50:39.6484",,batch log（v4 汇总 TSV 尚未生成）,batch_logs/exploration_v4/20260814_084447/logs/configs_exploration_v4__CoordNet__Size1304__res2_base_lr__ionization__GT.attempt-1.log,,,,,,通过：最终 PSNR=39.648 dB，首探针增益=+7.545 dB，较峰值回落=0.000 dB。
explorationv4,explorationv4 / CoordNet / 等参数深度与稳定性控制,CoordNet,reconstruction,Size1304,res2_base_lr,H_plus,在近似等参数量下比较 CoordNet 的 res2/res3/res5/res7/res10 深度，定位大模型塌陷是否由深度引起。,configs_exploration_v4/CoordNet/Size1304/res2_base_lr/ionization__H_plus.yaml,ok,true,29.5411,29.5411,5,17.8334,-11.707699999999999,11.707699999999999,true,"collapse=11.7077dB,gain=-11.7077dB",由 v4 日志按官方阈值重建（回落>1dB 或增益<0.1dB）,"5:29.5411,10:24.9364,15:29.3686,20:27.8241,25:24.4599,30:22.9403,35:21.993,40:21.1683,45:18.2045,50:17.8334",,batch log（v4 汇总 TSV 尚未生成）,batch_logs/exploration_v4/20260814_084447/logs/configs_exploration_v4__CoordNet__Size1304__res2_base_lr__ionization__H_plus.attempt-1.log,,,,,,"需关注：最终 PSNR=17.833 dB，首探针增益=-11.708 dB，较峰值回落=11.708 dB；collapse=11.7077dB,gain=-11.7077dB。"
explorationv4,explorationv4 / CoordNet / 等参数深度与稳定性控制,CoordNet,reconstruction,Size1304,res2_base_lr,He,在近似等参数量下比较 CoordNet 的 res2/res3/res5/res7/res10 深度，定位大模型塌陷是否由深度引起。,configs_exploration_v4/CoordNet/Size1304/res2_base_lr/ionization__He.yaml,ok,true,28.3638,30.6982,15,20.7892,-7.5746,9.908999999999999,true,"collapse=9.9090dB,gain=-7.5746dB",由 v4 日志按官方阈值重建（回落>1dB 或增益<0.1dB）,"5:28.3638,10:29.9478,15:30.6982,20:27.8553,25:25.2844,30:23.1359,35:22.4047,40:21.5718,45:22.0584,50:20.7892",,batch log（v4 汇总 TSV 尚未生成）,batch_logs/exploration_v4/20260814_084447/logs/configs_exploration_v4__CoordNet__Size1304__res2_base_lr__ionization__He.attempt-1.log,,,,,,"需关注：最终 PSNR=20.789 dB，首探针增益=-7.575 dB，较峰值回落=9.909 dB；collapse=9.9090dB,gain=-7.5746dB。"
explorationv4,explorationv4 / CoordNet / 等参数深度与稳定性控制,CoordNet,reconstruction,Size1304,res3_base_lr,GT,在近似等参数量下比较 CoordNet 的 res2/res3/res5/res7/res10 深度，定位大模型塌陷是否由深度引起。,configs_exploration_v4/CoordNet/Size1304/res3_base_lr/ionization__GT.yaml,ok,true,32.9543,39.3312,45,38.1761,5.221799999999995,1.1551000000000045,true,collapse=1.1551dB,由 v4 日志按官方阈值重建（回落>1dB 或增益<0.1dB）,"5:32.9543,10:35.6128,15:36.4717,20:37.7707,25:38.6026,30:39.1019,35:38.8114,40:38.7302,45:39.3312,50:38.1761",,batch log（v4 汇总 TSV 尚未生成）,batch_logs/exploration_v4/20260814_084447/logs/configs_exploration_v4__CoordNet__Size1304__res3_base_lr__ionization__GT.attempt-1.log,,,,,,需关注：最终 PSNR=38.176 dB，首探针增益=+5.222 dB，较峰值回落=1.155 dB；collapse=1.1551dB。
explorationv4,explorationv4 / CoordNet / 等参数深度与稳定性控制,CoordNet,reconstruction,Size1304,res3_base_lr,H_plus,在近似等参数量下比较 CoordNet 的 res2/res3/res5/res7/res10 深度，定位大模型塌陷是否由深度引起。,configs_exploration_v4/CoordNet/Size1304/res3_base_lr/ionization__H_plus.yaml,ok,true,28.7014,31.0322,10,14.3984,-14.302999999999999,16.6338,true,"collapse=16.6338dB,gain=-14.3030dB",由 v4 日志按官方阈值重建（回落>1dB 或增益<0.1dB）,"5:28.7014,10:31.0322,15:25.0834,20:23.3102,25:21.6605,30:19.0517,35:16.426,40:14.8176,45:13.9674,50:14.3984",,batch log（v4 汇总 TSV 尚未生成）,batch_logs/exploration_v4/20260814_084447/logs/configs_exploration_v4__CoordNet__Size1304__res3_base_lr__ionization__H_plus.attempt-1.log,,,,,,"需关注：最终 PSNR=14.398 dB，首探针增益=-14.303 dB，较峰值回落=16.634 dB；collapse=16.6338dB,gain=-14.3030dB。"
explorationv4,explorationv4 / CoordNet / 等参数深度与稳定性控制,CoordNet,reconstruction,Size1304,res3_base_lr,He,在近似等参数量下比较 CoordNet 的 res2/res3/res5/res7/res10 深度，定位大模型塌陷是否由深度引起。,configs_exploration_v4/CoordNet/Size1304/res3_base_lr/ionization__He.yaml,ok,true,27.5364,29.1606,10,13.2917,-14.2447,15.868899999999998,true,"collapse=15.8689dB,gain=-14.2447dB",由 v4 日志按官方阈值重建（回落>1dB 或增益<0.1dB）,"5:27.5364,10:29.1606,15:26.8462,20:23.0951,25:20.4461,30:17.695,35:16.2075,40:15.0475,45:14.4222,50:13.2917",,batch log（v4 汇总 TSV 尚未生成）,batch_logs/exploration_v4/20260814_084447/logs/configs_exploration_v4__CoordNet__Size1304__res3_base_lr__ionization__He.attempt-1.log,,,,,,"需关注：最终 PSNR=13.292 dB，首探针增益=-14.245 dB，较峰值回落=15.869 dB；collapse=15.8689dB,gain=-14.2447dB。"
explorationv4,explorationv4 / CoordNet / 等参数深度与稳定性控制,CoordNet,reconstruction,Size1304,res5_base_lr,GT,在近似等参数量下比较 CoordNet 的 res2/res3/res5/res7/res10 深度，定位大模型塌陷是否由深度引起。,configs_exploration_v4/CoordNet/Size1304/res5_base_lr/ionization__GT.yaml,ok,true,33.6387,35.2792,30,27.5615,-6.077200000000001,7.717700000000004,true,"collapse=7.7177dB,gain=-6.0772dB",由 v4 日志按官方阈值重建（回落>1dB 或增益<0.1dB）,"5:33.6387,10:32.742,15:33.9391,20:34.7029,25:20.3173,30:35.2792,35:32.8738,40:34.0391,45:32.3459,50:27.5615",,batch log（v4 汇总 TSV 尚未生成）,batch_logs/exploration_v4/20260814_084447/logs/configs_exploration_v4__CoordNet__Size1304__res5_base_lr__ionization__GT.attempt-1.log,,,,,,"需关注：最终 PSNR=27.561 dB，首探针增益=-6.077 dB，较峰值回落=7.718 dB；collapse=7.7177dB,gain=-6.0772dB。"
explorationv4,explorationv4 / CoordNet / 等参数深度与稳定性控制,CoordNet,reconstruction,Size1304,res5_base_lr,H_plus,在近似等参数量下比较 CoordNet 的 res2/res3/res5/res7/res10 深度，定位大模型塌陷是否由深度引起。,configs_exploration_v4/CoordNet/Size1304/res5_base_lr/ionization__H_plus.yaml,ok,true,29.6307,29.6307,5,6.4641,-23.166600000000003,23.166600000000003,true,"collapse=23.1666dB,gain=-23.1666dB",由 v4 日志按官方阈值重建（回落>1dB 或增益<0.1dB）,"5:29.6307,10:28.656,15:24.0878,20:19.5855,25:14.5758,30:12.8239,35:10.2363,40:7.806,45:6.8071,50:6.4641",,batch log（v4 汇总 TSV 尚未生成）,batch_logs/exploration_v4/20260814_084447/logs/configs_exploration_v4__CoordNet__Size1304__res5_base_lr__ionization__H_plus.attempt-1.log,,,,,,"需关注：最终 PSNR=6.464 dB，首探针增益=-23.167 dB，较峰值回落=23.167 dB；collapse=23.1666dB,gain=-23.1666dB。"
explorationv4,explorationv4 / CoordNet / 等参数深度与稳定性控制,CoordNet,reconstruction,Size1304,res5_base_lr,He,在近似等参数量下比较 CoordNet 的 res2/res3/res5/res7/res10 深度，定位大模型塌陷是否由深度引起。,configs_exploration_v4/CoordNet/Size1304/res5_base_lr/ionization__He.yaml,ok,true,30.1151,30.1151,5,6.5562,-23.5589,23.5589,true,"collapse=23.5589dB,gain=-23.5589dB",由 v4 日志按官方阈值重建（回落>1dB 或增益<0.1dB）,"5:30.1151,10:29.7366,15:24.6651,20:20.5428,25:15.6583,30:12.1409,35:11.5429,40:9.0181,45:7.8825,50:6.5562",,batch log（v4 汇总 TSV 尚未生成）,batch_logs/exploration_v4/20260814_084447/logs/configs_exploration_v4__CoordNet__Size1304__res5_base_lr__ionization__He.attempt-1.log,,,,,,"需关注：最终 PSNR=6.556 dB，首探针增益=-23.559 dB，较峰值回落=23.559 dB；collapse=23.5589dB,gain=-23.5589dB。"
explorationv4,explorationv4 / CoordNet / 等参数深度与稳定性控制,CoordNet,reconstruction,Size1304,res5_scaled_lr_clip,GT,在 Size1304 上通过缩小学习率、梯度裁剪及浅层结构组合进行因果控制，定位训练塌陷来源。,configs_exploration_v4/CoordNet/Size1304/res5_scaled_lr_clip/ionization__GT.yaml,ok,true,30.3635,34.3053,40,34.0995,3.7360000000000007,0.20580000000000354,false,,由 v4 日志按官方阈值重建（回落>1dB 或增益<0.1dB）,"5:30.3635,10:30.6985,15:33.9314,20:28.9685,25:29.4873,30:28.4132,35:33.0502,40:34.3053,45:33.2332,50:34.0995",,batch log（v4 汇总 TSV 尚未生成）,batch_logs/exploration_v4/20260814_084447/logs/configs_exploration_v4__CoordNet__Size1304__res5_scaled_lr_clip__ionization__GT.attempt-1.log,,,,,,通过：最终 PSNR=34.099 dB，首探针增益=+3.736 dB，较峰值回落=0.206 dB。
explorationv4,explorationv4 / CoordNet / 等参数深度与稳定性控制,CoordNet,reconstruction,Size1304,res5_scaled_lr_clip,H_plus,在 Size1304 上通过缩小学习率、梯度裁剪及浅层结构组合进行因果控制，定位训练塌陷来源。,configs_exploration_v4/CoordNet/Size1304/res5_scaled_lr_clip/ionization__H_plus.yaml,ok,true,31.3235,39.0484,50,39.0484,7.724900000000002,0,false,,由 v4 日志按官方阈值重建（回落>1dB 或增益<0.1dB）,"5:31.3235,10:34.0396,15:35.547,20:35.3099,25:37.3603,30:36.9474,35:38.0662,40:37.5019,45:36.6977,50:39.0484",,batch log（v4 汇总 TSV 尚未生成）,batch_logs/exploration_v4/20260814_084447/logs/configs_exploration_v4__CoordNet__Size1304__res5_scaled_lr_clip__ionization__H_plus.attempt-1.log,,,,,,通过：最终 PSNR=39.048 dB，首探针增益=+7.725 dB，较峰值回落=0.000 dB。
explorationv4,explorationv4 / CoordNet / 等参数深度与稳定性控制,CoordNet,reconstruction,Size1304,res5_scaled_lr_clip,He,在 Size1304 上通过缩小学习率、梯度裁剪及浅层结构组合进行因果控制，定位训练塌陷来源。,configs_exploration_v4/CoordNet/Size1304/res5_scaled_lr_clip/ionization__He.yaml,ok,true,29.8841,37.5649,45,36.5891,6.705000000000002,0.9757999999999996,false,,由 v4 日志按官方阈值重建（回落>1dB 或增益<0.1dB）,"5:29.8841,10:28.8914,15:30.922,20:30.371,25:33.6674,30:34.7735,35:34.8033,40:35.6483,45:37.5649,50:36.5891",,batch log（v4 汇总 TSV 尚未生成）,batch_logs/exploration_v4/20260814_084447/logs/configs_exploration_v4__CoordNet__Size1304__res5_scaled_lr_clip__ionization__He.attempt-1.log,,,,,,通过：最终 PSNR=36.589 dB，首探针增益=+6.705 dB，较峰值回落=0.976 dB。
explorationv4,explorationv4 / CoordNet / 等参数深度与稳定性控制,CoordNet,reconstruction,Size1304,res7_base_lr,GT,在近似等参数量下比较 CoordNet 的 res2/res3/res5/res7/res10 深度，定位大模型塌陷是否由深度引起。,configs_exploration_v4/CoordNet/Size1304/res7_base_lr/ionization__GT.yaml,ok,true,27.7466,35.232,25,9.7723,-17.9743,25.459699999999998,true,"collapse=25.4597dB,gain=-17.9743dB",由 v4 日志按官方阈值重建（回落>1dB 或增益<0.1dB）,"5:27.7466,10:32.9524,15:23.3974,20:34.7881,25:35.232,30:21.6658,35:15.5129,40:12.6691,45:9.9964,50:9.7723",,batch log（v4 汇总 TSV 尚未生成）,batch_logs/exploration_v4/20260814_084447/logs/configs_exploration_v4__CoordNet__Size1304__res7_base_lr__ionization__GT.attempt-1.log,,,,,,"需关注：最终 PSNR=9.772 dB，首探针增益=-17.974 dB，较峰值回落=25.460 dB；collapse=25.4597dB,gain=-17.9743dB。"
explorationv4,explorationv4 / CoordNet / 等参数深度与稳定性控制,CoordNet,reconstruction,Size1304,res7_base_lr,H_plus,在近似等参数量下比较 CoordNet 的 res2/res3/res5/res7/res10 深度，定位大模型塌陷是否由深度引起。,configs_exploration_v4/CoordNet/Size1304/res7_base_lr/ionization__H_plus.yaml,ok,true,26.6391,28.8745,10,6.3144,-20.3247,22.560100000000002,true,"collapse=22.5601dB,gain=-20.3247dB",由 v4 日志按官方阈值重建（回落>1dB 或增益<0.1dB）,"5:26.6391,10:28.8745,15:16.9959,20:15.2163,25:13.5193,30:9.226,35:6.4625,40:6.315,45:6.3147,50:6.3144",,batch log（v4 汇总 TSV 尚未生成）,batch_logs/exploration_v4/20260814_084447/logs/configs_exploration_v4__CoordNet__Size1304__res7_base_lr__ionization__H_plus.attempt-1.log,,,,,,"需关注：最终 PSNR=6.314 dB，首探针增益=-20.325 dB，较峰值回落=22.560 dB；collapse=22.5601dB,gain=-20.3247dB。"
explorationv4,explorationv4 / CoordNet / 等参数深度与稳定性控制,CoordNet,reconstruction,Size1304,res7_base_lr,He,在近似等参数量下比较 CoordNet 的 res2/res3/res5/res7/res10 深度，定位大模型塌陷是否由深度引起。,configs_exploration_v4/CoordNet/Size1304/res7_base_lr/ionization__He.yaml,ok,true,27.2679,28.7343,10,6.3137,-20.9542,22.4206,true,"collapse=22.4206dB,gain=-20.9542dB",由 v4 日志按官方阈值重建（回落>1dB 或增益<0.1dB）,"5:27.2679,10:28.7343,15:20.2726,20:13.7513,25:10.1524,30:7.2787,35:6.3821,40:6.3143,45:6.314,50:6.3137",,batch log（v4 汇总 TSV 尚未生成）,batch_logs/exploration_v4/20260814_084447/logs/configs_exploration_v4__CoordNet__Size1304__res7_base_lr__ionization__He.attempt-1.log,,,,,,"需关注：最终 PSNR=6.314 dB，首探针增益=-20.954 dB，较峰值回落=22.421 dB；collapse=22.4206dB,gain=-20.9542dB。"
explorationv4,explorationv4 / CoordNet / 等参数深度与稳定性控制,CoordNet,reconstruction,Size326,res10_base_lr,GT,在近似等参数量下比较 CoordNet 的 res2/res3/res5/res7/res10 深度，定位大模型塌陷是否由深度引起。,configs_exploration_v4/CoordNet/Size326/res10_base_lr/ionization__GT.yaml,ok,true,28.911,35.0228,35,33.0144,4.103400000000001,2.0083999999999946,true,collapse=2.0084dB,由 v4 日志按官方阈值重建（回落>1dB 或增益<0.1dB）,"5:28.911,10:34.1007,15:23.2183,20:34.5926,25:34.6937,30:31.3044,35:35.0228,40:26.4427,45:31.4299,50:33.0144",,batch log（v4 汇总 TSV 尚未生成）,batch_logs/exploration_v4/20260814_084447/logs/configs_exploration_v4__CoordNet__Size326__res10_base_lr__ionization__GT.attempt-1.log,,,,,,需关注：最终 PSNR=33.014 dB，首探针增益=+4.103 dB，较峰值回落=2.008 dB；collapse=2.0084dB。
explorationv4,explorationv4 / CoordNet / 等参数深度与稳定性控制,CoordNet,reconstruction,Size326,res10_base_lr,H_plus,在近似等参数量下比较 CoordNet 的 res2/res3/res5/res7/res10 深度，定位大模型塌陷是否由深度引起。,configs_exploration_v4/CoordNet/Size326/res10_base_lr/ionization__H_plus.yaml,ok,true,31.7241,31.7241,5,20.0713,-11.6528,11.6528,true,"collapse=11.6528dB,gain=-11.6528dB",由 v4 日志按官方阈值重建（回落>1dB 或增益<0.1dB）,"5:31.7241,10:30.9211,15:28.4236,20:26.1991,25:28.8522,30:27.0491,35:11.9997,40:23.4624,45:23.4956,50:20.0713",,batch log（v4 汇总 TSV 尚未生成）,batch_logs/exploration_v4/20260814_084447/logs/configs_exploration_v4__CoordNet__Size326__res10_base_lr__ionization__H_plus.attempt-1.log,,,,,,"需关注：最终 PSNR=20.071 dB，首探针增益=-11.653 dB，较峰值回落=11.653 dB；collapse=11.6528dB,gain=-11.6528dB。"
explorationv4,explorationv4 / CoordNet / 等参数深度与稳定性控制,CoordNet,reconstruction,Size326,res10_base_lr,He,在近似等参数量下比较 CoordNet 的 res2/res3/res5/res7/res10 深度，定位大模型塌陷是否由深度引起。,configs_exploration_v4/CoordNet/Size326/res10_base_lr/ionization__He.yaml,ok,true,29.2259,29.4734,10,18.2372,-10.988699999999998,11.2362,true,"collapse=11.2362dB,gain=-10.9887dB",由 v4 日志按官方阈值重建（回落>1dB 或增益<0.1dB）,"5:29.2259,10:29.4734,15:28.2091,20:23.175,25:21.312,30:24.5781,35:19.237,40:18.7548,45:18.1274,50:18.2372",,batch log（v4 汇总 TSV 尚未生成）,batch_logs/exploration_v4/20260814_084447/logs/configs_exploration_v4__CoordNet__Size326__res10_base_lr__ionization__He.attempt-1.log,,,,,,"需关注：最终 PSNR=18.237 dB，首探针增益=-10.989 dB，较峰值回落=11.236 dB；collapse=11.2362dB,gain=-10.9887dB。"
explorationv4,explorationv4 / CoordNet / 等参数深度与稳定性控制,CoordNet,reconstruction,Size326,res2_base_lr,GT,在近似等参数量下比较 CoordNet 的 res2/res3/res5/res7/res10 深度，定位大模型塌陷是否由深度引起。,configs_exploration_v4/CoordNet/Size326/res2_base_lr/ionization__GT.yaml,ok,true,37.5258,43.2286,45,42.8144,5.288600000000002,0.414200000000001,false,,由 v4 日志按官方阈值重建（回落>1dB 或增益<0.1dB）,"5:37.5258,10:38.8661,15:40.0975,20:33.1011,25:40.4333,30:42.1975,35:41.2657,40:42.489,45:43.2286,50:42.8144",,batch log（v4 汇总 TSV 尚未生成）,batch_logs/exploration_v4/20260814_084447/logs/configs_exploration_v4__CoordNet__Size326__res2_base_lr__ionization__GT.attempt-1.log,,,,,,通过：最终 PSNR=42.814 dB，首探针增益=+5.289 dB，较峰值回落=0.414 dB。
explorationv4,explorationv4 / CoordNet / 等参数深度与稳定性控制,CoordNet,reconstruction,Size326,res2_base_lr,H_plus,在近似等参数量下比较 CoordNet 的 res2/res3/res5/res7/res10 深度，定位大模型塌陷是否由深度引起。,configs_exploration_v4/CoordNet/Size326/res2_base_lr/ionization__H_plus.yaml,ok,true,27.3695,35.1764,45,34.7887,7.4192,0.3877000000000024,false,,由 v4 日志按官方阈值重建（回落>1dB 或增益<0.1dB）,"5:27.3695,10:26.9,15:31.192,20:33.2639,25:33.5717,30:35.0404,35:34.5863,40:34.606,45:35.1764,50:34.7887",,batch log（v4 汇总 TSV 尚未生成）,batch_logs/exploration_v4/20260814_084447/logs/configs_exploration_v4__CoordNet__Size326__res2_base_lr__ionization__H_plus.attempt-1.log,,,,,,通过：最终 PSNR=34.789 dB，首探针增益=+7.419 dB，较峰值回落=0.388 dB。
explorationv4,explorationv4 / CoordNet / 等参数深度与稳定性控制,CoordNet,reconstruction,Size326,res2_base_lr,He,在近似等参数量下比较 CoordNet 的 res2/res3/res5/res7/res10 深度，定位大模型塌陷是否由深度引起。,configs_exploration_v4/CoordNet/Size326/res2_base_lr/ionization__He.yaml,ok,true,29.8121,35.6419,50,35.6419,5.829799999999999,0,false,,由 v4 日志按官方阈值重建（回落>1dB 或增益<0.1dB）,"5:29.8121,10:31.6958,15:32.4774,20:33.6245,25:32.8462,30:33.5599,35:34.7833,40:34.5132,45:34.9974,50:35.6419",,batch log（v4 汇总 TSV 尚未生成）,batch_logs/exploration_v4/20260814_084447/logs/configs_exploration_v4__CoordNet__Size326__res2_base_lr__ionization__He.attempt-1.log,,,,,,通过：最终 PSNR=35.642 dB，首探针增益=+5.830 dB，较峰值回落=0.000 dB。
explorationv4,explorationv4 / CoordNet / 等参数深度与稳定性控制,CoordNet,reconstruction,Size326,res3_base_lr,GT,在近似等参数量下比较 CoordNet 的 res2/res3/res5/res7/res10 深度，定位大模型塌陷是否由深度引起。,configs_exploration_v4/CoordNet/Size326/res3_base_lr/ionization__GT.yaml,ok,true,35.2731,39.2551,50,39.2551,3.9819999999999993,0,false,,由 v4 日志按官方阈值重建（回落>1dB 或增益<0.1dB）,"5:35.2731,10:34.4034,15:34.9315,20:36.5688,25:37.438,30:37.7803,35:38.0757,40:32.2668,45:37.9844,50:39.2551",,batch log（v4 汇总 TSV 尚未生成）,batch_logs/exploration_v4/20260814_084447/logs/configs_exploration_v4__CoordNet__Size326__res3_base_lr__ionization__GT.attempt-1.log,,,,,,通过：最终 PSNR=39.255 dB，首探针增益=+3.982 dB，较峰值回落=0.000 dB。
explorationv4,explorationv4 / CoordNet / 等参数深度与稳定性控制,CoordNet,reconstruction,Size326,res3_base_lr,H_plus,在近似等参数量下比较 CoordNet 的 res2/res3/res5/res7/res10 深度，定位大模型塌陷是否由深度引起。,configs_exploration_v4/CoordNet/Size326/res3_base_lr/ionization__H_plus.yaml,ok,true,28.0725,37.0943,50,37.0943,9.021799999999995,0,false,,由 v4 日志按官方阈值重建（回落>1dB 或增益<0.1dB）,"5:28.0725,10:32.1911,15:33.0245,20:34.9623,25:35.337,30:35.6802,35:35.6833,40:35.0598,45:36.799,50:37.0943",,batch log（v4 汇总 TSV 尚未生成）,batch_logs/exploration_v4/20260814_084447/logs/configs_exploration_v4__CoordNet__Size326__res3_base_lr__ionization__H_plus.attempt-1.log,,,,,,通过：最终 PSNR=37.094 dB，首探针增益=+9.022 dB，较峰值回落=0.000 dB。
explorationv4,explorationv4 / CoordNet / 等参数深度与稳定性控制,CoordNet,reconstruction,Size326,res3_base_lr,He,在近似等参数量下比较 CoordNet 的 res2/res3/res5/res7/res10 深度，定位大模型塌陷是否由深度引起。,configs_exploration_v4/CoordNet/Size326/res3_base_lr/ionization__He.yaml,ok,true,29.0223,33.7452,25,32.588,3.5656999999999996,1.157199999999996,true,collapse=1.1572dB,由 v4 日志按官方阈值重建（回落>1dB 或增益<0.1dB）,"5:29.0223,10:30.7064,15:33.0969,20:31.9241,25:33.7452,30:32.3151,35:31.7416,40:30.5661,45:31.5304,50:32.588",,batch log（v4 汇总 TSV 尚未生成）,batch_logs/exploration_v4/20260814_084447/logs/configs_exploration_v4__CoordNet__Size326__res3_base_lr__ionization__He.attempt-1.log,,,,,,需关注：最终 PSNR=32.588 dB，首探针增益=+3.566 dB，较峰值回落=1.157 dB；collapse=1.1572dB。
explorationv4,explorationv4 / CoordNet / 等参数深度与稳定性控制,CoordNet,reconstruction,Size326,res5_base_lr,GT,在近似等参数量下比较 CoordNet 的 res2/res3/res5/res7/res10 深度，定位大模型塌陷是否由深度引起。,configs_exploration_v4/CoordNet/Size326/res5_base_lr/ionization__GT.yaml,ok,true,36.2474,40.1682,40,40.0218,3.7744,0.14639999999999986,false,,由 v4 日志按官方阈值重建（回落>1dB 或增益<0.1dB）,"5:36.2474,10:37.4181,15:38.1021,20:38.4911,25:38.4131,30:36.5551,35:38.4722,40:40.1682,45:39.7991,50:40.0218",,batch log（v4 汇总 TSV 尚未生成）,batch_logs/exploration_v4/20260814_084447/logs/configs_exploration_v4__CoordNet__Size326__res5_base_lr__ionization__GT.attempt-1.log,,,,,,通过：最终 PSNR=40.022 dB，首探针增益=+3.774 dB，较峰值回落=0.146 dB。
explorationv4,explorationv4 / CoordNet / 等参数深度与稳定性控制,CoordNet,reconstruction,Size326,res5_base_lr,H_plus,在近似等参数量下比较 CoordNet 的 res2/res3/res5/res7/res10 深度，定位大模型塌陷是否由深度引起。,configs_exploration_v4/CoordNet/Size326/res5_base_lr/ionization__H_plus.yaml,ok,true,30.6279,33.036,15,26.8276,-3.8003,6.208400000000001,true,"collapse=6.2084dB,gain=-3.8003dB",由 v4 日志按官方阈值重建（回落>1dB 或增益<0.1dB）,"5:30.6279,10:32.7105,15:33.036,20:32.8888,25:32.2702,30:31.9571,35:32.026,40:30.5656,45:31.1078,50:26.8276",,batch log（v4 汇总 TSV 尚未生成）,batch_logs/exploration_v4/20260814_084447/logs/configs_exploration_v4__CoordNet__Size326__res5_base_lr__ionization__H_plus.attempt-1.log,,,,,,"需关注：最终 PSNR=26.828 dB，首探针增益=-3.800 dB，较峰值回落=6.208 dB；collapse=6.2084dB,gain=-3.8003dB。"
explorationv4,explorationv4 / CoordNet / 等参数深度与稳定性控制,CoordNet,reconstruction,Size326,res5_base_lr,He,在近似等参数量下比较 CoordNet 的 res2/res3/res5/res7/res10 深度，定位大模型塌陷是否由深度引起。,configs_exploration_v4/CoordNet/Size326/res5_base_lr/ionization__He.yaml,ok,true,29.8335,31.0853,15,19.8314,-10.002100000000002,11.253900000000002,true,"collapse=11.2539dB,gain=-10.0021dB",由 v4 日志按官方阈值重建（回落>1dB 或增益<0.1dB）,"5:29.8335,10:29.1951,15:31.0853,20:23.2238,25:27.9594,30:28.9284,35:28.7645,40:24.4792,45:22.8642,50:19.8314",,batch log（v4 汇总 TSV 尚未生成）,batch_logs/exploration_v4/20260814_084447/logs/configs_exploration_v4__CoordNet__Size326__res5_base_lr__ionization__He.attempt-1.log,,,,,,"需关注：最终 PSNR=19.831 dB，首探针增益=-10.002 dB，较峰值回落=11.254 dB；collapse=11.2539dB,gain=-10.0021dB。"
explorationv4,explorationv4 / CoordNet / 等参数深度与稳定性控制,CoordNet,reconstruction,Size326,res7_base_lr,GT,在近似等参数量下比较 CoordNet 的 res2/res3/res5/res7/res10 深度，定位大模型塌陷是否由深度引起。,configs_exploration_v4/CoordNet/Size326/res7_base_lr/ionization__GT.yaml,ok,true,30.6629,40.3848,50,40.3848,9.721899999999998,0,false,,由 v4 日志按官方阈值重建（回落>1dB 或增益<0.1dB）,"5:30.6629,10:36.1739,15:33.1566,20:37.8117,25:39.1924,30:40.0866,35:37.5099,40:38.4402,45:38.2627,50:40.3848",,batch log（v4 汇总 TSV 尚未生成）,batch_logs/exploration_v4/20260814_084447/logs/configs_exploration_v4__CoordNet__Size326__res7_base_lr__ionization__GT.attempt-1.log,,,,,,通过：最终 PSNR=40.385 dB，首探针增益=+9.722 dB，较峰值回落=0.000 dB。
explorationv4,explorationv4 / CoordNet / 等参数深度与稳定性控制,CoordNet,reconstruction,Size326,res7_base_lr,H_plus,在近似等参数量下比较 CoordNet 的 res2/res3/res5/res7/res10 深度，定位大模型塌陷是否由深度引起。,configs_exploration_v4/CoordNet/Size326/res7_base_lr/ionization__H_plus.yaml,ok,true,31.0723,31.0723,5,20.3455,-10.726799999999997,10.726799999999997,true,"collapse=10.7268dB,gain=-10.7268dB",由 v4 日志按官方阈值重建（回落>1dB 或增益<0.1dB）,"5:31.0723,10:30.5741,15:30.1255,20:26.3201,25:23.9841,30:25.772,35:22.1678,40:20.2824,45:21.8506,50:20.3455",,batch log（v4 汇总 TSV 尚未生成）,batch_logs/exploration_v4/20260814_084447/logs/configs_exploration_v4__CoordNet__Size326__res7_base_lr__ionization__H_plus.attempt-1.log,,,,,,"需关注：最终 PSNR=20.346 dB，首探针增益=-10.727 dB，较峰值回落=10.727 dB；collapse=10.7268dB,gain=-10.7268dB。"
explorationv4,explorationv4 / CoordNet / 等参数深度与稳定性控制,CoordNet,reconstruction,Size326,res7_base_lr,He,在近似等参数量下比较 CoordNet 的 res2/res3/res5/res7/res10 深度，定位大模型塌陷是否由深度引起。,configs_exploration_v4/CoordNet/Size326/res7_base_lr/ionization__He.yaml,ok,true,29.8689,30.7547,25,27.7588,-2.110099999999999,2.995899999999999,true,"collapse=2.9959dB,gain=-2.1101dB",由 v4 日志按官方阈值重建（回落>1dB 或增益<0.1dB）,"5:29.8689,10:28.619,15:30.267,20:24.5862,25:30.7547,30:22.4822,35:27.1125,40:17.9874,45:28.8286,50:27.7588",,batch log（v4 汇总 TSV 尚未生成）,batch_logs/exploration_v4/20260814_084447/logs/configs_exploration_v4__CoordNet__Size326__res7_base_lr__ionization__He.attempt-1.log,,,,,,"需关注：最终 PSNR=27.759 dB，首探针增益=-2.110 dB，较峰值回落=2.996 dB；collapse=2.9959dB,gain=-2.1101dB。"
explorationv4,explorationv4 / CoordNet / 等参数深度与稳定性控制,CoordNet,reconstruction,Size652,res10_base_lr,GT,在近似等参数量下比较 CoordNet 的 res2/res3/res5/res7/res10 深度，定位大模型塌陷是否由深度引起。,configs_exploration_v4/CoordNet/Size652/res10_base_lr/ionization__GT.yaml,ok,true,29.0879,33.4035,45,30.0653,0.9773999999999994,3.3382000000000005,true,collapse=3.3382dB,由 v4 日志按官方阈值重建（回落>1dB 或增益<0.1dB）,"5:29.0879,10:32.9747,15:22.6154,20:31.8218,25:30.8891,30:21.241,35:23.0798,40:31.2991,45:33.4035,50:30.0653",,batch log（v4 汇总 TSV 尚未生成）,batch_logs/exploration_v4/20260814_084447/logs/configs_exploration_v4__CoordNet__Size652__res10_base_lr__ionization__GT.attempt-1.log,,,,,,需关注：最终 PSNR=30.065 dB，首探针增益=+0.977 dB，较峰值回落=3.338 dB；collapse=3.3382dB。
explorationv4,explorationv4 / CoordNet / 等参数深度与稳定性控制,CoordNet,reconstruction,Size652,res10_base_lr,H_plus,在近似等参数量下比较 CoordNet 的 res2/res3/res5/res7/res10 深度，定位大模型塌陷是否由深度引起。,configs_exploration_v4/CoordNet/Size652/res10_base_lr/ionization__H_plus.yaml,ok,true,30.5913,31.6258,15,8.7494,-21.841900000000003,22.876400000000004,true,"collapse=22.8764dB,gain=-21.8419dB",由 v4 日志按官方阈值重建（回落>1dB 或增益<0.1dB）,"5:30.5913,10:31.434,15:31.6258,20:25.1471,25:22.1523,30:19.159,35:13.4704,40:10.923,45:11.3515,50:8.7494",,batch log（v4 汇总 TSV 尚未生成）,batch_logs/exploration_v4/20260814_084447/logs/configs_exploration_v4__CoordNet__Size652__res10_base_lr__ionization__H_plus.attempt-1.log,,,,,,"需关注：最终 PSNR=8.749 dB，首探针增益=-21.842 dB，较峰值回落=22.876 dB；collapse=22.8764dB,gain=-21.8419dB。"
explorationv4,explorationv4 / CoordNet / 等参数深度与稳定性控制,CoordNet,reconstruction,Size652,res10_base_lr,He,在近似等参数量下比较 CoordNet 的 res2/res3/res5/res7/res10 深度，定位大模型塌陷是否由深度引起。,configs_exploration_v4/CoordNet/Size652/res10_base_lr/ionization__He.yaml,ok,true,26.9875,27.4502,10,6.5033,-20.4842,20.9469,true,"collapse=20.9469dB,gain=-20.4842dB",由 v4 日志按官方阈值重建（回落>1dB 或增益<0.1dB）,"5:26.9875,10:27.4502,15:27.1171,20:16.245,25:17.1019,30:13.9421,35:13.6566,40:9.9935,45:8.4982,50:6.5033",,batch log（v4 汇总 TSV 尚未生成）,batch_logs/exploration_v4/20260814_084447/logs/configs_exploration_v4__CoordNet__Size652__res10_base_lr__ionization__He.attempt-1.log,,,,,,"需关注：最终 PSNR=6.503 dB，首探针增益=-20.484 dB，较峰值回落=20.947 dB；collapse=20.9469dB,gain=-20.4842dB。"
explorationv4,explorationv4 / CoordNet / 等参数深度与稳定性控制,CoordNet,reconstruction,Size652,res2_base_lr,GT,在近似等参数量下比较 CoordNet 的 res2/res3/res5/res7/res10 深度，定位大模型塌陷是否由深度引起。,configs_exploration_v4/CoordNet/Size652/res2_base_lr/ionization__GT.yaml,ok,true,35.4737,40.8421,50,40.8421,5.368400000000001,0,false,,由 v4 日志按官方阈值重建（回落>1dB 或增益<0.1dB）,"5:35.4737,10:36.2729,15:38.4022,20:38.3978,25:37.2551,30:39.1203,35:33.3759,40:38.7782,45:40.2702,50:40.8421",,batch log（v4 汇总 TSV 尚未生成）,batch_logs/exploration_v4/20260814_084447/logs/configs_exploration_v4__CoordNet__Size652__res2_base_lr__ionization__GT.attempt-1.log,,,,,,通过：最终 PSNR=40.842 dB，首探针增益=+5.368 dB，较峰值回落=0.000 dB。
explorationv4,explorationv4 / CoordNet / 等参数深度与稳定性控制,CoordNet,reconstruction,Size652,res2_base_lr,H_plus,在近似等参数量下比较 CoordNet 的 res2/res3/res5/res7/res10 深度，定位大模型塌陷是否由深度引起。,configs_exploration_v4/CoordNet/Size652/res2_base_lr/ionization__H_plus.yaml,ok,true,28.3588,33.4528,35,31.1098,2.7510000000000012,2.3430000000000035,true,collapse=2.3430dB,由 v4 日志按官方阈值重建（回落>1dB 或增益<0.1dB）,"5:28.3588,10:25.399,15:31.4758,20:31.8335,25:32.8689,30:33.0915,35:33.4528,40:32.981,45:32.2594,50:31.1098",,batch log（v4 汇总 TSV 尚未生成）,batch_logs/exploration_v4/20260814_084447/logs/configs_exploration_v4__CoordNet__Size652__res2_base_lr__ionization__H_plus.attempt-1.log,,,,,,需关注：最终 PSNR=31.110 dB，首探针增益=+2.751 dB，较峰值回落=2.343 dB；collapse=2.3430dB。
explorationv4,explorationv4 / CoordNet / 等参数深度与稳定性控制,CoordNet,reconstruction,Size652,res2_base_lr,He,在近似等参数量下比较 CoordNet 的 res2/res3/res5/res7/res10 深度，定位大模型塌陷是否由深度引起。,configs_exploration_v4/CoordNet/Size652/res2_base_lr/ionization__He.yaml,ok,true,29.4502,31.792,30,27.2617,-2.1884999999999977,4.5303,true,"collapse=4.5303dB,gain=-2.1885dB",由 v4 日志按官方阈值重建（回落>1dB 或增益<0.1dB）,"5:29.4502,10:28.7553,15:29.5202,20:31.3152,25:31.0258,30:31.792,35:31.6926,40:30.1287,45:29.7179,50:27.2617",,batch log（v4 汇总 TSV 尚未生成）,batch_logs/exploration_v4/20260814_084447/logs/configs_exploration_v4__CoordNet__Size652__res2_base_lr__ionization__He.attempt-1.log,,,,,,"需关注：最终 PSNR=27.262 dB，首探针增益=-2.188 dB，较峰值回落=4.530 dB；collapse=4.5303dB,gain=-2.1885dB。"
explorationv4,explorationv4 / CoordNet / 等参数深度与稳定性控制,CoordNet,reconstruction,Size652,res3_base_lr,GT,在近似等参数量下比较 CoordNet 的 res2/res3/res5/res7/res10 深度，定位大模型塌陷是否由深度引起。,configs_exploration_v4/CoordNet/Size652/res3_base_lr/ionization__GT.yaml,ok,true,32.3841,42.4176,50,42.4176,10.033500000000004,0,false,,由 v4 日志按官方阈值重建（回落>1dB 或增益<0.1dB）,"5:32.3841,10:37.8519,15:37.4288,20:37.1959,25:38.2113,30:39.3788,35:41.2867,40:39.8684,45:41.687,50:42.4176",,batch log（v4 汇总 TSV 尚未生成）,batch_logs/exploration_v4/20260814_084447/logs/configs_exploration_v4__CoordNet__Size652__res3_base_lr__ionization__GT.attempt-1.log,,,,,,通过：最终 PSNR=42.418 dB，首探针增益=+10.034 dB，较峰值回落=0.000 dB。
explorationv4,explorationv4 / CoordNet / 等参数深度与稳定性控制,CoordNet,reconstruction,Size652,res3_base_lr,H_plus,在近似等参数量下比较 CoordNet 的 res2/res3/res5/res7/res10 深度，定位大模型塌陷是否由深度引起。,configs_exploration_v4/CoordNet/Size652/res3_base_lr/ionization__H_plus.yaml,ok,true,32.0481,34.444,15,21.921,-10.127099999999999,12.523000000000003,true,"collapse=12.5230dB,gain=-10.1271dB",由 v4 日志按官方阈值重建（回落>1dB 或增益<0.1dB）,"5:32.0481,10:33.4896,15:34.444,20:33.3963,25:33.9731,30:33.0461,35:31.7753,40:25.7706,45:24.1865,50:21.921",,batch log（v4 汇总 TSV 尚未生成）,batch_logs/exploration_v4/20260814_084447/logs/configs_exploration_v4__CoordNet__Size652__res3_base_lr__ionization__H_plus.attempt-1.log,,,,,,"需关注：最终 PSNR=21.921 dB，首探针增益=-10.127 dB，较峰值回落=12.523 dB；collapse=12.5230dB,gain=-10.1271dB。"
explorationv4,explorationv4 / CoordNet / 等参数深度与稳定性控制,CoordNet,reconstruction,Size652,res3_base_lr,He,在近似等参数量下比较 CoordNet 的 res2/res3/res5/res7/res10 深度，定位大模型塌陷是否由深度引起。,configs_exploration_v4/CoordNet/Size652/res3_base_lr/ionization__He.yaml,ok,true,30.2738,31.1802,10,21.8865,-8.3873,9.293699999999998,true,"collapse=9.2937dB,gain=-8.3873dB",由 v4 日志按官方阈值重建（回落>1dB 或增益<0.1dB）,"5:30.2738,10:31.1802,15:29.1867,20:30.2379,25:30.9555,30:30.8207,35:27.9451,40:24.0216,45:22.9762,50:21.8865",,batch log（v4 汇总 TSV 尚未生成）,batch_logs/exploration_v4/20260814_084447/logs/configs_exploration_v4__CoordNet__Size652__res3_base_lr__ionization__He.attempt-1.log,,,,,,"需关注：最终 PSNR=21.887 dB，首探针增益=-8.387 dB，较峰值回落=9.294 dB；collapse=9.2937dB,gain=-8.3873dB。"
explorationv4,explorationv4 / CoordNet / 等参数深度与稳定性控制,CoordNet,reconstruction,Size652,res5_base_lr,GT,在近似等参数量下比较 CoordNet 的 res2/res3/res5/res7/res10 深度，定位大模型塌陷是否由深度引起。,configs_exploration_v4/CoordNet/Size652/res5_base_lr/ionization__GT.yaml,ok,true,36.4364,39.9018,45,36.6096,0.17320000000000135,3.292200000000001,true,collapse=3.2922dB,由 v4 日志按官方阈值重建（回落>1dB 或增益<0.1dB）,"5:36.4364,10:34.9132,15:37.1041,20:38.9283,25:37.9145,30:39.1175,35:38.9844,40:39.3299,45:39.9018,50:36.6096",,batch log（v4 汇总 TSV 尚未生成）,batch_logs/exploration_v4/20260814_084447/logs/configs_exploration_v4__CoordNet__Size652__res5_base_lr__ionization__GT.attempt-1.log,,,,,,需关注：最终 PSNR=36.610 dB，首探针增益=+0.173 dB，较峰值回落=3.292 dB；collapse=3.2922dB。
explorationv4,explorationv4 / CoordNet / 等参数深度与稳定性控制,CoordNet,reconstruction,Size652,res5_base_lr,H_plus,在近似等参数量下比较 CoordNet 的 res2/res3/res5/res7/res10 深度，定位大模型塌陷是否由深度引起。,configs_exploration_v4/CoordNet/Size652/res5_base_lr/ionization__H_plus.yaml,ok,true,31.2314,31.2314,5,16.8146,-14.416800000000002,14.416800000000002,true,"collapse=14.4168dB,gain=-14.4168dB",由 v4 日志按官方阈值重建（回落>1dB 或增益<0.1dB）,"5:31.2314,10:30.8105,15:24.9014,20:23.9217,25:28.3195,30:27.7458,35:24.9625,40:21.5421,45:17.9405,50:16.8146",,batch log（v4 汇总 TSV 尚未生成）,batch_logs/exploration_v4/20260814_084447/logs/configs_exploration_v4__CoordNet__Size652__res5_base_lr__ionization__H_plus.attempt-1.log,,,,,,"需关注：最终 PSNR=16.815 dB，首探针增益=-14.417 dB，较峰值回落=14.417 dB；collapse=14.4168dB,gain=-14.4168dB。"
explorationv4,explorationv4 / CoordNet / 等参数深度与稳定性控制,CoordNet,reconstruction,Size652,res5_base_lr,He,在近似等参数量下比较 CoordNet 的 res2/res3/res5/res7/res10 深度，定位大模型塌陷是否由深度引起。,configs_exploration_v4/CoordNet/Size652/res5_base_lr/ionization__He.yaml,ok,true,31.2847,31.2847,5,11.7381,-19.5466,19.5466,true,"collapse=19.5466dB,gain=-19.5466dB",由 v4 日志按官方阈值重建（回落>1dB 或增益<0.1dB）,"5:31.2847,10:23.3038,15:24.0027,20:24.5297,25:21.408,30:19.239,35:16.0685,40:13.6067,45:13.9801,50:11.7381",,batch log（v4 汇总 TSV 尚未生成）,batch_logs/exploration_v4/20260814_084447/logs/configs_exploration_v4__CoordNet__Size652__res5_base_lr__ionization__He.attempt-1.log,,,,,,"需关注：最终 PSNR=11.738 dB，首探针增益=-19.547 dB，较峰值回落=19.547 dB；collapse=19.5466dB,gain=-19.5466dB。"
explorationv4,explorationv4 / CoordNet / 等参数深度与稳定性控制,CoordNet,reconstruction,Size652,res7_base_lr,GT,在近似等参数量下比较 CoordNet 的 res2/res3/res5/res7/res10 深度，定位大模型塌陷是否由深度引起。,configs_exploration_v4/CoordNet/Size652/res7_base_lr/ionization__GT.yaml,ok,true,32.1169,36.3581,50,36.3581,4.241199999999999,0,false,,由 v4 日志按官方阈值重建（回落>1dB 或增益<0.1dB）,"5:32.1169,10:34.8649,15:33.8214,20:32.4001,25:31.0263,30:33.4344,35:34.5899,40:33.5284,45:30.5461,50:36.3581",,batch log（v4 汇总 TSV 尚未生成）,batch_logs/exploration_v4/20260814_084447/logs/configs_exploration_v4__CoordNet__Size652__res7_base_lr__ionization__GT.attempt-1.log,,,,,,通过：最终 PSNR=36.358 dB，首探针增益=+4.241 dB，较峰值回落=0.000 dB。
explorationv4,explorationv4 / CoordNet / 等参数深度与稳定性控制,CoordNet,reconstruction,Size652,res7_base_lr,H_plus,在近似等参数量下比较 CoordNet 的 res2/res3/res5/res7/res10 深度，定位大模型塌陷是否由深度引起。,configs_exploration_v4/CoordNet/Size652/res7_base_lr/ionization__H_plus.yaml,ok,true,30.4004,32.2345,20,13.4632,-16.9372,18.771299999999997,true,"collapse=18.7713dB,gain=-16.9372dB",由 v4 日志按官方阈值重建（回落>1dB 或增益<0.1dB）,"5:30.4004,10:31.2829,15:21.6599,20:32.2345,25:26.1957,30:24.5241,35:22.0641,40:17.2826,45:14.592,50:13.4632",,batch log（v4 汇总 TSV 尚未生成）,batch_logs/exploration_v4/20260814_084447/logs/configs_exploration_v4__CoordNet__Size652__res7_base_lr__ionization__H_plus.attempt-1.log,,,,,,"需关注：最终 PSNR=13.463 dB，首探针增益=-16.937 dB，较峰值回落=18.771 dB；collapse=18.7713dB,gain=-16.9372dB。"
explorationv4,explorationv4 / CoordNet / 等参数深度与稳定性控制,CoordNet,reconstruction,Size652,res7_base_lr,He,在近似等参数量下比较 CoordNet 的 res2/res3/res5/res7/res10 深度，定位大模型塌陷是否由深度引起。,configs_exploration_v4/CoordNet/Size652/res7_base_lr/ionization__He.yaml,ok,true,28.7042,29.7525,10,9.1245,-19.579700000000003,20.628,true,"collapse=20.6280dB,gain=-19.5797dB",由 v4 日志按官方阈值重建（回落>1dB 或增益<0.1dB）,"5:28.7042,10:29.7525,15:29.3084,20:13.903,25:23.6394,30:20.1938,35:16.8712,40:13.171,45:11.4244,50:9.1245",,batch log（v4 汇总 TSV 尚未生成）,batch_logs/exploration_v4/20260814_084447/logs/configs_exploration_v4__CoordNet__Size652__res7_base_lr__ionization__He.attempt-1.log,,,,,,"需关注：最终 PSNR=9.124 dB，首探针增益=-19.580 dB，较峰值回落=20.628 dB；collapse=20.6280dB,gain=-19.5797dB。"
explorationv4,explorationv4 / RMDSRN / 调度修正与 lambda 消融,RMDSRN,reconstruction,Size082,schedule900k_lambda0,GT,把 LR 与 lambda 调度周期纠正为正式 900k 步，并用 lambda_max=10/1/0 分离不确定性损失对重建的影响。,configs_exploration_v4/RMDSRN/Size082/schedule900k_lambda0/ionization__GT.yaml,ok,true,31.7794,34.4457,50,34.4457,2.6663000000000032,0,false,,由 v4 日志按官方阈值重建（回落>1dB 或增益<0.1dB）,"5:31.7794,10:32.7583,15:32.5941,20:33.8537,25:32.6154,30:33.9881,35:33.8292,40:34.1926,45:34.175,50:34.4457",,batch log（v4 汇总 TSV 尚未生成）,batch_logs/exploration_v4/20260814_084447/logs/configs_exploration_v4__RMDSRN__Size082__schedule900k_lambda0__ionization__GT.attempt-1.log,0.002989351,0.002989351,1.291857,0,0.004914816,通过：最终 PSNR=34.446 dB，首探针增益=+2.666 dB，较峰值回落=0.000 dB。
explorationv4,explorationv4 / RMDSRN / 调度修正与 lambda 消融,RMDSRN,reconstruction,Size082,schedule900k_lambda0,H_plus,把 LR 与 lambda 调度周期纠正为正式 900k 步，并用 lambda_max=10/1/0 分离不确定性损失对重建的影响。,configs_exploration_v4/RMDSRN/Size082/schedule900k_lambda0/ionization__H_plus.yaml,ok,true,28.9441,31.3937,35,31.1702,2.2261000000000024,0.2234999999999978,false,,由 v4 日志按官方阈值重建（回落>1dB 或增益<0.1dB）,"5:28.9441,10:30.2537,15:30.6124,20:30.7157,25:30.0921,30:31.2745,35:31.3937,40:30.1192,45:30.3839,50:31.1702",,batch log（v4 汇总 TSV 尚未生成）,batch_logs/exploration_v4/20260814_084447/logs/configs_exploration_v4__RMDSRN__Size082__schedule900k_lambda0__ionization__H_plus.attempt-1.log,0.005411892,0.005411892,1.593737,0,0.004914816,通过：最终 PSNR=31.170 dB，首探针增益=+2.226 dB，较峰值回落=0.223 dB。
explorationv4,explorationv4 / RMDSRN / 调度修正与 lambda 消融,RMDSRN,reconstruction,Size082,schedule900k_lambda0,PD,把 LR 与 lambda 调度周期纠正为正式 900k 步，并用 lambda_max=10/1/0 分离不确定性损失对重建的影响。,configs_exploration_v4/RMDSRN/Size082/schedule900k_lambda0/ionization__PD.yaml,ok,true,33.042,35.8172,30,35.7712,2.7291999999999987,0.045999999999999375,false,,由 v4 日志按官方阈值重建（回落>1dB 或增益<0.1dB）,"5:33.042,10:34.0292,15:34.9498,20:35.489,25:35.2481,30:35.8172,35:35.5905,40:35.8036,45:35.5023,50:35.7712",,batch log（v4 汇总 TSV 尚未生成）,batch_logs/exploration_v4/20260814_084447/logs/configs_exploration_v4__RMDSRN__Size082__schedule900k_lambda0__ionization__PD.attempt-1.log,0.001839466,0.001839466,1.687835,0,0.004914816,通过：最终 PSNR=35.771 dB，首探针增益=+2.729 dB，较峰值回落=0.046 dB。
explorationv4,explorationv4 / RMDSRN / 调度修正与 lambda 消融,RMDSRN,reconstruction,Size082,schedule900k_lambda1,GT,把 LR 与 lambda 调度周期纠正为正式 900k 步，并用 lambda_max=10/1/0 分离不确定性损失对重建的影响。,configs_exploration_v4/RMDSRN/Size082/schedule900k_lambda1/ionization__GT.yaml,ok,true,31.6247,34.6075,50,34.6075,2.982800000000001,0,false,,由 v4 日志按官方阈值重建（回落>1dB 或增益<0.1dB）,"5:31.6247,10:32.6283,15:32.8623,20:33.8129,25:33.3097,30:33.9112,35:33.9887,40:34.0883,45:34.2011,50:34.6075",,batch log（v4 汇总 TSV 尚未生成）,batch_logs/exploration_v4/20260814_084447/logs/configs_exploration_v4__RMDSRN__Size082__schedule900k_lambda1__ionization__GT.attempt-1.log,0.004553322,0.003259526,0.9515556,0.001359664,0.004914816,通过：最终 PSNR=34.608 dB，首探针增益=+2.983 dB，较峰值回落=0.000 dB。
explorationv4,explorationv4 / RMDSRN / 调度修正与 lambda 消融,RMDSRN,reconstruction,Size082,schedule900k_lambda1,H_plus,把 LR 与 lambda 调度周期纠正为正式 900k 步，并用 lambda_max=10/1/0 分离不确定性损失对重建的影响。,configs_exploration_v4/RMDSRN/Size082/schedule900k_lambda1/ionization__H_plus.yaml,ok,true,28.4865,31.4953,30,31.4358,2.949300000000001,0.059499999999999886,false,,由 v4 日志按官方阈值重建（回落>1dB 或增益<0.1dB）,"5:28.4865,10:30.2224,15:30.821,20:30.8693,25:30.0703,30:31.4953,35:31.3065,40:30.8626,45:31.4136,50:31.4358",,batch log（v4 汇总 TSV 尚未生成）,batch_logs/exploration_v4/20260814_084447/logs/configs_exploration_v4__RMDSRN__Size082__schedule900k_lambda1__ionization__H_plus.attempt-1.log,0.006613436,0.005165996,1.064557,0.001359664,0.004914816,通过：最终 PSNR=31.436 dB，首探针增益=+2.949 dB，较峰值回落=0.059 dB。
explorationv4,explorationv4 / RMDSRN / 调度修正与 lambda 消融,RMDSRN,reconstruction,Size082,schedule900k_lambda1,PD,把 LR 与 lambda 调度周期纠正为正式 900k 步，并用 lambda_max=10/1/0 分离不确定性损失对重建的影响。,configs_exploration_v4/RMDSRN/Size082/schedule900k_lambda1/ionization__PD.yaml,ok,true,32.9177,35.565,40,35.4784,2.560699999999997,0.08659999999999712,false,,由 v4 日志按官方阈值重建（回落>1dB 或增益<0.1dB）,"5:32.9177,10:34.3394,15:34.9296,20:35.4545,25:35.465,30:35.4754,35:35.2882,40:35.565,45:35.3665,50:35.4784",,batch log（v4 汇总 TSV 尚未生成）,batch_logs/exploration_v4/20260814_084447/logs/configs_exploration_v4__RMDSRN__Size082__schedule900k_lambda1__ionization__PD.attempt-1.log,0.00351975,0.002347735,0.8619887,0.001359664,0.004914816,通过：最终 PSNR=35.478 dB，首探针增益=+2.561 dB，较峰值回落=0.087 dB。
explorationv4,explorationv4 / RMDSRN / 调度修正与 lambda 消融,RMDSRN,reconstruction,Size082,schedule900k_lambda10,GT,把 LR 与 lambda 调度周期纠正为正式 900k 步，并用 lambda_max=10/1/0 分离不确定性损失对重建的影响。,configs_exploration_v4/RMDSRN/Size082/schedule900k_lambda10/ionization__GT.yaml,ok,true,31.8738,33.3675,20,32.8559,0.9820999999999991,0.5116000000000014,false,,由 v4 日志按官方阈值重建（回落>1dB 或增益<0.1dB）,"5:31.8738,10:32.9235,15:32.4203,20:33.3675,25:33.1997,30:33.2819,35:32.9113,40:32.8387,45:32.7728,50:32.8559",,batch log（v4 汇总 TSV 尚未生成）,batch_logs/exploration_v4/20260814_084447/logs/configs_exploration_v4__RMDSRN__Size082__schedule900k_lambda10__ionization__GT.attempt-1.log,0.01422037,0.005933009,0.6095152,0.01359664,0.004914816,通过：最终 PSNR=32.856 dB，首探针增益=+0.982 dB，较峰值回落=0.512 dB。
explorationv4,explorationv4 / RMDSRN / 调度修正与 lambda 消融,RMDSRN,reconstruction,Size082,schedule900k_lambda10,H_plus,把 LR 与 lambda 调度周期纠正为正式 900k 步，并用 lambda_max=10/1/0 分离不确定性损失对重建的影响。,configs_exploration_v4/RMDSRN/Size082/schedule900k_lambda10/ionization__H_plus.yaml,ok,true,28.9156,30.7898,20,30.3822,1.4665999999999997,0.40759999999999863,false,,由 v4 日志按官方阈值重建（回落>1dB 或增益<0.1dB）,"5:28.9156,10:30.2414,15:30.605,20:30.7898,25:30.4911,30:30.6231,35:30.529,40:29.9764,45:30.4422,50:30.3822",,batch log（v4 汇总 TSV 尚未生成）,batch_logs/exploration_v4/20260814_084447/logs/configs_exploration_v4__RMDSRN__Size082__schedule900k_lambda10__ionization__H_plus.attempt-1.log,0.0168362,0.007348591,0.6977906,0.01359664,0.004914816,通过：最终 PSNR=30.382 dB，首探针增益=+1.467 dB，较峰值回落=0.408 dB。
explorationv4,explorationv4 / RMDSRN / 调度修正与 lambda 消融,RMDSRN,reconstruction,Size082,schedule900k_lambda10,PD,把 LR 与 lambda 调度周期纠正为正式 900k 步，并用 lambda_max=10/1/0 分离不确定性损失对重建的影响。,configs_exploration_v4/RMDSRN/Size082/schedule900k_lambda10/ionization__PD.yaml,ok,true,32.8152,34.0884,15,33.2538,0.438600000000001,0.8346000000000018,false,,由 v4 日志按官方阈值重建（回落>1dB 或增益<0.1dB）,"5:32.8152,10:33.7163,15:34.0884,20:34.0361,25:33.7563,30:33.814,35:33.5798,40:33.475,45:33.3475,50:33.2538",,batch log（v4 汇总 TSV 尚未生成）,batch_logs/exploration_v4/20260814_084447/logs/configs_exploration_v4__RMDSRN__Size082__schedule900k_lambda10__ionization__PD.attempt-1.log,0.0130454,0.004315768,0.6420435,0.01359664,0.004914816,通过：最终 PSNR=33.254 dB，首探针增益=+0.439 dB，较峰值回落=0.835 dB。
explorationv4,explorationv4 / RMDSRN / 调度修正与 lambda 消融,RMDSRN,reconstruction,Size1304,schedule900k_lambda0,GT,把 LR 与 lambda 调度周期纠正为正式 900k 步，并用 lambda_max=10/1/0 分离不确定性损失对重建的影响。,configs_exploration_v4/RMDSRN/Size1304/schedule900k_lambda0/ionization__GT.yaml,ok,true,33.8098,37.0142,50,37.0142,3.2043999999999997,0,false,,由 v4 日志按官方阈值重建（回落>1dB 或增益<0.1dB）,"5:33.8098,10:34.4039,15:34.811,20:36.1258,25:35.1578,30:36.4184,35:36.3359,40:36.2304,45:36.8392,50:37.0142",,batch log（v4 汇总 TSV 尚未生成）,batch_logs/exploration_v4/20260814_084447/logs/configs_exploration_v4__RMDSRN__Size1304__schedule900k_lambda0__ionization__GT.attempt-1.log,0.00152057,0.00152057,1.195815,0,0.004914816,通过：最终 PSNR=37.014 dB，首探针增益=+3.204 dB，较峰值回落=0.000 dB。
explorationv4,explorationv4 / RMDSRN / 调度修正与 lambda 消融,RMDSRN,reconstruction,Size1304,schedule900k_lambda0,H_plus,把 LR 与 lambda 调度周期纠正为正式 900k 步，并用 lambda_max=10/1/0 分离不确定性损失对重建的影响。,configs_exploration_v4/RMDSRN/Size1304/schedule900k_lambda0/ionization__H_plus.yaml,ok,true,31.8566,35.2593,45,35.1693,3.3126999999999995,0.09000000000000341,false,,由 v4 日志按官方阈值重建（回落>1dB 或增益<0.1dB）,"5:31.8566,10:33.2564,15:33.7816,20:34.632,25:34.6504,30:34.707,35:34.7496,40:34.8772,45:35.2593,50:35.1693",,batch log（v4 汇总 TSV 尚未生成）,batch_logs/exploration_v4/20260814_084447/logs/configs_exploration_v4__RMDSRN__Size1304__schedule900k_lambda0__ionization__H_plus.attempt-1.log,0.001658855,0.001658855,1.448738,0,0.004914816,通过：最终 PSNR=35.169 dB，首探针增益=+3.313 dB，较峰值回落=0.090 dB。
explorationv4,explorationv4 / RMDSRN / 调度修正与 lambda 消融,RMDSRN,reconstruction,Size1304,schedule900k_lambda0,PD,把 LR 与 lambda 调度周期纠正为正式 900k 步，并用 lambda_max=10/1/0 分离不确定性损失对重建的影响。,configs_exploration_v4/RMDSRN/Size1304/schedule900k_lambda0/ionization__PD.yaml,ok,true,35.9367,39.2837,45,38.9359,2.9991999999999948,0.34780000000000655,false,,由 v4 日志按官方阈值重建（回落>1dB 或增益<0.1dB）,"5:35.9367,10:37.5145,15:37.9235,20:38.8843,25:38.7708,30:39.0682,35:39.0035,40:38.5387,45:39.2837,50:38.9359",,batch log（v4 汇总 TSV 尚未生成）,batch_logs/exploration_v4/20260814_084447/logs/configs_exploration_v4__RMDSRN__Size1304__schedule900k_lambda0__ionization__PD.attempt-1.log,0.0007928655,0.0007928655,1.359764,0,0.004914816,通过：最终 PSNR=38.936 dB，首探针增益=+2.999 dB，较峰值回落=0.348 dB。
explorationv4,explorationv4 / RMDSRN / 调度修正与 lambda 消融,RMDSRN,reconstruction,Size1304,schedule900k_lambda1,GT,把 LR 与 lambda 调度周期纠正为正式 900k 步，并用 lambda_max=10/1/0 分离不确定性损失对重建的影响。,configs_exploration_v4/RMDSRN/Size1304/schedule900k_lambda1/ionization__GT.yaml,ok,true,33.6328,36.9667,45,36.7868,3.1539999999999964,0.1799000000000035,false,,由 v4 日志按官方阈值重建（回落>1dB 或增益<0.1dB）,"5:33.6328,10:35.0145,15:35.22,20:36.1645,25:35.6472,30:36.7887,35:36.6137,40:36.3373,45:36.9667,50:36.7868",,batch log（v4 汇总 TSV 尚未生成）,batch_logs/exploration_v4/20260814_084447/logs/configs_exploration_v4__RMDSRN__Size1304__schedule900k_lambda1__ionization__GT.attempt-1.log,0.003197771,0.001936099,0.9279294,0.001359664,0.004914816,通过：最终 PSNR=36.787 dB，首探针增益=+3.154 dB，较峰值回落=0.180 dB。
explorationv4,explorationv4 / RMDSRN / 调度修正与 lambda 消融,RMDSRN,reconstruction,Size1304,schedule900k_lambda1,H_plus,把 LR 与 lambda 调度周期纠正为正式 900k 步，并用 lambda_max=10/1/0 分离不确定性损失对重建的影响。,configs_exploration_v4/RMDSRN/Size1304/schedule900k_lambda1/ionization__H_plus.yaml,ok,true,31.6406,35.1101,50,35.1101,3.4695000000000036,0,false,,由 v4 日志按官方阈值重建（回落>1dB 或增益<0.1dB）,"5:31.6406,10:33.4121,15:33.8372,20:34.5979,25:34.6449,30:35.0277,35:34.8357,40:34.991,45:34.9997,50:35.1101",,batch log（v4 汇总 TSV 尚未生成）,batch_logs/exploration_v4/20260814_084447/logs/configs_exploration_v4__RMDSRN__Size1304__schedule900k_lambda1__ionization__H_plus.attempt-1.log,0.003799617,0.002400791,1.028803,0.001359664,0.004914816,通过：最终 PSNR=35.110 dB，首探针增益=+3.470 dB，较峰值回落=0.000 dB。
explorationv4,explorationv4 / RMDSRN / 调度修正与 lambda 消融,RMDSRN,reconstruction,Size1304,schedule900k_lambda1,PD,把 LR 与 lambda 调度周期纠正为正式 900k 步，并用 lambda_max=10/1/0 分离不确定性损失对重建的影响。,configs_exploration_v4/RMDSRN/Size1304/schedule900k_lambda1/ionization__PD.yaml,ok,true,35.9651,38.4038,30,38.0462,2.0810999999999993,0.3575999999999979,false,,由 v4 日志按官方阈值重建（回落>1dB 或增益<0.1dB）,"5:35.9651,10:37.3875,15:38.0819,20:38.3727,25:38.3286,30:38.4038,35:38.3669,40:37.9973,45:37.884,50:38.0462",,batch log（v4 汇总 TSV 尚未生成）,batch_logs/exploration_v4/20260814_084447/logs/configs_exploration_v4__RMDSRN__Size1304__schedule900k_lambda1__ionization__PD.attempt-1.log,0.002251217,0.001198014,0.7746058,0.001359664,0.004914816,通过：最终 PSNR=38.046 dB，首探针增益=+2.081 dB，较峰值回落=0.358 dB。
explorationv4,explorationv4 / RMDSRN / 调度修正与 lambda 消融,RMDSRN,reconstruction,Size1304,schedule900k_lambda10,GT,把 LR 与 lambda 调度周期纠正为正式 900k 步，并用 lambda_max=10/1/0 分离不确定性损失对重建的影响。,configs_exploration_v4/RMDSRN/Size1304/schedule900k_lambda10/ionization__GT.yaml,ok,true,33.915,35.2623,20,33.9421,0.027100000000004343,1.3201999999999998,true,"collapse=1.3202dB,gain=0.0271dB",由 v4 日志按官方阈值重建（回落>1dB 或增益<0.1dB）,"5:33.915,10:34.8519,15:34.7833,20:35.2623,25:35.0886,30:35.0409,35:34.6829,40:34.6585,45:34.5632,50:33.9421",,batch log（v4 汇总 TSV 尚未生成）,batch_logs/exploration_v4/20260814_084447/logs/configs_exploration_v4__RMDSRN__Size1304__schedule900k_lambda10__ionization__GT.attempt-1.log,0.01401114,0.004739751,0.681888,0.01359664,0.004914816,"需关注：最终 PSNR=33.942 dB，首探针增益=+0.027 dB，较峰值回落=1.320 dB；collapse=1.3202dB,gain=0.0271dB。"
explorationv4,explorationv4 / RMDSRN / 调度修正与 lambda 消融,RMDSRN,reconstruction,Size1304,schedule900k_lambda10,H_plus,把 LR 与 lambda 调度周期纠正为正式 900k 步，并用 lambda_max=10/1/0 分离不确定性损失对重建的影响。,configs_exploration_v4/RMDSRN/Size1304/schedule900k_lambda10/ionization__H_plus.yaml,ok,true,31.5317,33.3202,20,32.4101,0.8783999999999992,0.9100999999999999,false,,由 v4 日志按官方阈值重建（回落>1dB 或增益<0.1dB）,"5:31.5317,10:32.9799,15:33.2308,20:33.3202,25:33.1715,30:33.1121,35:32.7087,40:33.0003,45:32.5491,50:32.4101",,batch log（v4 汇总 TSV 尚未生成）,batch_logs/exploration_v4/20260814_084447/logs/configs_exploration_v4__RMDSRN__Size1304__schedule900k_lambda10__ionization__H_plus.attempt-1.log,0.01598925,0.004651162,0.8338892,0.01359664,0.004914816,通过：最终 PSNR=32.410 dB，首探针增益=+0.878 dB，较峰值回落=0.910 dB。
explorationv4,explorationv4 / RMDSRN / 调度修正与 lambda 消融,RMDSRN,reconstruction,Size1304,schedule900k_lambda10,PD,把 LR 与 lambda 调度周期纠正为正式 900k 步，并用 lambda_max=10/1/0 分离不确定性损失对重建的影响。,configs_exploration_v4/RMDSRN/Size1304/schedule900k_lambda10/ionization__PD.yaml,ok,true,35.8192,36.2342,15,34.9405,-0.878700000000002,1.2937000000000012,true,"collapse=1.2937dB,gain=-0.8787dB",由 v4 日志按官方阈值重建（回落>1dB 或增益<0.1dB）,"5:35.8192,10:36.158,15:36.2342,20:35.8643,25:35.8489,30:35.4029,35:35.3657,40:35.0927,45:34.7691,50:34.9405",,batch log（v4 汇总 TSV 尚未生成）,batch_logs/exploration_v4/20260814_084447/logs/configs_exploration_v4__RMDSRN__Size1304__schedule900k_lambda10__ionization__PD.attempt-1.log,0.01046067,0.002805049,0.5630524,0.01359664,0.004914816,"需关注：最终 PSNR=34.941 dB，首探针增益=-0.879 dB，较峰值回落=1.294 dB；collapse=1.2937dB,gain=-0.8787dB。"
explorationv4,explorationv4 / RMDSRN / 调度修正与 lambda 消融,RMDSRN,reconstruction,Size163,schedule900k_lambda10,GT,把 LR 与 lambda 调度周期纠正为正式 900k 步，并用 lambda_max=10/1/0 分离不确定性损失对重建的影响。,configs_exploration_v4/RMDSRN/Size163/schedule900k_lambda10/ionization__GT.yaml,ok,true,32.0629,33.5087,20,32.8715,0.8085999999999984,0.6372,false,,由 v4 日志按官方阈值重建（回落>1dB 或增益<0.1dB）,"5:32.0629,10:33.3619,15:32.7072,20:33.5087,25:33.1941,30:33.378,35:33.2915,40:33.0352,45:33.1573,50:32.8715",,batch log（v4 汇总 TSV 尚未生成）,batch_logs/exploration_v4/20260814_084447/logs/configs_exploration_v4__RMDSRN__Size163__schedule900k_lambda10__ionization__GT.attempt-1.log,0.01407044,0.005739554,0.6127169,0.01359664,0.004914816,通过：最终 PSNR=32.871 dB，首探针增益=+0.809 dB，较峰值回落=0.637 dB。
explorationv4,explorationv4 / RMDSRN / 调度修正与 lambda 消融,RMDSRN,reconstruction,Size163,schedule900k_lambda10,H_plus,把 LR 与 lambda 调度周期纠正为正式 900k 步，并用 lambda_max=10/1/0 分离不确定性损失对重建的影响。,configs_exploration_v4/RMDSRN/Size163/schedule900k_lambda10/ionization__H_plus.yaml,ok,true,29.0853,30.7624,20,30.5621,1.4768000000000008,0.2002999999999986,false,,由 v4 日志按官方阈值重建（回落>1dB 或增益<0.1dB）,"5:29.0853,10:30.0353,15:30.7568,20:30.7624,25:30.4435,30:30.5804,35:30.5115,40:30.367,45:30.4469,50:30.5621",,batch log（v4 汇总 TSV 尚未生成）,batch_logs/exploration_v4/20260814_084447/logs/configs_exploration_v4__RMDSRN__Size163__schedule900k_lambda10__ionization__H_plus.attempt-1.log,0.01593584,0.006949952,0.6608903,0.01359664,0.004914816,通过：最终 PSNR=30.562 dB，首探针增益=+1.477 dB，较峰值回落=0.200 dB。
explorationv4,explorationv4 / RMDSRN / 调度修正与 lambda 消融,RMDSRN,reconstruction,Size163,schedule900k_lambda10,PD,把 LR 与 lambda 调度周期纠正为正式 900k 步，并用 lambda_max=10/1/0 分离不确定性损失对重建的影响。,configs_exploration_v4/RMDSRN/Size163/schedule900k_lambda10/ionization__PD.yaml,ok,true,33.2633,34.166,15,33.2604,-0.0029000000000038995,0.9055999999999997,true,gain=-0.0029dB,由 v4 日志按官方阈值重建（回落>1dB 或增益<0.1dB）,"5:33.2633,10:33.9569,15:34.166,20:34.1366,25:34.0575,30:33.8835,35:33.6805,40:33.4278,45:33.2194,50:33.2604",,batch log（v4 汇总 TSV 尚未生成）,batch_logs/exploration_v4/20260814_084447/logs/configs_exploration_v4__RMDSRN__Size163__schedule900k_lambda10__ionization__PD.attempt-1.log,0.01338914,0.004010317,0.6897898,0.01359664,0.004914816,需关注：最终 PSNR=33.260 dB，首探针增益=-0.003 dB，较峰值回落=0.906 dB；gain=-0.0029dB。
explorationv4,explorationv4 / RMDSRN / 调度修正与 lambda 消融,RMDSRN,reconstruction,Size326,schedule900k_lambda10,GT,把 LR 与 lambda 调度周期纠正为正式 900k 步，并用 lambda_max=10/1/0 分离不确定性损失对重建的影响。,configs_exploration_v4/RMDSRN/Size326/schedule900k_lambda10/ionization__GT.yaml,ok,true,32.5133,34.148,20,33.5562,1.042899999999996,0.5918000000000063,false,,由 v4 日志按官方阈值重建（回落>1dB 或增益<0.1dB）,"5:32.5133,10:33.7589,15:33.5493,20:34.148,25:34.1298,30:33.9303,35:33.9161,40:33.6829,45:33.6508,50:33.5562",,batch log（v4 汇总 TSV 尚未生成）,batch_logs/exploration_v4/20260814_084447/logs/configs_exploration_v4__RMDSRN__Size326__schedule900k_lambda10__ionization__GT.attempt-1.log,0.01293773,0.004910907,0.5903533,0.01359664,0.004914816,通过：最终 PSNR=33.556 dB，首探针增益=+1.043 dB，较峰值回落=0.592 dB。
explorationv4,explorationv4 / RMDSRN / 调度修正与 lambda 消融,RMDSRN,reconstruction,Size326,schedule900k_lambda10,H_plus,把 LR 与 lambda 调度周期纠正为正式 900k 步，并用 lambda_max=10/1/0 分离不确定性损失对重建的影响。,configs_exploration_v4/RMDSRN/Size326/schedule900k_lambda10/ionization__H_plus.yaml,ok,true,29.5991,31.6473,20,31.1204,1.5213,0.5269000000000013,false,,由 v4 日志按官方阈值重建（回落>1dB 或增益<0.1dB）,"5:29.5991,10:31.0172,15:31.5497,20:31.6473,25:31.4192,30:31.5692,35:31.1636,40:31.1252,45:31.1851,50:31.1204",,batch log（v4 汇总 TSV 尚未生成）,batch_logs/exploration_v4/20260814_084447/logs/configs_exploration_v4__RMDSRN__Size326__schedule900k_lambda10__ionization__H_plus.attempt-1.log,0.01589762,0.00626009,0.7088169,0.01359664,0.004914816,通过：最终 PSNR=31.120 dB，首探针增益=+1.521 dB，较峰值回落=0.527 dB。
explorationv4,explorationv4 / RMDSRN / 调度修正与 lambda 消融,RMDSRN,reconstruction,Size326,schedule900k_lambda10,PD,把 LR 与 lambda 调度周期纠正为正式 900k 步，并用 lambda_max=10/1/0 分离不确定性损失对重建的影响。,configs_exploration_v4/RMDSRN/Size326/schedule900k_lambda10/ionization__PD.yaml,ok,true,34.0236,35.0297,15,33.6124,-0.4112000000000009,1.4172999999999973,true,"collapse=1.4173dB,gain=-0.4112dB",由 v4 日志按官方阈值重建（回落>1dB 或增益<0.1dB）,"5:34.0236,10:34.5791,15:35.0297,20:34.9852,25:34.8384,30:34.6124,35:34.3138,40:34.3531,45:33.7786,50:33.6124",,batch log（v4 汇总 TSV 尚未生成）,batch_logs/exploration_v4/20260814_084447/logs/configs_exploration_v4__RMDSRN__Size326__schedule900k_lambda10__ionization__PD.attempt-1.log,0.01209205,0.00365926,0.6202115,0.01359664,0.004914816,"需关注：最终 PSNR=33.612 dB，首探针增益=-0.411 dB，较峰值回落=1.417 dB；collapse=1.4173dB,gain=-0.4112dB。"
explorationv4,explorationv4 / RMDSRN / 调度修正与 lambda 消融,RMDSRN,reconstruction,Size652,schedule900k_lambda10,GT,把 LR 与 lambda 调度周期纠正为正式 900k 步，并用 lambda_max=10/1/0 分离不确定性损失对重建的影响。,configs_exploration_v4/RMDSRN/Size652/schedule900k_lambda10/ionization__GT.yaml,ok,true,34.1953,35.6753,20,34.3788,0.1834999999999951,1.2965000000000018,true,collapse=1.2965dB,由 v4 日志按官方阈值重建（回落>1dB 或增益<0.1dB）,"5:34.1953,10:35.2629,15:35.2603,20:35.6753,25:35.3496,30:35.2501,35:34.8349,40:34.7034,45:34.6678,50:34.3788",,batch log（v4 汇总 TSV 尚未生成）,batch_logs/exploration_v4/20260814_084447/logs/configs_exploration_v4__RMDSRN__Size652__schedule900k_lambda10__ionization__GT.attempt-1.log,0.01277051,0.004213168,0.6293722,0.01359664,0.004914816,需关注：最终 PSNR=34.379 dB，首探针增益=+0.183 dB，较峰值回落=1.297 dB；collapse=1.2965dB。
explorationv4,explorationv4 / RMDSRN / 调度修正与 lambda 消融,RMDSRN,reconstruction,Size652,schedule900k_lambda10,H_plus,把 LR 与 lambda 调度周期纠正为正式 900k 步，并用 lambda_max=10/1/0 分离不确定性损失对重建的影响。,configs_exploration_v4/RMDSRN/Size652/schedule900k_lambda10/ionization__H_plus.yaml,ok,true,32.6023,33.8609,15,33.3025,0.7002000000000024,0.5583999999999989,false,,由 v4 日志按官方阈值重建（回落>1dB 或增益<0.1dB）,"5:32.6023,10:33.6803,15:33.8609,20:33.8061,25:33.7011,30:33.6338,35:33.499,40:33.4306,45:33.2336,50:33.3025",,batch log（v4 汇总 TSV 尚未生成）,batch_logs/exploration_v4/20260814_084447/logs/configs_exploration_v4__RMDSRN__Size652__schedule900k_lambda10__ionization__H_plus.attempt-1.log,0.0131108,0.003900137,0.677422,0.01359664,0.004914816,通过：最终 PSNR=33.303 dB，首探针增益=+0.700 dB，较峰值回落=0.558 dB。
explorationv4,explorationv4 / RMDSRN / 调度修正与 lambda 消融,RMDSRN,reconstruction,Size652,schedule900k_lambda10,PD,把 LR 与 lambda 调度周期纠正为正式 900k 步，并用 lambda_max=10/1/0 分离不确定性损失对重建的影响。,configs_exploration_v4/RMDSRN/Size652/schedule900k_lambda10/ionization__PD.yaml,ok,true,36.6213,37.1077,10,35.1106,-1.5107,1.9971000000000032,true,"collapse=1.9971dB,gain=-1.5107dB",由 v4 日志按官方阈值重建（回落>1dB 或增益<0.1dB）,"5:36.6213,10:37.1077,15:36.874,20:36.6163,25:36.4294,30:36.1736,35:35.7156,40:35.5558,45:35.2801,50:35.1106",,batch log（v4 汇总 TSV 尚未生成）,batch_logs/exploration_v4/20260814_084447/logs/configs_exploration_v4__RMDSRN__Size652__schedule900k_lambda10__ionization__PD.attempt-1.log,0.01015325,0.002351186,0.5738229,0.01359664,0.004914816,"需关注：最终 PSNR=35.111 dB，首探针增益=-1.511 dB，较峰值回落=1.997 dB；collapse=1.9971dB,gain=-1.5107dB。"
